job_id,job_type,arrival_time_ns,scenario,algorithm,placement_status,selected_node,route,rtt_ns,network_time_ms,queue_wait_time_ms,compute_time_ms,start_time_ms,finish_time_ms,total_time_ms,deadline_ms,deadline_met,failed_isls
burst_job_001,image_inference,0,NORMAL_BURST,completion_time,PLACED,3,12-1-0-3,21230481.690810062,21.230481690810063,0.0,708.3333333333334,21.230481690810063,729.5638150241434,729.5638150241434,1500.0,True,
burst_job_002,object_detection,1720689655,NORMAL_BURST,completion_time,PLACED,3,12-1-0-3,21174583.377956938,21.17458337795694,0.0,1208.3333333333335,1741.8642383779568,2950.19757171129,1229.5079167112901,4000.0,True,
burst_job_003,llm_inference,3441379310,NORMAL_BURST,completion_time,PLACED,3,12-1-0-3,21118950.518657602,21.118950518657602,0.0,2750.0,3462.4982605186574,6212.498260518658,2771.118950518658,10000.0,True,
burst_job_004,image_inference,5162068966,NORMAL_BURST,completion_time,PLACED,0,12-1-0,15718652.60486971,15.71865260486971,0.0,1000.0,5177.78761860487,6177.78761860487,1015.7186526048699,3000.0,True,
burst_job_005,object_detection,6882758621,NORMAL_BURST,completion_time,PLACED,3,12-1-0-3,21008506.175668824,21.008506175668824,0.0,1333.3333333333335,6903.767127175669,8237.100460509002,1354.341839509002,3000.0,True,
burst_job_006,llm_inference,8603448276,NORMAL_BURST,completion_time,PLACED,3,12-1-0-3,20950504.14192895,20.95050414192895,0.0,2666.666666666667,8624.398780141928,11291.065446808596,2687.6171708085967,8000.0,True,
burst_job_007,image_inference,10324137931,NORMAL_BURST,completion_time,PLACED,0,12-1-0,15527487.070505159,15.52748707050516,0.0,900.0,10339.665418070505,11239.665418070505,915.5274870705052,2500.0,True,
burst_job_008,object_detection,12044827586,NORMAL_BURST,completion_time,PLACED,3,12-1-0-3,20841873.36804822,20.84187336804822,0.0,1250.0,12065.669459368048,13315.669459368048,1270.8418733680483,6000.0,True,
burst_job_009,llm_inference,13765517241,NORMAL_BURST,completion_time,PLACED,3,12-1-0-3,20788024.029635184,20.788024029635185,0.0,2791.666666666667,13786.305265029634,16577.971931696302,2812.4546906963024,6000.0,True,
burst_job_010,image_inference,15486206897,NORMAL_BURST,completion_time,PLACED,0,12-1-0,15342965.66738503,15.34296566738503,0.0,1050.0,15501.549862667385,16551.549862667387,1065.342965667387,2000.0,True,
burst_job_011,object_detection,17206896552,NORMAL_BURST,completion_time,PLACED,3,12-1-0-3,20678211.540781174,20.678211540781174,0.0,1166.6666666666667,17227.57476354078,18394.241430207447,1187.3448782074483,5000.0,True,
burst_job_012,llm_inference,18927586207,NORMAL_BURST,completion_time,PLACED,3,12-4-3,17014782.498536468,17.01478249853647,0.0,2708.3333333333335,18944.600989498536,21652.93432283187,2725.348115831868,12000.0,True,
burst_job_013,image_inference,20648275862,NORMAL_BURST,completion_time,PLACED,0,12-1-0,15158099.459580583,15.158099459580583,0.0,950.0,20663.433961459577,21613.433961459577,965.1580994595788,1500.0,True,
burst_job_014,object_detection,22368965517,NORMAL_BURST,completion_time,PLACED,3,12-4-3,16937701.788615257,16.937701788615257,0.0,1291.6666666666667,22385.903218788615,23677.569885455283,1308.6043684552824,4000.0,True,
burst_job_015,llm_inference,24089655172,NORMAL_BURST,completion_time,PLACED,3,12-4-3,16899980.69618387,16.89998069618387,0.0,2833.3333333333335,24106.555152696183,26939.888486029515,2850.233314029516,10000.0,True,
burst_job_016,image_inference,25810344828,NORMAL_BURST,completion_time,PLACED,0,12-1-0,14976847.033418188,14.976847033418188,0.0,850.0,25825.321675033418,26675.321675033418,864.9768470334166,3000.0,True,
burst_job_017,object_detection,27531034483,NORMAL_BURST,completion_time,PLACED,3,12-4-3,16824080.968678653,16.824080968678654,0.0,1208.3333333333335,27547.85856396868,28756.19189730201,1225.1574143020116,3000.0,True,
burst_job_018,llm_inference,29251724138,NORMAL_BURST,completion_time,PLACED,3,12-4-3,16788089.817263898,16.7880898172639,0.0,2750.0,29268.512227817264,32018.512227817264,2766.7880898172625,8000.0,True,
burst_job_019,image_inference,30972413793,NORMAL_BURST,completion_time,PLACED,0,12-1-0,14802898.261980584,14.802898261980584,0.0,1000.0,30987.21669126198,31987.21669126198,1014.8028982619799,2500.0,True,
burst_job_020,object_detection,32693103448,NORMAL_BURST,completion_time,PLACED,3,12-4-3,16717857.802676708,16.717857802676708,0.0,1333.3333333333335,32709.821305802678,34043.15463913601,1350.0511911360081,6000.0,True,
burst_job_021,llm_inference,34413793103,NORMAL_BURST,completion_time,PLACED,3,12-4-3,16681639.517664554,16.681639517664554,0.0,2666.666666666667,34430.47474251767,37097.14140918433,2683.348306184329,6000.0,True,
burst_job_022,image_inference,36134482759,NORMAL_BURST,completion_time,PLACED,0,12-1-0,14629780.327834079,14.629780327834078,0.0,900.0,36149.112539327834,37049.112539327834,914.6297803278358,2000.0,True,
burst_job_023,object_detection,37855172414,NORMAL_BURST,completion_time,PLACED,3,12-4-3,16615083.253955422,16.615083253955422,0.0,1250.0,37871.78749725396,39121.78749725396,1266.615083253957,5000.0,True,
burst_job_024,llm_inference,39575862069,NORMAL_BURST,completion_time,PLACED,3,12-4-3,16582732.452484025,16.582732452484024,0.0,2791.666666666667,39592.44480145249,42384.111468119154,2808.2493991191513,12000.0,True,
burst_job_025,image_inference,41296551724,NORMAL_BURST,completion_time,PLACED,0,12-1-0,14464524.95051924,14.46452495051924,0.0,1050.0,41311.01624895052,42361.01624895052,1064.4645249505193,1500.0,True,
burst_job_026,object_detection,43017241379,NORMAL_BURST,completion_time,PLACED,3,12-4-3,16518111.604304435,16.518111604304433,0.0,1166.6666666666667,43033.7594906043,44200.426157270966,1183.1847782709665,4000.0,True,
burst_job_027,llm_inference,44737931034,NORMAL_BURST,completion_time,PLACED,3,12-4-3,16487706.268293194,16.487706268293195,0.0,2708.3333333333335,44754.418740268295,47462.75207360163,2724.8210396016293,10000.0,True,
burst_job_028,image_inference,46458620690,NORMAL_BURST,completion_time,PLACED,0,12-1-0,14301056.664515888,14.301056664515889,0.0,950.0,46472.92174666452,47422.92174666452,964.3010566645171,3000.0,True,
burst_job_029,object_detection,48179310345,NORMAL_BURST,completion_time,PLACED,3,12-4-3,16428856.137140147,16.428856137140148,0.0,1291.6666666666667,48195.73920113714,49487.405867803805,1308.0955228038074,3000.0,True,
burst_job_030,llm_inference,49900000000,NORMAL_BURST,completion_time,PLACED,3,12-4-3,16398779.699642664,16.398779699642663,0.0,2833.3333333333335,49916.398779699644,52749.73211303298,2849.73211303298,8000.0,True,
burst_job_031,image_inference,50000000000,NORMAL_BURST,completion_time,PLACED,0,12-1-0,14191103.143887794,14.191103143887794,0.0,850.0,50014.19110314389,50864.19110314389,864.1911031438867,2500.0,True,
burst_job_032,object_detection,50279439252,NORMAL_BURST,completion_time,PLACED,7,12-9-10-11-7,35593486.412578054,35.59348641257805,0.0,1611.111111111111,50315.03273841258,51926.14384952369,1646.7045975236906,6000.0,True,
burst_job_033,llm_inference,50558878505,NORMAL_BURST,completion_time,PLACED,0,12-1-0,14176052.972211815,14.176052972211815,291.1365451716774,3300.0,50864.19110314389,54164.19110314389,3605.312598143886,6000.0,True,
burst_job_034,image_inference,50838317757,NORMAL_BURST,completion_time,PLACED,7,12-9-10-11-7,35608686.72869173,35.60868672869173,1052.217405794996,1111.111111111111,51926.14384952369,53037.2549606348,2198.9372036347995,2000.0,False,
burst_job_035,object_detection,51117757009,NORMAL_BURST,completion_time,PLACED,3,12-4-3,16379143.691091599,16.3791436910916,1615.5959603418887,1333.3333333333335,52749.73211303298,54083.065446366316,2965.308437366315,5000.0,True,
burst_job_036,llm_inference,51397196262,NORMAL_BURST,completion_time,PLACED,7,12-9-10-11-7,35621399.435220934,35.62139943522094,1604.437299199577,3555.5555555555557,53037.2549606348,56592.81051619035,5195.614254190354,12000.0,True,
burst_job_037,image_inference,51676635514,NORMAL_BURST,completion_time,PLACED,3,12-4-3,16371062.33161277,16.37106233161277,2390.0588700347,750.0,54083.065446366316,54833.065446366316,3156.4299323663145,1500.0,False,
burst_job_038,object_detection,51956074766,NORMAL_BURST,completion_time,PLACED,0,12-1-0,14134200.510611353,14.134200510611354,2193.9821366332762,1500.0,54164.19110314389,55664.19110314389,3708.116337143889,4000.0,True,
burst_job_039,llm_inference,52235514019,NORMAL_BURST,completion_time,PLACED,3,12-4-3,16361444.889750162,16.361444889750164,2581.189982476564,2791.666666666667,54833.065446366316,57624.73211303298,5389.218094032978,10000.0,True,
burst_job_040,image_inference,52514953271,NORMAL_BURST,completion_time,PLACED,0,12-1-0,14116397.079391222,14.116397079391222,3135.121435064495,1050.0,55664.19110314389,56714.19110314389,4199.237832143888,3000.0,False,
burst_job_041,object_detection,52794392523,NORMAL_BURST,completion_time,PLACED,0,12-1-0,14110477.40779062,14.11047740779062,3905.688102736094,1400.0,56714.19110314389,58114.19110314389,5319.7985801438845,3000.0,False,
burst_job_042,llm_inference,53073831776,NORMAL_BURST,completion_time,PLACED,7,12-9-10-11-7,35664940.973967426,35.664940973967425,3483.313799216383,3611.111111111111,56592.81051619035,60203.92162730146,7130.089851301462,8000.0,True,
burst_job_043,image_inference,53353271028,NORMAL_BURST,completion_time,PLACED,3,12-4-3,16344031.391285313,16.344031391285313,4255.11705364169,791.6666666666667,57624.73211303298,58416.398779699644,5063.1277516996415,2500.0,False,
burst_job_044,object_detection,53632710280,NORMAL_BURST,completion_time,PLACED,0,12-1-0,14083967.89925122,14.08396789925122,4467.396855244639,1550.0,58114.19110314389,59664.19110314389,6031.480823143887,6000.0,False,
burst_job_045,llm_inference,53912149533,NORMAL_BURST,completion_time,PLACED,3,12-4-3,16334652.3814189,16.334652381418902,4487.914594318223,2833.3333333333335,58416.398779699644,61249.73211303298,7337.582580032977,6000.0,False,
burst_job_046,image_inference,54191588785,NORMAL_BURST,completion_time,PLACED,0,12-1-0,14069319.32181816,14.06931932181816,5458.532998822069,850.0,59664.19110314389,60514.19110314389,6322.602318143887,2000.0,False,
burst_job_047,object_detection,54471028037,NORMAL_BURST,completion_time,PLACED,7,12-9-10-11-7,35701163.69972008,35.70116369972008,5697.192426601745,1611.111111111111,60203.92162730146,61815.03273841257,7344.004701412574,5000.0,False,
burst_job_048,llm_inference,54750467290,NORMAL_BURST,completion_time,PLACED,0,12-1-0,14051815.854372846,14.051815854372846,5749.671997289515,3300.0,60514.19110314389,63814.19110314389,9063.723813143886,12000.0,True,
burst_job_049,image_inference,55029906542,NORMAL_BURST,completion_time,PLACED,3,12-4-3,16317687.536518447,16.31768753651845,6203.507883496466,833.3333333333334,61249.73211303298,62083.065446366316,7053.158904366319,1500.0,False,
burst_job_050,object_detection,55309345794,NORMAL_BURST,completion_time,PLACED,3,12-4-3,16313112.403031792,16.31311240303179,6757.406539963282,1333.3333333333335,62083.065446366316,63416.39877969965,8107.052985699651,4000.0,False,
burst_job_051,llm_inference,55588785047,NORMAL_BURST,completion_time,PLACED,7,12-9-10-11-7,35729855.29645172,35.72985529645172,6190.517836116123,3555.5555555555557,61815.03273841257,65370.588293968125,9781.803246968127,10000.0,True,
burst_job_052,image_inference,55868224299,NORMAL_BURST,completion_time,PLACED,3,12-4-3,16305533.093795959,16.305533093795958,7531.868947605857,750.0,63416.39877969965,64166.39877969965,8298.17448069965,3000.0,False,
burst_job_053,object_detection,56147663551,NORMAL_BURST,completion_time,PLACED,0,12-1-0,14011310.043603742,14.011310043603743,7652.516242100282,1500.0,63814.19110314389,65314.19110314389,9166.527552143889,3000.0,False,
burst_job_054,llm_inference,56427102804,NORMAL_BURST,completion_time,PLACED,3,12-4-3,16296512.0943394,16.296512094339402,7722.999463605309,2791.666666666667,64166.39877969965,66958.06544636632,10530.962642366321,8000.0,False,
burst_job_055,image_inference,56706542056,NORMAL_BURST,completion_time,PLACED,0,12-1-0,13994096.684456555,13.994096684456554,8593.65495045943,1050.0,65314.19110314389,66364.19110314388,9657.649047143881,2500.0,False,
burst_job_056,object_detection,56985981308,NORMAL_BURST,completion_time,PLACED,7,12-9-10-11-7,35766653.33225567,35.76665333225567,8348.840332635868,1555.5555555555554,65370.588293968125,66926.14384952368,9940.162541523678,6000.0,False,
burst_job_057,llm_inference,57265420561,NORMAL_BURST,completion_time,PLACED,0,12-1-0,13979814.055504523,13.979814055504523,9084.790728088374,3250.0,66364.19110314388,69614.19110314388,12348.77054214388,6000.0,False,
burst_job_058,image_inference,57544859813,NORMAL_BURST,completion_time,PLACED,3,12-4-3,16280212.708183398,16.2802127081834,9396.925420658139,791.6666666666667,66958.06544636632,67749.732113033,10204.872300032992,2000.0,False,
burst_job_059,object_detection,57824299065,NORMAL_BURST,completion_time,PLACED,7,12-9-10-11-7,35790469.97067636,35.79046997067636,9066.054314553003,1722.2222222222222,66926.14384952368,68648.3660717459,10824.0670067459,5000.0,False,
burst_job_060,llm_inference,58103738318,NORMAL_BURST,completion_time,PLACED,3,12-4-3,16271444.576146366,16.271444576146365,9629.722350456846,2833.3333333333335,67749.732113033,70583.06544636632,12479.32712836632,12000.0,False,
burst_job_061,image_inference,58383177570,NORMAL_BURST,completion_time,PLACED,7,12-9-10-11-7,35803765.22841785,35.80376522841785,10229.38473651748,944.4444444444445,68648.3660717459,69592.81051619034,11209.632946190337,1500.0,False,
burst_job_062,object_detection,58662616822,NORMAL_BURST,completion_time,PLACED,0,12-1-0,13940156.149972178,13.940156149972179,10937.634124993907,1450.0,69614.19110314388,71064.19110314388,12401.574281143876,4000.0,False,
burst_job_063,llm_inference,58942056075,NORMAL_BURST,completion_time,PLACED,7,12-9-10-11-7,35819760.9707607,35.819760970760704,10614.934680219572,3666.6666666666665,69592.81051619034,73259.47718285701,14317.421107857008,10000.0,False,
burst_job_064,image_inference,59221495327,NORMAL_BURST,completion_time,PLACED,3,12-4-3,16255602.105374768,16.25560210537477,11345.314517260951,833.3333333333334,70583.06544636632,71416.39877969965,12194.903452699655,3000.0,False,
burst_job_065,object_detection,59500934579,NORMAL_BURST,completion_time,PLACED,0,12-1-0,13914919.654797979,13.914919654797979,11549.341604489084,1600.0,71064.19110314388,72664.19110314388,13163.256524143879,3000.0,False,
burst_job_066,llm_inference,59780373832,NORMAL_BURST,completion_time,PLACED,3,12-4-3,16248498.441125443,16.24849844112544,11619.776449258527,2666.666666666667,71416.39877969965,74083.06544636632,14302.691614366326,8000.0,False,
burst_job_067,image_inference,60059813084,NORMAL_BURST,completion_time,PLACED,0,12-1-0,13900987.738964057,13.900987738964057,12590.477031404916,900.0,72664.19110314388,73564.19110314388,13504.378019143878,2500.0,False,
burst_job_068,object_detection,60339252336,NORMAL_BURST,completion_time,PLACED,7,12-9-10-11-7,35857310.79093336,35.85731079093336,12884.367536066078,1666.6666666666665,73259.47718285701,74926.14384952368,14586.891513523682,6000.0,False,
burst_job_069,llm_inference,60618691589,NORMAL_BURST,completion_time,PLACED,3,12-4-3,16235872.37076249,16.23587237076249,13448.137984995556,2791.666666666667,74083.06544636632,76874.732113033,16256.040524032993,6000.0,False,
burst_job_070,image_inference,60898130841,NORMAL_BURST,completion_time,PLACED,0,12-1-0,13878827.988404293,13.878827988404293,12652.181434155478,1050.0,73564.19110314388,74614.19110314388,13716.060262143881,2000.0,False,
burst_job_071,object_detection,61177570093,NORMAL_BURST,completion_time,PLACED,0,12-1-0,13870560.523118686,13.870560523118685,13422.750449620762,1400.0,74614.19110314388,76014.19110314388,14836.621010143877,5000.0,False,
burst_job_072,llm_inference,61457009346,NORMAL_BURST,completion_time,PLACED,7,12-9-10-11-7,35887029.157119505,35.88702915711951,13433.247474366559,3611.111111111111,74926.14384952368,78537.25496063479,17080.24561463479,12000.0,False,
burst_job_073,image_inference,61736448598,NORMAL_BURST,completion_time,PLACED,0,12-1-0,13854100.828876616,13.854100828876616,14263.888404315003,950.0,76014.19110314388,76964.19110314388,15227.742505143877,1500.0,False,
burst_job_074,object_detection,62015887850,NORMAL_BURST,completion_time,PLACED,3,12-4-3,16216631.263101308,16.21663126310131,14842.627631769894,1291.6666666666667,76874.732113033,78166.39877969967,16150.510929699667,4000.0,False,
burst_job_075,llm_inference,62295327103,NORMAL_BURST,completion_time,PLACED,0,12-1-0,13840450.914332682,13.840450914332683,14655.023549229547,3400.0,76964.19110314388,80364.19110314388,18068.864000143876,10000.0,False,
burst_job_076,image_inference,62574766355,NORMAL_BURST,completion_time,PLACED,3,12-4-3,16209877.117005728,16.20987711700573,15575.42254758266,708.3333333333334,78166.39877969967,78874.732113033,16299.965758032995,3000.0,False,
burst_job_077,object_detection,62854205607,NORMAL_BURST,completion_time,PLACED,3,12-4-3,16205853.406930134,16.205853406930135,16004.320652626062,1208.3333333333335,78874.732113033,80083.06544636632,17228.85983936632,3000.0,False,
burst_job_078,llm_inference,63133644860,NORMAL_BURST,completion_time,PLACED,7,12-9-10-11-7,35933313.75111746,35.93331375111746,15367.676786883669,3666.6666666666665,78537.25496063479,82203.92162730146,19070.27676730146,8000.0,False,
burst_job_079,image_inference,63413084112,NORMAL_BURST,completion_time,PLACED,3,12-4-3,16197876.054065596,16.197876054065595,16653.78345831226,833.3333333333334,80083.06544636632,80916.39877969965,17503.314667699655,2500.0,False,
burst_job_080,object_detection,63692523364,NORMAL_BURST,completion_time,PLACED,0,12-1-0,13802589.003337454,13.802589003337454,16657.86515014054,1600.0,80364.19110314388,81964.19110314388,18271.66773914388,6000.0,False,
burst_job_081,llm_inference,63971962617,NORMAL_BURST,completion_time,PLACED,3,12-4-3,16191303.954664733,16.191303954664733,16928.24485874499,2666.666666666667,80916.39877969965,83583.06544636632,19611.102829366326,6000.0,False,
burst_job_082,image_inference,64251401869,NORMAL_BURST,completion_time,PLACED,0,12-1-0,13786527.03933577,13.78652703933577,17699.00270710454,900.0,81964.19110314388,82864.19110314388,18612.78923414388,2000.0,False,
burst_job_083,object_detection,64530841121,NORMAL_BURST,completion_time,PLACED,7,12-9-10-11-7,35971757.28065146,35.97175728065146,17637.10874902081,1666.6666666666665,82203.92162730146,83870.58829396813,19339.747172968135,5000.0,False,
burst_job_084,llm_inference,64810280374,NORMAL_BURST,completion_time,PLACED,0,12-1-0,13770559.083773071,13.77055908377307,18040.140170060105,3350.0,82864.19110314388,86214.19110314388,21403.910729143878,12000.0,False,
burst_job_085,image_inference,65089719626,NORMAL_BURST,completion_time,PLACED,3,12-4-3,16177054.089641087,16.177054089641086,18477.168766276685,875.0,83583.06544636632,84458.06544636632,19368.345820366325,1500.0,False,
burst_job_086,object_detection,65369158879,NORMAL_BURST,completion_time,PLACED,7,12-9-10-11-7,35993857.06938261,35.99385706938261,18465.435557898745,1555.5555555555554,83870.58829396813,85426.1438495237,20056.984970523692,4000.0,False,
burst_job_087,llm_inference,65648598131,NORMAL_BURST,completion_time,PLACED,3,12-4-3,16169414.127513397,16.1694141275134,18793.29790123881,2708.3333333333335,84458.06544636632,87166.39877969965,21517.800648699646,10000.0,False,
burst_job_088,image_inference,65928037383,NORMAL_BURST,completion_time,PLACED,7,12-9-10-11-7,36010489.21153925,36.01048921153925,19462.095977312158,1055.5555555555554,85426.1438495237,86481.69940507926,20553.662022079254,3000.0,False,
burst_job_089,object_detection,66207476636,NORMAL_BURST,completion_time,PLACED,0,12-1-0,13733699.386876563,13.733699386876562,19992.98076775699,1550.0,86214.19110314388,87764.19110314388,21556.714467143873,3000.0,False,
burst_job_090,llm_inference,66486915888,NORMAL_BURST,completion_time,PLACED,3,12-4-3,16159370.71107873,16.15937071107873,20663.323520988575,2833.3333333333335,87166.39877969965,89999.73211303298,23512.816225032977,8000.0,False,
burst_job_091,image_inference,66766355140,NORMAL_BURST,completion_time,PLACED,7,12-9-10-11-7,36032745.65151282,36.03274565151282,19679.31151942775,944.4444444444445,86481.69940507926,87426.1438495237,20659.788709523695,2500.0,False,
burst_job_092,object_detection,67045794393,NORMAL_BURST,completion_time,PLACED,7,12-9-10-11-7,36041119.098355494,36.041119098355495,20344.308337425333,1611.111111111111,87426.1438495237,89037.2549606348,21991.4605676348,6000.0,False,
burst_job_093,llm_inference,67325233645,NORMAL_BURST,completion_time,PLACED,0,12-1-0,13705114.812026812,13.705114812026812,20425.252343331857,3300.0,87764.19110314388,91064.19110314388,23738.95745814388,6000.0,False,
burst_job_094,image_inference,67604672897,NORMAL_BURST,completion_time,PLACED,7,12-9-10-11-7,36057903.74344842,36.05790374344842,21396.524159891356,1111.111111111111,89037.2549606348,90148.36607174591,22543.693174745917,2000.0,False,
burst_job_095,object_detection,67884112150,NORMAL_BURST,completion_time,PLACED,3,12-4-3,16142186.926496787,16.142186926496787,22099.477776106476,1333.3333333333335,89999.73211303298,91333.06544636631,23448.953296366308,5000.0,False,
burst_job_096,llm_inference,68163551402,NORMAL_BURST,completion_time,PLACED,7,12-9-10-11-7,36071922.77721559,36.07192277721559,21948.742746968695,3555.5555555555557,90148.36607174591,93703.92162730148,25540.370225301478,12000.0,False,
burst_job_097,image_inference,68442990654,NORMAL_BURST,completion_time,PLACED,0,12-1-0,13676881.887523249,13.67688188752325,22607.523567256358,900.0,91064.19110314388,91964.19110314388,23521.200449143886,1500.0,False,
burst_job_098,object_detection,68722429907,NORMAL_BURST,completion_time,PLACED,3,12-4-3,16131411.455668932,16.131411455668932,22594.504127910637,1250.0,91333.06544636631,92583.06544636631,23860.63553936631,4000.0,False,
burst_job_099,llm_inference,69001869159,NORMAL_BURST,completion_time,PLACED,0,12-1-0,13661631.110820362,13.661631110820363,22948.660313033062,3350.0,91964.19110314388,95314.19110314388,26312.321944143885,10000.0,False,
burst_job_100,image_inference,69281308411,NORMAL_BURST,completion_time,PLACED,3,12-4-3,16125514.158166043,16.125514158166045,23285.63152120814,875.0,92583.06544636631,93458.06544636631,24176.757035366303,3000.0,False,
burst_job_101,object_detection,69560747664,NORMAL_BURST,completion_time,PLACED,3,12-4-3,16122006.740295287,16.122006740295287,23881.195775626024,1166.6666666666667,93458.06544636631,94624.73211303298,25063.984449032985,3000.0,False,
burst_job_102,llm_inference,69840186916,NORMAL_BURST,completion_time,PLACED,7,12-9-10-11-7,36119870.56092027,36.11987056092027,23827.614840740556,3611.111111111111,93703.92162730148,97315.03273841258,27474.84582241258,8000.0,False,
burst_job_103,image_inference,70119626168,NORMAL_BURST,completion_time,PLACED,3,12-4-3,16115063.901405314,16.115063901405314,24488.99088113157,791.6666666666667,94624.73211303298,95416.39877969965,25296.77261169965,2500.0,False,
burst_job_104,object_detection,70399065421,NORMAL_BURST,completion_time,PLACED,3,12-4-3,16112770.030391775,16.112770030391776,25001.220588669254,1291.6666666666667,95416.39877969965,96708.06544636632,26309.000025366317,6000.0,False,
burst_job_105,llm_inference,70678504673,NORMAL_BURST,completion_time,PLACED,0,12-1-0,13621481.146714676,13.621481146714677,24622.064948997155,3400.0,95314.19110314388,98714.19110314388,28035.686430143876,6000.0,False,
burst_job_106,image_inference,70957943925,NORMAL_BURST,completion_time,PLACED,3,12-4-3,16105949.585982397,16.105949585982398,25734.015571780343,708.3333333333334,96708.06544636632,97416.39877969965,26458.454854699652,2000.0,False,
burst_job_107,object_detection,71237383178,NORMAL_BURST,completion_time,PLACED,3,12-4-3,16102577.826209024,16.102577826209025,26162.913023873436,1208.3333333333335,97416.39877969965,98624.73211303298,27387.348935032976,5000.0,False,
burst_job_108,llm_inference,71516822430,NORMAL_BURST,completion_time,PLACED,7,12-9-10-11-7,36168219.087051146,36.16821908705115,25762.042089325536,3666.6666666666665,97315.03273841258,100981.69940507926,29464.876975079256,12000.0,False,
burst_job_109,image_inference,71796261682,NORMAL_BURST,completion_time,PLACED,3,12-4-3,16097004.481963953,16.097004481963953,26812.373426551014,833.3333333333334,98624.73211303298,99458.06544636631,27661.803764366312,1500.0,False,
burst_job_110,object_detection,72075700935,NORMAL_BURST,completion_time,PLACED,0,12-1-0,13586979.13805526,13.58697913805526,26624.903189005825,1600.0,98714.19110314388,100314.19110314388,28238.49016814388,4000.0,False,
burst_job_111,llm_inference,72355140187,NORMAL_BURST,completion_time,PLACED,3,12-4-3,16090407.974411154,16.090407974411153,27086.834851391905,2666.666666666667,99458.06544636631,102124.73211303298,29769.591926032983,10000.0,False,
burst_job_112,image_inference,72634579439,NORMAL_BURST,completion_time,PLACED,0,12-1-0,13572375.200919483,13.572375200919483,27666.039288942964,900.0,100314.19110314388,101214.19110314388,28579.611664143886,3000.0,False,
burst_job_113,object_detection,72914018692,NORMAL_BURST,completion_time,PLACED,7,12-9-10-11-7,36208322.58426899,36.208322584268984,28031.472390494993,1666.6666666666665,100981.69940507926,102648.36607174593,29734.34737974593,3000.0,False,
burst_job_114,llm_inference,73193457944,NORMAL_BURST,completion_time,PLACED,0,12-1-0,13560292.781857343,13.560292781857344,28007.17286636203,3350.0,101214.19110314388,104564.19110314388,31370.733159143885,8000.0,False,
burst_job_115,image_inference,73472897196,NORMAL_BURST,completion_time,PLACED,3,12-4-3,16078559.380465278,16.07855938046528,28635.756357652514,875.0,102124.73211303298,102999.73211303298,29526.834917032975,2500.0,False,
burst_job_116,object_detection,73752336449,NORMAL_BURST,completion_time,PLACED,3,12-4-3,16075384.198073039,16.07538419807304,29231.32027983491,1166.6666666666667,102999.73211303298,104166.39877969965,30414.062330699657,6000.0,False,
burst_job_117,llm_inference,74031775701,NORMAL_BURST,completion_time,PLACED,7,12-9-10-11-7,36240020.77007329,36.240020770073286,28580.35034997585,3611.111111111111,102648.36607174593,106259.47718285704,32227.70148185703,6000.0,False,
burst_job_118,image_inference,74311214953,NORMAL_BURST,completion_time,PLACED,3,12-4-3,16069105.52587174,16.06910552587174,29839.114721173784,791.6666666666667,104166.39877969965,104958.06544636632,30646.85049336632,2000.0,False,
burst_job_119,object_detection,74590654206,NORMAL_BURST,completion_time,PLACED,0,12-1-0,13526879.943870569,13.526879943870568,29960.01001720001,1550.0,104564.19110314388,106114.19110314388,31523.536897143873,5000.0,False,
burst_job_120,llm_inference,74870093458,NORMAL_BURST,completion_time,PLACED,3,12-4-3,16063946.295911657,16.063946295911656,30071.908042070412,2833.3333333333335,104958.06544636632,107791.39877969965,32921.30532169965,12000.0,False,
burst_job_121,image_inference,75149532710,NORMAL_BURST,completion_time,PLACED,0,12-1-0,13512746.391644614,13.512746391644614,30951.145646752237,850.0,106114.19110314388,106964.19110314388,31814.65839314388,1500.0,False,
burst_job_122,object_detection,75428971963,NORMAL_BURST,completion_time,PLACED,7,12-8-9-10-11-7,43362417.93281326,43.36241793281326,30787.142801924216,1611.111111111111,106259.47718285704,107870.58829396815,32441.616330968143,4000.0,False,
burst_job_123,llm_inference,75708411215,NORMAL_BURST,completion_time,PLACED,0,12-1-0,13498733.161018362,13.498733161018363,31242.281154982862,3300.0,106964.19110314388,110264.19110314388,34555.77988814388,10000.0,False,
burst_job_124,image_inference,75987850467,NORMAL_BURST,completion_time,PLACED,3,12-4-3,16052831.59882095,16.05283159882095,31787.495481100836,833.3333333333334,107791.39877969965,108624.73211303298,32636.881646032984,3000.0,False,
burst_job_125,object_detection,76267289720,NORMAL_BURST,completion_time,PLACED,7,12-8-9-10-11-7,43347808.289727926,43.34780828972793,31559.95076567841,1777.7777777777778,107870.58829396815,109648.36607174593,33381.07635174593,3000.0,False,
burst_job_126,llm_inference,76546728972,NORMAL_BURST,completion_time,PLACED,3,12-4-3,16046900.587062044,16.046900587062044,32061.956240445914,2666.666666666667,108624.73211303298,111291.39877969965,34744.669807699654,8000.0,False,
burst_job_127,image_inference,76826168224,NORMAL_BURST,completion_time,PLACED,7,12-8-9-10-11-7,43336964.90144239,43.33696490144239,32778.860882844485,1000.0,109648.36607174593,110648.36607174593,33822.197847745934,2500.0,False,
burst_job_128,object_detection,77105607477,NORMAL_BURST,completion_time,PLACED,0,12-1-0,13466488.150034575,13.466488150034575,33145.117137993846,1500.0,110264.19110314388,111764.19110314388,34658.58362614388,6000.0,False,
burst_job_129,llm_inference,77385046729,NORMAL_BURST,completion_time,PLACED,3,12-4-3,16039148.836659677,16.039148836659677,33890.312901863,2791.666666666667,111291.39877969965,114083.06544636632,36698.01871736633,6000.0,False,
burst_job_130,image_inference,77664485981,NORMAL_BURST,completion_time,PLACED,7,12-8-9-10-11-7,43322654.495545,43.322654495545,32940.55743625038,1166.6666666666667,110648.36607174593,111815.0327384126,34150.546757412594,2000.0,False,
burst_job_131,object_detection,77943925234,NORMAL_BURST,completion_time,PLACED,0,12-1-0,13448353.571678596,13.448353571678595,33806.81751557221,1400.0,111764.19110314388,113164.19110314388,35220.265869143885,5000.0,False,
burst_job_132,llm_inference,78223364486,NORMAL_BURST,completion_time,PLACED,7,12-8-9-10-11-7,43312041.56865333,43.31204156865333,33548.35621084394,3611.111111111111,111815.0327384126,115426.14384952371,37202.7793635237,12000.0,False,
burst_job_133,image_inference,78502803738,NORMAL_BURST,completion_time,PLACED,0,12-1-0,13434894.478485717,13.434894478485717,34647.95247066539,950.0,113164.19110314388,114114.19110314388,35611.38736514388,1500.0,False,
burst_job_134,object_detection,78782242991,NORMAL_BURST,completion_time,PLACED,3,12-4-3,16026000.271797605,16.026000271797606,35284.79645509452,1291.6666666666667,114083.06544636632,115374.732113033,36592.48912203299,4000.0,False,
burst_job_135,llm_inference,79061682243,NORMAL_BURST,completion_time,PLACED,0,12-1-0,13423765.136570409,13.42376513657041,35039.08509500731,3400.0,114114.19110314388,117514.19110314388,38452.50886014388,10000.0,False,
burst_job_136,image_inference,79341121495,NORMAL_BURST,completion_time,PLACED,3,12-4-3,16020525.03109216,16.02052503109216,36017.5900930019,708.3333333333334,115374.732113033,116083.06544636632,36741.943951366324,3000.0,False,
burst_job_137,object_detection,79620560748,NORMAL_BURST,completion_time,PLACED,7,12-8-9-10-11-7,43287650.31464185,43.28765031464185,35762.295451209066,1611.111111111111,115426.14384952371,117037.25496063482,37416.694212634815,3000.0,False,
burst_job_138,llm_inference,79900000000,NORMAL_BURST,completion_time,PLACED,3,12-4-3,16015150.359218214,16.015150359218215,36167.0502960071,2750.0,116083.06544636632,118833.06544636632,38933.06544636632,8000.0,False,
burst_job_139,image_inference,80000000000,NORMAL_BURST,completion_time,PLACED,7,12-8-9-10-11-7,43280785.594760776,43.28078559476077,36993.97417504006,1111.111111111111,117037.25496063482,118148.36607174593,38148.36607174593,2500.0,False,
burst_job_140,object_detection,81734782609,NORMAL_BURST,completion_time,PLACED,0,12-1-0,13365177.644475847,13.365177644475848,35766.0433164994,1600.0,117514.19110314388,119114.19110314388,37379.40849414388,6000.0,False,
burst_job_141,llm_inference,83469565217,NORMAL_BURST,completion_time,PLACED,3,12-4-3,15985755.073063359,15.985755073063359,35347.51447429326,2666.666666666667,118833.06544636632,121499.732113033,38030.166896033,6000.0,False,
burst_job_142,image_inference,85204347826,NORMAL_BURST,completion_time,PLACED,7,12-8-9-10-11-7,43195540.93814681,43.195540938146806,32900.82270480778,1000.0,118148.36607174593,119148.36607174593,33944.01824574593,2000.0,False,
burst_job_143,object_detection,86939130435,NORMAL_BURST,completion_time,PLACED,0,12-1-0,13259677.350856557,13.259677350856558,32161.800990793025,1500.0,119114.19110314388,120614.19110314388,33675.06066814388,5000.0,False,
burst_job_144,llm_inference,88673913043,NORMAL_BURST,completion_time,PLACED,7,12-8-9-10-11-7,43143960.19382969,43.14396019382969,30431.309068552102,3722.222222222222,119148.36607174593,122870.58829396815,34196.675250968154,12000.0,False,
burst_job_145,image_inference,90408695652,NORMAL_BURST,completion_time,PLACED,0,12-1-0,13194377.01116555,13.19437701116555,30192.301074132716,1050.0,120614.19110314388,121664.19110314388,31255.495451143885,1500.0,False,
burst_job_146,object_detection,92143478261,NORMAL_BURST,completion_time,PLACED,3,12-4-3,15927391.603669723,15.927391603669724,29340.32646042932,1166.6666666666667,121499.732113033,122666.39877969967,30522.92051869967,4000.0,False,
burst_job_147,llm_inference,93878260870,NORMAL_BURST,completion_time,PLACED,0,12-1-0,13135566.543147646,13.135566543147647,27772.794666600734,3250.0,121664.19110314388,124914.19110314388,31035.93023314388,10000.0,False,
burst_job_148,image_inference,95613043478,NORMAL_BURST,completion_time,PLACED,3,12-4-3,15909912.371271405,15.909912371271405,27037.445389328394,791.6666666666667,122666.39877969967,123458.06544636634,27845.02196836633,3000.0,False,
burst_job_149,object_detection,97347826087,NORMAL_BURST,completion_time,PLACED,7,12-8-9-10-11-7,43027417.402091116,43.02741740209112,25479.734789566064,1722.2222222222222,122870.58829396815,124592.81051619037,27244.984429190372,3000.0,False,
burst_job_150,llm_inference,99082608696,NORMAL_BURST,completion_time,PLACED,3,12-4-3,15896269.433772737,15.896269433772737,24359.560480932574,2833.3333333333335,123458.06544636634,126291.39877969967,27208.79008369967,8000.0,False,
burst_job_151,image_inference,100817391304,NORMAL_BURST,completion_time,PLACED,7,12-8-9-10-11-7,42986967.87630306,42.98696787630306,23732.432244314055,944.4444444444445,124592.81051619037,125537.2549606348,24719.8636566348,2500.0,False,
burst_job_152,object_detection,102552173913,NORMAL_BURST,completion_time,PLACED,0,12-1-0,13007070.544360632,13.007070544360632,22349.01011959951,1450.0,124914.19110314388,126364.19110314388,23812.017190143873,6000.0,False,
burst_job_153,llm_inference,104286956522,NORMAL_BURST,completion_time,PLACED,3,12-4-3,15881806.911851821,15.881806911851822,21988.560450787816,2750.0,126291.39877969967,129041.39877969967,24754.442257699673,6000.0,False,
burst_job_154,image_inference,106021739130,NORMAL_BURST,completion_time,PLACED,7,12-8-9-10-11-7,42933866.22774192,42.933866227741916,19472.581964407058,1111.111111111111,125537.2549606348,126648.36607174591,20626.62694174591,2000.0,False,
burst_job_155,object_detection,107756521739,NORMAL_BURST,completion_time,PLACED,0,12-1-0,12946252.78231783,12.94625278231783,18594.723111361556,1600.0,126364.19110314388,127964.19110314388,20207.669364143876,5000.0,False,
burst_job_156,llm_inference,109491304348,NORMAL_BURST,completion_time,PLACED,7,12-8-9-10-11-7,42903729.04545124,42.903729045451236,17114.15799470045,3555.5555555555557,126648.36607174591,130203.92162730148,20712.61727930147,12000.0,False,
burst_job_157,image_inference,111226086957,NORMAL_BURST,completion_time,PLACED,0,12-1-0,12912389.028011775,12.912389028011775,16725.191757115856,900.0,127964.19110314388,128864.19110314388,17638.104146143873,1500.0,False,
burst_job_158,object_detection,112960869565,NORMAL_BURST,completion_time,PLACED,3,12-4-3,15875022.783189453,15.875022783189452,16064.654191916474,1250.0,129041.39877969967,130291.39877969967,17330.529214699665,4000.0,False,
burst_job_159,llm_inference,114695652174,NORMAL_BURST,completion_time,PLACED,0,12-1-0,12885095.543609405,12.885095543609404,14155.65383360027,3350.0,128864.19110314388,132214.19110314388,17518.538929143877,10000.0,False,
burst_job_160,image_inference,116430434783,NORMAL_BURST,completion_time,PLACED,3,12-4-3,15878457.476561982,15.878457476561982,13845.085539223102,875.0,130291.39877969967,131166.39877969967,14735.963996699662,3000.0,False,
burst_job_161,object_detection,118165217391,NORMAL_BURST,completion_time,PLACED,7,12-8-9-10-11-7,42843400.093802944,42.84340009380294,11995.860836207677,1555.5555555555554,130203.92162730148,131759.47718285702,13594.259791857025,3000.0,False,
burst_job_162,llm_inference,119900000000,NORMAL_BURST,completion_time,PLACED,3,12-4-3,15885425.199196026,15.885425199196026,11250.513354500465,2708.3333333333335,131166.39877969967,133874.732113033,13974.73211303301,8000.0,False,
burst_job_163,image_inference,120000000000,NORMAL_BURST,completion_time,PLACED,7,12-8-9-10-11-7,42833467.6210801,42.8334676210801,11716.643715235943,1055.5555555555554,131759.47718285702,132815.03273841258,12815.032738412585,2500.0,False,
burst_job_164,object_detection,120279439252,NORMAL_BURST,completion_time,PLACED,0,12-1-0,12852456.548556626,12.852456548556626,11921.899394595326,1550.0,132214.19110314388,133764.19110314388,13484.751851143883,6000.0,False,
burst_job_165,llm_inference,120558878505,NORMAL_BURST,completion_time,PLACED,7,12-8-9-10-11-7,42831050.92112125,42.831050921121246,12213.32318249147,3777.777777777778,132815.03273841258,136592.81051619037,16033.932011190365,6000.0,False,
burst_job_166,image_inference,120838317757,NORMAL_BURST,completion_time,PLACED,3,12-4-3,15887785.628006939,15.887785628006938,13020.52657040501,708.3333333333334,133874.732113033,134583.06544636635,13744.747689366355,2000.0,False,
burst_job_167,object_detection,121117757009,NORMAL_BURST,completion_time,PLACED,0,12-1-0,12848658.044840159,12.848658044840159,12633.585436099049,1450.0,133764.19110314388,135214.19110314388,14096.434094143886,5000.0,False,
burst_job_168,llm_inference,121397196262,NORMAL_BURST,completion_time,PLACED,3,12-4-3,15889198.802743923,15.889198802743923,13169.979985563608,2750.0,134583.06544636635,137333.06544636635,15935.869184366355,12000.0,False,
burst_job_169,image_inference,121676635514,NORMAL_BURST,completion_time,PLACED,0,12-1-0,12846722.7579466,12.8467227579466,13524.708866385932,1000.0,135214.19110314388,136214.19110314388,14537.555589143885,1500.0,False,
burst_job_170,object_detection,121956074766,NORMAL_BURST,completion_time,PLACED,0,12-1-0,12845624.671469681,12.84562467146968,14245.270712472411,1600.0,136214.19110314388,137814.19110314388,15858.116337143874,4000.0,False,
burst_job_171,llm_inference,122235514019,NORMAL_BURST,completion_time,PLACED,3,12-4-3,15891922.72630032,15.89192272630032,15081.659504640062,2666.666666666667,137333.06544636635,139999.732113033,17764.218094033014,10000.0,False,
burst_job_172,image_inference,122514953271,NORMAL_BURST,completion_time,PLACED,7,12-8-9-10-11-7,42822189.4415975,42.8221894415975,14035.035055748769,1000.0,136592.81051619037,137592.81051619037,15077.85724519036,3000.0,False,
burst_job_173,object_detection,122794392523,NORMAL_BURST,completion_time,PLACED,7,12-8-9-10-11-7,42821378.845701784,42.82137884570179,14755.596614344657,1666.6666666666665,137592.81051619037,139259.47718285702,16465.08465985702,3000.0,False,
burst_job_174,llm_inference,123073831776,NORMAL_BURST,completion_time,PLACED,0,12-1-0,12841974.751958873,12.841974751958873,14727.517352391907,3350.0,137814.19110314388,141164.19110314388,18090.359327143873,8000.0,False,
burst_job_175,image_inference,123353271028,NORMAL_BURST,completion_time,PLACED,7,12-8-9-10-11-7,42819008.017266095,42.81900801726609,15863.387146839756,1166.6666666666667,139259.47718285702,140426.14384952368,17072.872821523677,2500.0,False,
burst_job_176,object_detection,123632710280,NORMAL_BURST,completion_time,PLACED,3,12-4-3,15896618.099977044,15.896618099977044,16351.12521493304,1166.6666666666667,139999.732113033,141166.39877969967,17533.688499699667,6000.0,False,
burst_job_177,llm_inference,123912149533,NORMAL_BURST,completion_time,PLACED,3,12-4-3,15897699.44091367,15.89769944091367,17238.351547258746,2708.3333333333335,141166.39877969967,143874.732113033,19962.582580033006,6000.0,False,
burst_job_178,image_inference,124191588785,NORMAL_BURST,completion_time,PLACED,7,12-8-9-10-11-7,42816036.38630622,42.816036386306216,16191.739028137381,1055.5555555555554,140426.14384952368,141481.69940507924,17290.110620079242,2000.0,False,
burst_job_179,object_detection,124471028037,NORMAL_BURST,completion_time,PLACED,0,12-1-0,12838208.755837971,12.838208755837972,16680.32485738804,1550.0,141164.19110314388,142714.19110314388,18243.163066143883,5000.0,False,
burst_job_180,llm_inference,124750467290,NORMAL_BURST,completion_time,PLACED,7,12-8-9-10-11-7,42813945.76248351,42.813945762483506,16688.418169316763,3777.777777777778,141481.69940507924,145259.47718285702,20509.009892857022,12000.0,False,
burst_job_181,image_inference,125029906542,NORMAL_BURST,completion_time,PLACED,0,12-1-0,12836895.88771395,12.83689588771395,17671.44766525617,850.0,142714.19110314388,143564.19110314388,18534.284561143882,1500.0,False,
burst_job_182,object_detection,125309345794,NORMAL_BURST,completion_time,PLACED,0,12-1-0,12836311.114813976,12.836311114813975,18242.008998029065,1450.0,143564.19110314388,145014.19110314388,19704.845309143886,4000.0,False,
burst_job_183,llm_inference,125588785047,NORMAL_BURST,completion_time,PLACED,3,12-4-3,15903891.4330365,15.9038914330365,18270.04317459998,2750.0,143874.732113033,146624.732113033,21035.94706603301,10000.0,False,
burst_job_184,image_inference,125868224299,NORMAL_BURST,completion_time,PLACED,0,12-1-0,12835431.761602921,12.835431761602921,19133.131372382282,1000.0,145014.19110314388,146014.19110314388,20145.966804143885,3000.0,False,
burst_job_185,object_detection,126147663551,NORMAL_BURST,completion_time,PLACED,7,12-8-9-10-11-7,42809522.538785614,42.809522538785615,19069.004109318237,1777.7777777777778,145259.47718285702,147037.2549606348,20889.5914096348,3000.0,False,
burst_job_186,llm_inference,126427102804,NORMAL_BURST,completion_time,PLACED,0,12-1-0,12834544.136281839,12.834544136281838,19574.25375500761,3200.0,146014.19110314388,149214.19110314388,22787.088299143885,8000.0,False,
burst_job_187,image_inference,126706542056,NORMAL_BURST,completion_time,PLACED,3,12-4-3,15909011.709938971,15.909011709938971,19902.281045323063,750.0,146624.732113033,147374.732113033,20668.190057033004,2500.0,False,
burst_job_188,object_detection,126985981308,NORMAL_BURST,completion_time,PLACED,3,12-4-3,15909909.935439864,15.909909935439865,20372.84089509757,1250.0,147374.732113033,148624.732113033,21638.750805033007,6000.0,False,
burst_job_189,llm_inference,127265420561,NORMAL_BURST,completion_time,PLACED,7,12-8-9-10-11-7,42806494.35413082,42.80649435413082,19729.027905280673,3722.222222222222,147037.2549606348,150759.47718285702,23494.056621857017,6000.0,False,
burst_job_190,image_inference,127544859813,NORMAL_BURST,completion_time,PLACED,3,12-4-3,15912658.284694277,15.912658284694277,21063.95964174831,875.0,148624.732113033,149499.732113033,21954.872300033006,2000.0,False,
burst_job_191,object_detection,127824299065,NORMAL_BURST,completion_time,PLACED,0,12-1-0,12833180.297500417,12.833180297500416,21377.05885784638,1400.0,149214.19110314388,150614.19110314388,22789.89203814388,5000.0,False,
burst_job_192,llm_inference,128103738318,NORMAL_BURST,completion_time,PLACED,3,12-4-3,15915509.33607567,15.915509336075669,21380.07828569693,2708.3333333333335,149499.732113033,152208.06544636635,24104.32712836635,12000.0,False,
burst_job_193,image_inference,128383177570,NORMAL_BURST,completion_time,PLACED,0,12-1-0,12832934.66462114,12.83293466462114,22218.18059847926,950.0,150614.19110314388,151564.19110314388,23181.01353314388,1500.0,False,
burst_job_194,object_detection,128662616822,NORMAL_BURST,completion_time,PLACED,7,12-8-9-10-11-7,42803207.67332915,42.803207673329155,22054.05715318369,1722.2222222222222,150759.47718285702,152481.69940507924,23819.082583079246,4000.0,False,
burst_job_195,llm_inference,128942056075,NORMAL_BURST,completion_time,PLACED,0,12-1-0,12832805.394485725,12.832805394485725,22609.302222749393,3400.0,151564.19110314388,154964.19110314388,26022.13502814388,10000.0,False,
burst_job_196,image_inference,129221495327,NORMAL_BURST,completion_time,PLACED,3,12-4-3,15921003.011653088,15.921003011653088,22970.649116354703,708.3333333333334,152208.06544636635,152916.3987796997,23694.9034526997,3000.0,False,
burst_job_197,object_detection,129500934579,NORMAL_BURST,completion_time,PLACED,7,12-8-9-10-11-7,42801435.42195542,42.801435421955425,22937.9633906573,1611.111111111111,152481.69940507924,154092.81051619037,24591.875937190372,3000.0,False,
burst_job_198,llm_inference,129780373832,NORMAL_BURST,completion_time,PLACED,3,12-4-3,15923614.226447469,15.92361422644747,23120.101333473256,2750.0,152916.3987796997,155666.3987796997,25886.024947699698,8000.0,False,
burst_job_199,image_inference,130059813084,NORMAL_BURST,completion_time,PLACED,7,12-8-9-10-11-7,42800565.98000847,42.80056598000847,23990.19686621036,1111.111111111111,154092.81051619037,155203.9216273015,25144.108543301496,2500.0,False,
burst_job_200,object_detection,130339252336,NORMAL_BURST,completion_time,PLACED,0,12-1-0,12833209.816916035,12.833209816916035,24612.105557326955,1600.0,154964.19110314388,156564.19110314388,26224.938767143874,6000.0,False,
burst_job_201,llm_inference,130618691589,NORMAL_BURST,completion_time,PLACED,3,12-4-3,15928490.663430536,15.928490663430535,25031.778700036273,2666.666666666667,155666.3987796997,158333.06544636635,27714.373857366358,6000.0,False,
burst_job_202,image_inference,130898130841,NORMAL_BURST,completion_time,PLACED,7,12-8-9-10-11-7,42799343.69531994,42.79934369531994,24262.99144260616,1000.0,155203.9216273015,156203.9216273015,25305.790786301484,2000.0,False,
burst_job_203,object_detection,131177570093,NORMAL_BURST,completion_time,PLACED,7,12-8-9-10-11-7,42798938.376366384,42.79893837636639,24983.55259592514,1666.6666666666665,156203.9216273015,157870.58829396815,26693.01820096816,5000.0,False,
burst_job_204,llm_inference,131457009346,NORMAL_BURST,completion_time,PLACED,0,12-1-0,12834219.797788266,12.834219797788267,25094.347537346097,3350.0,156564.19110314388,159914.19110314388,28457.181757143873,12000.0,False,
burst_job_205,image_inference,131736448598,NORMAL_BURST,completion_time,PLACED,7,12-8-9-10-11-7,42798214.357018426,42.79821435701842,26091.341481611133,1166.6666666666667,157870.58829396815,159037.2549606348,27300.806362634816,1500.0,False,
burst_job_206,object_detection,132015887850,NORMAL_BURST,completion_time,PLACED,3,12-4-3,15936533.752681307,15.936533752681308,26301.24106261367,1166.6666666666667,158333.06544636635,159499.732113033,27483.84426303301,4000.0,False,
burst_job_207,llm_inference,132295327103,NORMAL_BURST,completion_time,PLACED,3,12-4-3,15937730.558419822,15.937730558419823,27188.4672794746,2708.3333333333335,159499.732113033,162208.06544636635,29912.738343366364,10000.0,False,
burst_job_208,image_inference,132574766355,NORMAL_BURST,completion_time,PLACED,7,12-8-9-10-11-7,42797438.6488737,42.7974386488737,26419.691166985926,1055.5555555555554,159037.2549606348,160092.81051619037,27518.044161190366,3000.0,False,
burst_job_209,object_detection,132854205607,NORMAL_BURST,completion_time,PLACED,0,12-1-0,12836394.9364391,12.8363949364391,27047.14910120744,1550.0,159914.19110314388,161464.19110314388,28609.98549614387,3000.0,False,
burst_job_210,llm_inference,133133644860,NORMAL_BURST,completion_time,PLACED,7,12-8-9-10-11-7,42796985.716806315,42.79698571680631,26916.368670473574,3777.777777777778,160092.81051619037,163870.58829396815,30736.943433968147,8000.0,False,
burst_job_211,image_inference,133413084112,NORMAL_BURST,completion_time,PLACED,0,12-1-0,12837626.734714543,12.837626734714544,28038.26936440915,850.0,161464.19110314388,162314.19110314388,28901.106991143868,2500.0,False,
burst_job_212,object_detection,133692523364,NORMAL_BURST,completion_time,PLACED,3,12-4-3,15946401.380094105,15.946401380094105,28499.59568098627,1208.3333333333335,162208.06544636635,163416.3987796997,29723.875415699702,6000.0,False,
burst_job_213,llm_inference,133971962617,NORMAL_BURST,completion_time,PLACED,0,12-1-0,12838794.670936054,12.838794670936053,28329.389691472927,3300.0,162314.19110314388,165614.19110314388,31642.228486143867,6000.0,False,
burst_job_214,image_inference,134251401869,NORMAL_BURST,completion_time,PLACED,3,12-4-3,15950285.60692267,15.95028560692267,29149.04662509277,833.3333333333334,163416.3987796997,164249.73211303304,29998.330244033044,2000.0,False,
burst_job_215,object_detection,134530841121,NORMAL_BURST,completion_time,PLACED,3,12-4-3,15952266.05126864,15.95226605126864,29702.938725981774,1333.3333333333335,164249.73211303304,165583.06544636638,31052.224325366376,5000.0,False,
burst_job_216,llm_inference,134810280374,NORMAL_BURST,completion_time,PLACED,7,12-8-9-10-11-7,42796347.54165761,42.79634754165761,29017.511572426505,3555.5555555555557,163870.58829396815,167426.1438495237,32615.863475523714,12000.0,False,
burst_job_217,image_inference,135089719626,NORMAL_BURST,completion_time,PLACED,3,12-4-3,15955626.277338324,15.955626277338324,30477.390194089036,750.0,165583.06544636638,166333.06544636638,31243.345820366376,1500.0,False,
burst_job_218,object_detection,135369158879,NORMAL_BURST,completion_time,PLACED,0,12-1-0,12842729.2010643,12.8427292010643,30232.18949494281,1500.0,165614.19110314388,167114.19110314388,31745.032224143884,4000.0,False,
burst_job_219,llm_inference,135648598131,NORMAL_BURST,completion_time,PLACED,3,12-4-3,15959742.310600452,15.959742310600452,30668.507573055773,2791.666666666667,166333.06544636638,169124.73211303304,33476.13398203303,10000.0,False,
burst_job_220,image_inference,135928037383,NORMAL_BURST,completion_time,PLACED,0,12-1-0,12844718.826146973,12.844718826146973,31173.309001317743,1050.0,167114.19110314388,168164.19110314388,32236.15372014389,3000.0,False,
burst_job_221,object_detection,136207476636,NORMAL_BURST,completion_time,PLACED,7,12-8-9-10-11-7,42796527.280702256,42.79652728070226,31175.870686242997,1555.5555555555554,167426.1438495237,168981.69940507927,32774.222769079264,3000.0,False,
burst_job_222,llm_inference,136486915888,NORMAL_BURST,completion_time,PLACED,0,12-1-0,12846511.929165944,12.846511929165944,31664.42870321471,3250.0,168164.19110314388,171414.19110314388,34927.27521514389,8000.0,False,
burst_job_223,image_inference,136766355140,NORMAL_BURST,completion_time,PLACED,3,12-4-3,15967557.864500558,15.967557864500558,32342.409415168542,791.6666666666667,169124.73211303304,169916.3987796997,33150.043639699696,2500.0,False,
burst_job_224,object_detection,137045794393,NORMAL_BURST,completion_time,PLACED,7,12-8-9-10-11-7,42796922.62692525,42.79692262692525,31893.108089452347,1722.2222222222222,168981.69940507927,170703.9216273015,33658.1272343015,6000.0,False,
burst_job_225,llm_inference,137325233645,NORMAL_BURST,completion_time,PLACED,3,12-4-3,15971961.087249788,15.971961087249788,32575.19317361244,2833.3333333333335,169916.3987796997,172749.73211303304,35424.49846803304,6000.0,False,
burst_job_226,image_inference,137604672897,NORMAL_BURST,completion_time,PLACED,7,12-8-9-10-11-7,42797348.29230123,42.79734829230123,33056.45138200917,944.4444444444445,170703.9216273015,171648.36607174593,34043.69317474592,2000.0,False,
burst_job_227,object_detection,137884112150,NORMAL_BURST,completion_time,PLACED,0,12-1-0,12852202.313868806,12.852202313868807,33517.226750830014,1450.0,171414.19110314388,172864.19110314388,34980.07895314388,5000.0,False,
burst_job_228,llm_inference,138163551402,NORMAL_BURST,completion_time,PLACED,7,12-8-9-10-11-7,42797800.01134866,42.797800011348656,33442.016869734565,3666.6666666666665,171648.36607174593,175315.03273841258,37151.48133641257,12000.0,False,
burst_job_229,image_inference,138442990654,NORMAL_BURST,completion_time,PLACED,3,12-4-3,15980296.16900658,15.98029616900658,34290.761162864044,833.3333333333334,172749.73211303304,173583.06544636638,35140.07479236639,1500.0,False,
burst_job_230,object_detection,138722429907,NORMAL_BURST,completion_time,PLACED,0,12-1-0,12856378.61601282,12.856378616012819,34128.90481752786,1600.0,172864.19110314388,174464.19110314388,35741.76119614387,4000.0,False,
burst_job_231,llm_inference,139001869159,NORMAL_BURST,completion_time,PLACED,3,12-4-3,15984979.52607175,15.984979526071749,34565.211307840305,2666.666666666667,173583.06544636638,176249.73211303304,37247.862954033044,10000.0,False,
burst_job_232,image_inference,139281308411,NORMAL_BURST,completion_time,PLACED,0,12-1-0,12858871.258187154,12.858871258187154,35170.02382088569,900.0,174464.19110314388,175364.19110314388,36082.882692143874,3000.0,False,
burst_job_233,object_detection,139560747664,NORMAL_BURST,completion_time,PLACED,0,12-1-0,12860427.654356139,12.860427654356139,35790.583011489536,1500.0,175364.19110314388,176864.19110314388,37303.443439143884,3000.0,False,
burst_job_234,llm_inference,139840186916,NORMAL_BURST,completion_time,PLACED,7,12-8-9-10-11-7,42799919.61403977,42.79991961403977,35432.045902798534,3722.222222222222,175315.03273841258,179037.2549606348,39197.0680446348,8000.0,False,
burst_job_235,image_inference,140119626168,NORMAL_BURST,completion_time,PLACED,3,12-4-3,15993830.118324311,15.993830118324311,36114.11211491472,875.0,176249.73211303304,177124.73211303304,37005.10594503305,2500.0,False,
burst_job_236,object_detection,140399065421,NORMAL_BURST,completion_time,PLACED,0,12-1-0,12864789.859157264,12.864789859157264,36452.260892284714,1400.0,176864.19110314388,178264.19110314388,37865.12568214387,6000.0,False,
burst_job_237,llm_inference,140678504673,NORMAL_BURST,completion_time,PLACED,3,12-4-3,15997962.57501574,15.997962575015741,36430.22947745802,2708.3333333333335,177124.73211303304,179833.06544636638,39154.56077336639,6000.0,False,
burst_job_238,image_inference,140957943925,NORMAL_BURST,completion_time,PLACED,0,12-1-0,12868275.654376635,12.868275654376635,37293.378902489494,950.0,178264.19110314388,179214.19110314388,38256.24717814388,2000.0,False,
burst_job_239,object_detection,141237383178,NORMAL_BURST,completion_time,PLACED,7,12-8-9-10-11-7,42802369.64118926,42.802369641189266,37757.06941299362,1722.2222222222222,179037.2549606348,180759.47718285702,39522.094004857034,5000.0,False,
burst_job_240,llm_inference,141516822430,NORMAL_BURST,completion_time,PLACED,0,12-1-0,12871933.64108056,12.87193364108056,37684.49673950279,3400.0,179214.19110314388,182614.19110314388,41097.36867314388,12000.0,False,
burst_job_241,image_inference,141796261682,NORMAL_BURST,completion_time,PLACED,3,12-4-3,16007297.330334144,16.007297330334143,38020.79646703604,708.3333333333334,179833.06544636638,180541.39877969972,38745.13709769971,1500.0,False,
burst_job_242,object_detection,142075700935,NORMAL_BURST,completion_time,PLACED,3,12-4-3,16009902.426782055,16.009902426782055,38449.687942272954,1208.3333333333335,180541.39877969972,181749.73211303307,39674.03117803307,4000.0,False,
burst_job_243,llm_inference,142355140187,NORMAL_BURST,completion_time,PLACED,7,12-8-9-10-11-7,42804737.030700095,42.804737030700096,38361.53225882631,3666.6666666666665,180759.47718285702,184426.14384952368,42071.00366252367,10000.0,False,
burst_job_244,image_inference,142634579439,NORMAL_BURST,completion_time,PLACED,3,12-4-3,16015179.860893723,16.015179860893724,39099.13749417217,833.3333333333334,181749.73211303307,182583.0654463664,39948.48600736642,3000.0,False,
burst_job_245,object_detection,142914018692,NORMAL_BURST,completion_time,PLACED,3,12-4-3,16017854.827919373,16.017854827919372,39653.028899538476,1333.3333333333335,182583.0654463664,183916.39877969975,41002.38008769974,3000.0,False,
burst_job_246,llm_inference,143193457944,NORMAL_BURST,completion_time,PLACED,0,12-1-0,12882555.497847956,12.882555497847955,39407.850603646046,3200.0,182614.19110314388,185814.19110314388,42620.733159143885,8000.0,False,
burst_job_247,image_inference,143472897196,NORMAL_BURST,completion_time,PLACED,3,12-4-3,16022371.879863903,16.022371879863904,40427.47921181988,750.0,183916.39877969975,184666.39877969975,41193.50158369975,2500.0,False,
burst_job_248,object_detection,143752336449,NORMAL_BURST,completion_time,PLACED,3,12-4-3,16025113.666870475,16.025113666870475,40898.03721703289,1250.0,184666.39877969975,185916.39877969975,42164.06233069976,6000.0,False,
burst_job_249,llm_inference,144031775701,NORMAL_BURST,completion_time,PLACED,7,12-8-9-10-11-7,42809160.38277316,42.80916038277316,40351.558988140896,3722.222222222222,184426.14384952368,188148.3660717459,44116.59037074589,6000.0,False,
burst_job_250,image_inference,144311214953,NORMAL_BURST,completion_time,PLACED,3,12-4-3,16030670.405203672,16.030670405203672,41589.153156294575,875.0,185916.39877969975,186791.39877969975,42480.183826699766,2000.0,False,
burst_job_251,object_detection,144590654206,NORMAL_BURST,completion_time,PLACED,0,12-1-0,12892877.576519923,12.892877576519924,41210.64401956735,1400.0,185814.19110314388,187214.19110314388,42623.53689714387,5000.0,False,
burst_job_252,llm_inference,144870093458,NORMAL_BURST,completion_time,PLACED,3,12-4-3,16035376.60144029,16.03537660144029,41905.26994509832,2708.3333333333335,186791.39877969975,189499.7321130331,44629.63865503311,12000.0,False,
burst_job_253,image_inference,145149532710,NORMAL_BURST,completion_time,PLACED,0,12-1-0,12897590.243799254,12.897590243799254,42051.76080290007,950.0,187214.19110314388,188164.19110314388,43014.65839314388,1500.0,False,
burst_job_254,object_detection,145428971963,NORMAL_BURST,completion_time,PLACED,0,12-1-0,12900012.236568948,12.900012236568948,42722.31912790731,1550.0,188164.19110314388,189714.19110314388,44285.21914014389,4000.0,False,
burst_job_255,llm_inference,145708411215,NORMAL_BURST,completion_time,PLACED,7,12-8-9-10-11-7,42814507.88582796,42.81450788582796,42397.14034886006,3777.777777777778,188148.3660717459,191926.14384952368,46217.73263452368,10000.0,False,
burst_job_256,image_inference,145987850467,NORMAL_BURST,completion_time,PLACED,3,12-4-3,16045967.804031605,16.045967804031605,43495.83567822905,708.3333333333334,189499.7321130331,190208.06544636644,44220.21497936643,3000.0,False,
burst_job_257,object_detection,146267289720,NORMAL_BURST,completion_time,PLACED,0,12-1-0,12906677.884046005,12.906677884046005,43433.99470525983,1450.0,189714.19110314388,191164.19110314388,44896.90138314388,3000.0,False,
burst_job_258,llm_inference,146546728972,NORMAL_BURST,completion_time,PLACED,3,12-4-3,16051881.449028058,16.05188144902806,43645.28459291739,2750.0,190208.06544636644,192958.06544636644,46411.33647436643,8000.0,False,
burst_job_259,image_inference,146826168224,NORMAL_BURST,completion_time,PLACED,0,12-1-0,12911884.999845095,12.911884999845094,44325.11099414405,1000.0,191164.19110314388,192164.19110314388,45338.022879143886,2500.0,False,
burst_job_260,object_detection,147105607477,NORMAL_BURST,completion_time,PLACED,7,12-8-9-10-11-7,42819600.32018538,42.81960032018538,44777.71677220348,1777.7777777777778,191926.14384952368,193703.92162730146,46598.31415030145,6000.0,False,
burst_job_261,llm_inference,147385046729,NORMAL_BURST,completion_time,PLACED,0,12-1-0,12916357.033392025,12.916357033392025,44766.228017110494,3200.0,192164.19110314388,195364.19110314388,47979.144374143885,6000.0,False,
burst_job_262,image_inference,147664485981,NORMAL_BURST,completion_time,PLACED,3,12-4-3,16062975.222734353,16.06297522273435,45277.516490143695,750.0,192958.06544636644,193708.06544636644,46043.579465366434,2000.0,False,
burst_job_263,object_detection,147943925234,NORMAL_BURST,completion_time,PLACED,3,12-4-3,16066053.794797603,16.066053794797604,45748.07415857166,1250.0,193708.06544636644,194958.06544636644,47014.140212366445,5000.0,False,
burst_job_264,llm_inference,148223364486,NORMAL_BURST,completion_time,PLACED,7,12-8-9-10-11-7,42824046.04346274,42.82404604346274,45437.73309525798,3722.222222222222,193703.92162730146,197426.14384952368,49202.779363523674,12000.0,False,
burst_job_265,image_inference,148502803738,NORMAL_BURST,completion_time,PLACED,3,12-4-3,16072292.750367006,16.072292750367005,46439.18941561607,875.0,194958.06544636644,195833.06544636644,47330.26170836645,1500.0,False,
burst_job_266,object_detection,148782242991,NORMAL_BURST,completion_time,PLACED,0,12-1-0,12929501.81237136,12.92950181237136,46569.01861033149,1400.0,195364.19110314388,196764.19110314388,47981.94811214387,4000.0,False,
burst_job_267,llm_inference,149061682243,NORMAL_BURST,completion_time,PLACED,3,12-4-3,16077559.01440197,16.07755901440197,46755.30564435205,2708.3333333333335,195833.06544636644,198541.39877969978,49479.716536699794,10000.0,False,
burst_job_268,image_inference,149341121495,NORMAL_BURST,completion_time,PLACED,0,12-1-0,12935418.78564224,12.93541878564224,47410.13418935824,950.0,196764.19110314388,197714.19110314388,48373.06960814388,3000.0,False,
burst_job_269,object_detection,149620560748,NORMAL_BURST,completion_time,PLACED,7,12-8-9-10-11-7,42830254.20163558,42.830254201635576,47762.75284732206,1722.2222222222222,197426.14384952368,199148.3660717459,49527.80532374591,3000.0,False,
burst_job_270,llm_inference,149900000000,NORMAL_BURST,completion_time,PLACED,0,12-1-0,12941500.182581674,12.941500182581674,47801.249602961296,3400.0,197714.19110314388,201114.19110314388,51214.19110314388,8000.0,False,
burst_job_271,image_inference,150000000000,NORMAL_BURST,completion_time,PLACED,3,12-4-3,16088296.122305999,16.088296122305998,48525.31048357749,708.3333333333334,198541.39877969978,199249.73211303313,49249.732113033126,2500.0,False,
burst_job_272,object_detection,151720689655,NORMAL_BURST,completion_time,PLACED,3,12-0-3,14287110.3222796,14.2871103222796,47514.75534771086,1208.3333333333335,199249.73211303313,200458.06544636647,48737.375791366474,6000.0,False,
burst_job_273,llm_inference,153441379310,NORMAL_BURST,completion_time,PLACED,7,12-8-9-10-11-7,42850208.49209096,42.850208492090964,45664.13655325383,3666.6666666666665,199148.3660717459,202815.03273841256,49373.65342841257,6000.0,False,
burst_job_274,image_inference,155162068966,NORMAL_BURST,completion_time,PLACED,3,12-0-3,14165317.344525237,14.165317344525237,45281.83116302194,833.3333333333334,200458.06544636647,201291.3987796998,46129.32981369982,2000.0,False,
burst_job_275,object_detection,156882758621,NORMAL_BURST,completion_time,PLACED,3,12-0-3,14104678.735020388,14.104678735020387,44394.535479964805,1333.3333333333335,201291.3987796998,202624.73211303315,45741.97349203317,5000.0,False,
burst_job_276,llm_inference,158603448276,NORMAL_BURST,completion_time,PLACED,0,12-0,8068669.45932309,8.06866945932309,42502.67415768455,3200.0,201114.19110314388,204314.19110314388,45710.74282714387,12000.0,False,
burst_job_277,image_inference,160324137931,NORMAL_BURST,completion_time,PLACED,3,12-0-3,13980413.324026922,13.980413324026921,42286.613768709125,750.0,202624.73211303315,203374.73211303315,43050.59418203315,1500.0,False,
burst_job_278,object_detection,162044827586,NORMAL_BURST,completion_time,PLACED,7,12-8-9-10-11-7,42911837.044623636,42.91183704462364,40727.29331536792,1666.6666666666665,202815.03273841256,204481.6994050792,42436.87181907921,4000.0,False,
burst_job_279,llm_inference,163765517241,NORMAL_BURST,completion_time,PLACED,3,12-0-3,13860471.317371447,13.860471317371447,39595.35440071579,2791.666666666667,203374.73211303315,206166.3987796998,42400.88153869982,10000.0,False,
burst_job_280,image_inference,165486206897,NORMAL_BURST,completion_time,PLACED,0,12-0,7804515.882784483,7.804515882784483,38820.17969026111,1050.0,204314.19110314388,205364.19110314388,39877.98420614388,3000.0,False,
burst_job_281,object_detection,167206896552,NORMAL_BURST,completion_time,PLACED,7,12-8-9-10-11-7,42959914.202084795,42.959914202084796,37231.84293887715,1555.5555555555554,204481.6994050792,206037.25496063477,38830.358408634784,3000.0,False,
burst_job_282,llm_inference,168927586207,NORMAL_BURST,completion_time,PLACED,0,12-0,7669946.119858692,7.669946119858692,36428.934950024035,3250.0,205364.19110314388,208614.19110314388,39686.604896143894,8000.0,False,
burst_job_283,image_inference,170648275862,NORMAL_BURST,completion_time,PLACED,3,12-0-3,13619585.69704211,13.61958569704211,35504.50333200276,791.6666666666667,206166.3987796998,206958.06544636647,36309.78958436646,2500.0,False,
burst_job_284,object_detection,172368965517,NORMAL_BURST,completion_time,PLACED,7,12-8-9-10-11-7,43014739.202295355,43.01473920229535,33625.274704432464,1722.2222222222222,206037.25496063477,207759.477182857,35390.51166585699,6000.0,False,
burst_job_285,llm_inference,174089655172,NORMAL_BURST,completion_time,PLACED,3,12-0-3,13502235.55937929,13.50223555937929,32854.9080388071,2833.3333333333335,206958.06544636647,209791.3987796998,35701.74360769981,6000.0,False,
burst_job_286,image_inference,175810344828,NORMAL_BURST,completion_time,PLACED,7,12-8-9-10-11-7,43056642.236374766,43.05664223637476,31906.07571262063,944.4444444444445,207759.477182857,208703.92162730143,32893.57679930143,2000.0,False,
burst_job_287,object_detection,177531034483,NORMAL_BURST,completion_time,PLACED,0,12-0,7343717.099113948,7.343717099113948,31075.812903044774,1450.0,208614.19110314388,210064.19110314388,32533.156620143884,5000.0,False,
burst_job_288,llm_inference,179251724138,NORMAL_BURST,completion_time,PLACED,7,12-8-9-10-11-7,43100600.65942624,43.10060065942624,29409.096888642,3666.6666666666665,208703.92162730143,212370.5882939681,33118.8641559681,12000.0,False,
burst_job_289,image_inference,180972413793,NORMAL_BURST,completion_time,PLACED,3,12-0-3,13267089.823423028,13.267089823423028,28805.717896876362,833.3333333333334,209791.3987796998,210624.73211303315,29652.31832003314,1500.0,False,
burst_job_290,object_detection,182693103448,NORMAL_BURST,completion_time,PLACED,0,12-0,7153509.679019343,7.1535096790193435,27363.934145464853,1600.0,210064.19110314388,211664.19110314388,28971.08765514387,4000.0,False,
burst_job_291,llm_inference,184413793103,NORMAL_BURST,completion_time,PLACED,3,12-0-3,13149474.526484516,13.149474526484516,26197.789535506658,2666.666666666667,210624.73211303315,213291.3987796998,28877.605676699808,10000.0,False,
burst_job_292,image_inference,186134482759,NORMAL_BURST,completion_time,PLACED,0,12-0,7024508.768662886,7.024508768662886,25522.68383537521,900.0,211664.19110314388,212564.19110314388,26429.708344143874,3000.0,False,
burst_job_293,object_detection,187855172414,NORMAL_BURST,completion_time,PLACED,7,12-8-9-10-11-7,43225608.39173042,43.22560839173042,24472.19027157637,1666.6666666666665,212370.5882939681,214037.25496063475,26182.082546634745,3000.0,False,
burst_job_294,llm_inference,189575862069,NORMAL_BURST,completion_time,PLACED,0,12-0,6900467.122491787,6.900467122491787,22981.428567021387,3350.0,212564.19110314388,215914.19110314388,26338.329034143884,8000.0,False,
burst_job_295,image_inference,191296551724,NORMAL_BURST,completion_time,PLACED,3,12-3,8265312.998634542,8.265312998634542,21986.58174270118,875.0,213291.3987796998,214166.3987796998,22869.84705569982,2500.0,False,
burst_job_296,object_detection,193017241379,NORMAL_BURST,completion_time,PLACED,3,12-3,8220395.257575159,8.22039525757516,21140.937005442218,1166.6666666666667,214166.3987796998,215333.06544636647,22315.824067366455,6000.0,False,
burst_job_297,llm_inference,194737931034,NORMAL_BURST,completion_time,PLACED,7,12-8-9-10-11-7,43339584.7091506,43.3395847091506,19255.984341925592,3611.111111111111,214037.25496063475,217648.36607174587,22910.43503774586,6000.0,False,
burst_job_298,image_inference,196458620690,NORMAL_BURST,completion_time,PLACED,3,12-3,8137135.157682986,8.137135157682986,18866.307621208776,791.6666666666667,215333.06544636647,216124.73211303313,19666.111423033115,2000.0,False,
burst_job_299,object_detection,198179310345,NORMAL_BURST,completion_time,PLACED,3,12-3,8096298.5733283525,8.096298573328353,17937.325469459785,1291.6666666666667,216124.73211303313,217416.39877969978,19237.088434699777,5000.0,False,
burst_job_300,llm_inference,199900000000,NORMAL_BURST,completion_time,PLACED,0,12-0,6529605.974944172,6.529605974944173,16007.661497168941,3400.0,215914.19110314388,219314.19110314388,19414.19110314388,12000.0,False,
burst_job_001,image_inference,0,FAILED_ISL_0_1_BURST,completion_time,PLACED,7,12-9-10-11-7,34584483.09822839,34.58448309822839,0.0,944.4444444444445,34.58448309822839,979.0289275426728,979.0289275426728,1500.0,True,0-1
burst_job_002,object_detection,1720689655,FAILED_ISL_0_1_BURST,completion_time,PLACED,7,12-9-10-11-7,34608724.00950264,34.608724009502644,0.0,1611.111111111111,1755.2983790095025,3366.4094901206136,1645.7198351206137,4000.0,True,0-1
burst_job_003,llm_inference,3441379310,FAILED_ISL_0_1_BURST,completion_time,PLACED,7,12-9-10-11-7,34633750.99855942,34.63375099855942,0.0,3666.6666666666665,3476.013060998559,7142.679727665225,3701.3004176652253,10000.0,True,0-1
burst_job_004,image_inference,5162068966,FAILED_ISL_0_1_BURST,completion_time,PLACED,7,12-9-10-11-7,34659565.84782518,34.65956584782518,1945.9511958173998,1111.111111111111,7142.679727665225,8253.790838776336,3091.7218727763366,3000.0,False,0-1
burst_job_005,object_detection,6882758621,FAILED_ISL_0_1_BURST,completion_time,PLACED,7,12-9-10-11-7,34686152.544098064,34.686152544098064,1336.3460652322383,1777.7777777777778,8253.790838776336,10031.568616554114,3148.809995554114,3000.0,False,0-1
burst_job_006,llm_inference,8603448276,FAILED_ISL_0_1_BURST,completion_time,PLACED,7,12-9-10-11-7,34715132.44242266,34.71513244242266,1393.4052081116915,3555.5555555555557,10031.568616554114,13587.12417210967,4983.675896109671,8000.0,True,0-1
burst_job_007,image_inference,10324137931,FAILED_ISL_0_1_BURST,completion_time,PLACED,7,12-9-10-11-7,34743277.8989863,34.7432778989863,3228.242963210685,1000.0,13587.12417210967,14587.12417210967,4262.986241109671,2500.0,False,0-1
burst_job_008,object_detection,12044827586,FAILED_ISL_0_1_BURST,completion_time,PLACED,7,12-9-10-11-7,34772156.80090685,34.77215680090685,2507.5244293087635,1666.6666666666665,14587.12417210967,16253.790838776336,4208.963252776337,6000.0,True,0-1
burst_job_009,llm_inference,13765517241,FAILED_ISL_0_1_BURST,completion_time,PLACED,7,12-9-10-11-7,34801776.44056262,34.80177644056262,2453.4718213357737,3722.222222222222,16253.790838776336,19976.013060998557,6210.495819998558,6000.0,False,0-1
burst_job_010,image_inference,15486206897,FAILED_ISL_0_1_BURST,completion_time,PLACED,7,12-9-10-11-7,34832109.3586858,34.8321093586858,4454.974054639872,1166.6666666666667,19976.013060998557,21142.679727665225,5656.472830665225,2000.0,False,0-1
burst_job_011,object_detection,17206896552,FAILED_ISL_0_1_BURST,completion_time,PLACED,7,12-9-10-11-7,34865000.780623525,34.865000780623525,3900.918174884602,1555.5555555555554,21142.679727665225,22698.23528322078,5491.3387312207815,5000.0,False,0-1
burst_job_012,llm_inference,18927586207,FAILED_ISL_0_1_BURST,completion_time,PLACED,3,12-4-3,17014782.498536468,17.01478249853647,0.0,2708.3333333333335,18944.600989498536,21652.93432283187,2725.348115831868,12000.0,True,0-1
burst_job_013,image_inference,20648275862,FAILED_ISL_0_1_BURST,completion_time,PLACED,0,12-4-3-0,22390816.295104712,22.390816295104713,0.0,950.0,20670.666678295103,21620.666678295103,972.3908162951047,1500.0,True,0-1
burst_job_014,object_detection,22368965517,FAILED_ISL_0_1_BURST,completion_time,PLACED,3,12-4-3,16937701.788615257,16.937701788615257,0.0,1291.6666666666667,22385.903218788615,23677.569885455283,1308.6043684552824,4000.0,True,0-1
burst_job_015,llm_inference,24089655172,FAILED_ISL_0_1_BURST,completion_time,PLACED,3,12-4-3,16899980.69618387,16.89998069618387,0.0,2833.3333333333335,24106.555152696183,26939.888486029515,2850.233314029516,10000.0,True,0-1
burst_job_016,image_inference,25810344828,FAILED_ISL_0_1_BURST,completion_time,PLACED,0,12-4-3-0,22298629.595636506,22.298629595636505,0.0,850.0,25832.643457595637,26682.643457595637,872.2986295956362,3000.0,True,0-1
burst_job_017,object_detection,27531034483,FAILED_ISL_0_1_BURST,completion_time,PLACED,3,12-4-3,16824080.968678653,16.824080968678654,0.0,1208.3333333333335,27547.85856396868,28756.19189730201,1225.1574143020116,3000.0,True,0-1
burst_job_018,llm_inference,29251724138,FAILED_ISL_0_1_BURST,completion_time,PLACED,3,12-4-3,16788089.817263898,16.7880898172639,0.0,2750.0,29268.512227817264,32018.512227817264,2766.7880898172625,8000.0,True,0-1
burst_job_019,image_inference,30972413793,FAILED_ISL_0_1_BURST,completion_time,PLACED,0,12-4-3-0,22213196.413073275,22.213196413073277,0.0,1000.0,30994.626989413075,31994.626989413075,1022.2131964130749,2500.0,True,0-1
burst_job_020,object_detection,32693103448,FAILED_ISL_0_1_BURST,completion_time,PLACED,3,12-4-3,16717857.802676708,16.717857802676708,0.0,1333.3333333333335,32709.821305802678,34043.15463913601,1350.0511911360081,6000.0,True,0-1
burst_job_021,llm_inference,34413793103,FAILED_ISL_0_1_BURST,completion_time,PLACED,3,12-4-3,16681639.517664554,16.681639517664554,0.0,2666.666666666667,34430.47474251767,37097.14140918433,2683.348306184329,6000.0,True,0-1
burst_job_022,image_inference,36134482759,FAILED_ISL_0_1_BURST,completion_time,PLACED,0,12-4-3-0,22131391.240417354,22.131391240417354,0.0,900.0,36156.61415024041,37056.61415024041,922.1313912404148,2000.0,True,0-1
burst_job_023,object_detection,37855172414,FAILED_ISL_0_1_BURST,completion_time,PLACED,3,12-4-3,16615083.253955422,16.615083253955422,0.0,1250.0,37871.78749725396,39121.78749725396,1266.615083253957,5000.0,True,0-1
burst_job_024,llm_inference,39575862069,FAILED_ISL_0_1_BURST,completion_time,PLACED,3,12-4-3,16582732.452484025,16.582732452484024,0.0,2791.666666666667,39592.44480145249,42384.111468119154,2808.2493991191513,12000.0,True,0-1
burst_job_025,image_inference,41296551724,FAILED_ISL_0_1_BURST,completion_time,PLACED,0,12-4-3-0,22056566.461144596,22.056566461144595,0.0,1050.0,41318.60829046114,42368.60829046114,1072.0565664611422,1500.0,True,0-1
burst_job_026,object_detection,43017241379,FAILED_ISL_0_1_BURST,completion_time,PLACED,3,12-4-3,16518111.604304435,16.518111604304433,0.0,1166.6666666666667,43033.7594906043,44200.426157270966,1183.1847782709665,4000.0,True,0-1
burst_job_027,llm_inference,44737931034,FAILED_ISL_0_1_BURST,completion_time,PLACED,3,12-4-3,16487706.268293194,16.487706268293195,0.0,2708.3333333333335,44754.418740268295,47462.75207360163,2724.8210396016293,10000.0,True,0-1
burst_job_028,image_inference,46458620690,FAILED_ISL_0_1_BURST,completion_time,PLACED,0,12-4-3-0,21985999.1755837,21.9859991755837,0.0,950.0,46480.60668917558,47430.60668917558,971.9859991755802,3000.0,True,0-1
burst_job_029,object_detection,48179310345,FAILED_ISL_0_1_BURST,completion_time,PLACED,3,12-4-3,16428856.137140147,16.428856137140148,0.0,1291.6666666666667,48195.73920113714,49487.405867803805,1308.0955228038074,3000.0,True,0-1
burst_job_030,llm_inference,49900000000,FAILED_ISL_0_1_BURST,completion_time,PLACED,3,12-4-3,16398779.699642664,16.398779699642663,0.0,2833.3333333333335,49916.398779699644,52749.73211303298,2849.73211303298,8000.0,True,0-1
burst_job_031,image_inference,50000000000,FAILED_ISL_0_1_BURST,completion_time,PLACED,0,12-4-3-0,21940649.13739753,21.940649137397532,0.0,850.0,50021.940649137396,50871.940649137396,871.9406491373957,2500.0,True,0-1
burst_job_032,object_detection,50279439252,FAILED_ISL_0_1_BURST,completion_time,PLACED,7,12-9-10-11-7,35593486.412578054,35.59348641257805,0.0,1611.111111111111,50315.03273841258,51926.14384952369,1646.7045975236906,6000.0,True,0-1
burst_job_033,llm_inference,50558878505,FAILED_ISL_0_1_BURST,completion_time,PLACED,0,12-4-3-0,21934583.249328837,21.93458324932884,291.1275608880678,3300.0,50871.940649137396,54171.940649137396,3613.062144137395,6000.0,True,0-1
burst_job_034,image_inference,50838317757,FAILED_ISL_0_1_BURST,completion_time,PLACED,7,12-9-10-11-7,35608686.72869173,35.60868672869173,1052.217405794996,1111.111111111111,51926.14384952369,53037.2549606348,2198.9372036347995,2000.0,False,0-1
burst_job_035,object_detection,51117757009,FAILED_ISL_0_1_BURST,completion_time,PLACED,3,12-4-3,16379143.691091599,16.3791436910916,1615.5959603418887,1333.3333333333335,52749.73211303298,54083.065446366316,2965.308437366315,5000.0,True,0-1
burst_job_036,llm_inference,51397196262,FAILED_ISL_0_1_BURST,completion_time,PLACED,7,12-9-10-11-7,35621399.435220934,35.62139943522094,1604.437299199577,3555.5555555555557,53037.2549606348,56592.81051619035,5195.614254190354,12000.0,True,0-1
burst_job_037,image_inference,51676635514,FAILED_ISL_0_1_BURST,completion_time,PLACED,3,12-4-3,16371062.33161277,16.37106233161277,2390.0588700347,750.0,54083.065446366316,54833.065446366316,3156.4299323663145,1500.0,False,0-1
burst_job_038,object_detection,51956074766,FAILED_ISL_0_1_BURST,completion_time,PLACED,0,12-4-3-0,21917901.41840025,21.917901418400252,2193.9479817190004,1500.0,54171.940649137396,55671.940649137396,3715.8658831373978,4000.0,True,0-1
burst_job_039,llm_inference,52235514019,FAILED_ISL_0_1_BURST,completion_time,PLACED,3,12-4-3,16361444.889750162,16.361444889750164,2581.189982476564,2791.666666666667,54833.065446366316,57624.73211303298,5389.218094032978,10000.0,True,0-1
burst_job_040,image_inference,52514953271,FAILED_ISL_0_1_BURST,completion_time,PLACED,0,12-4-3-0,21910887.81843603,21.91088781843603,3135.076490318963,1050.0,55671.940649137396,56721.940649137396,4206.987378137397,3000.0,False,0-1
burst_job_041,object_detection,52794392523,FAILED_ISL_0_1_BURST,completion_time,PLACED,0,12-4-3-0,21908573.853125647,21.908573853125645,3905.639552284265,1400.0,56721.940649137396,58121.940649137396,5327.548126137393,3000.0,False,0-1
burst_job_042,llm_inference,53073831776,FAILED_ISL_0_1_BURST,completion_time,PLACED,7,12-9-10-11-7,35664940.973967426,35.664940973967425,3483.313799216383,3611.111111111111,56592.81051619035,60203.92162730146,7130.089851301462,8000.0,True,0-1
burst_job_043,image_inference,53353271028,FAILED_ISL_0_1_BURST,completion_time,PLACED,3,12-4-3,16344031.391285313,16.344031391285313,4255.11705364169,791.6666666666667,57624.73211303298,58416.398779699644,5063.1277516996415,2500.0,False,0-1
burst_job_044,object_detection,53632710280,FAILED_ISL_0_1_BURST,completion_time,PLACED,0,12-4-3-0,21898255.384299055,21.898255384299055,4467.332113753095,1550.0,58121.940649137396,59671.940649137396,6039.230369137396,6000.0,False,0-1
burst_job_045,llm_inference,53912149533,FAILED_ISL_0_1_BURST,completion_time,PLACED,3,12-4-3,16334652.3814189,16.334652381418902,4487.914594318223,2833.3333333333335,58416.398779699644,61249.73211303298,7337.582580032977,6000.0,False,0-1
burst_job_046,image_inference,54191588785,FAILED_ISL_0_1_BURST,completion_time,PLACED,0,12-4-3-0,21892599.24362224,21.89259924362224,5458.459264893776,850.0,59671.940649137396,60521.940649137396,6330.351864137396,2000.0,False,0-1
burst_job_047,object_detection,54471028037,FAILED_ISL_0_1_BURST,completion_time,PLACED,7,12-9-10-11-7,35701163.69972008,35.70116369972008,5697.192426601745,1611.111111111111,60203.92162730146,61815.03273841257,7344.004701412574,5000.0,False,0-1
burst_job_048,llm_inference,54750467290,FAILED_ISL_0_1_BURST,completion_time,PLACED,0,12-4-3-0,21885892.724316485,21.885892724316484,5749.587466413075,3300.0,60521.940649137396,63821.940649137396,9071.473359137395,12000.0,True,0-1
burst_job_049,image_inference,55029906542,FAILED_ISL_0_1_BURST,completion_time,PLACED,3,12-4-3,16317687.536518447,16.31768753651845,6203.507883496466,833.3333333333334,61249.73211303298,62083.065446366316,7053.158904366319,1500.0,False,0-1
burst_job_050,object_detection,55309345794,FAILED_ISL_0_1_BURST,completion_time,PLACED,3,12-4-3,16313112.403031792,16.31311240303179,6757.406539963282,1333.3333333333335,62083.065446366316,63416.39877969965,8107.052985699651,4000.0,False,0-1
burst_job_051,llm_inference,55588785047,FAILED_ISL_0_1_BURST,completion_time,PLACED,7,12-9-10-11-7,35729855.29645172,35.72985529645172,6190.517836116123,3555.5555555555557,61815.03273841257,65370.588293968125,9781.803246968127,10000.0,True,0-1
burst_job_052,image_inference,55868224299,FAILED_ISL_0_1_BURST,completion_time,PLACED,3,12-4-3,16305533.093795959,16.305533093795958,7531.868947605857,750.0,63416.39877969965,64166.39877969965,8298.17448069965,3000.0,False,0-1
burst_job_053,object_detection,56147663551,FAILED_ISL_0_1_BURST,completion_time,PLACED,0,12-4-3-0,21870578.489129294,21.870578489129294,7652.40651964827,1500.0,63821.940649137396,65321.940649137396,9174.277098137398,3000.0,False,0-1
burst_job_054,llm_inference,56427102804,FAILED_ISL_0_1_BURST,completion_time,PLACED,3,12-4-3,16296512.0943394,16.296512094339402,7722.999463605309,2791.666666666667,64166.39877969965,66958.06544636632,10530.962642366321,8000.0,False,0-1
burst_job_055,image_inference,56706542056,FAILED_ISL_0_1_BURST,completion_time,PLACED,0,12-4-3-0,21864152.46371125,21.86415246371125,8593.534440673684,1050.0,65321.940649137396,66371.9406491374,9665.398593137397,2500.0,False,0-1
burst_job_056,object_detection,56985981308,FAILED_ISL_0_1_BURST,completion_time,PLACED,7,12-9-10-11-7,35766653.33225567,35.76665333225567,8348.840332635868,1555.5555555555554,65370.588293968125,66926.14384952368,9940.162541523678,6000.0,False,0-1
burst_job_057,llm_inference,57265420561,FAILED_ISL_0_1_BURST,completion_time,PLACED,0,12-4-3-0,21858870.4630056,21.858870463005598,9084.661217674387,3250.0,66371.9406491374,69621.9406491374,12356.520088137397,6000.0,False,0-1
burst_job_058,image_inference,57544859813,FAILED_ISL_0_1_BURST,completion_time,PLACED,3,12-4-3,16280212.708183398,16.2802127081834,9396.925420658139,791.6666666666667,66958.06544636632,67749.732113033,10204.872300032992,2000.0,False,0-1
burst_job_059,object_detection,57824299065,FAILED_ISL_0_1_BURST,completion_time,PLACED,7,12-9-10-11-7,35790469.97067636,35.79046997067636,9066.054314553003,1722.2222222222222,66926.14384952368,68648.3660717459,10824.0670067459,5000.0,False,0-1
burst_job_060,llm_inference,58103738318,FAILED_ISL_0_1_BURST,completion_time,PLACED,3,12-4-3,16271444.576146366,16.271444576146365,9629.722350456846,2833.3333333333335,67749.732113033,70583.06544636632,12479.32712836632,12000.0,False,0-1
burst_job_061,image_inference,58383177570,FAILED_ISL_0_1_BURST,completion_time,PLACED,7,12-9-10-11-7,35803765.22841785,35.80376522841785,10229.38473651748,944.4444444444445,68648.3660717459,69592.81051619034,11209.632946190337,1500.0,False,0-1
burst_job_062,object_detection,58662616822,FAILED_ISL_0_1_BURST,completion_time,PLACED,0,12-4-3-0,21844381.854963716,21.844381854963718,10937.479445282428,1450.0,69621.9406491374,71071.9406491374,12409.323827137392,4000.0,False,0-1
burst_job_063,llm_inference,58942056075,FAILED_ISL_0_1_BURST,completion_time,PLACED,7,12-9-10-11-7,35819760.9707607,35.819760970760704,10614.934680219572,3666.6666666666665,69592.81051619034,73259.47718285701,14317.421107857008,10000.0,False,0-1
burst_job_064,image_inference,59221495327,FAILED_ISL_0_1_BURST,completion_time,PLACED,3,12-4-3,16255602.105374768,16.25560210537477,11345.314517260951,833.3333333333334,70583.06544636632,71416.39877969965,12194.903452699655,3000.0,False,0-1
burst_job_065,object_detection,59500934579,FAILED_ISL_0_1_BURST,completion_time,PLACED,0,12-4-3-0,21835319.03208996,21.83531903208996,11549.170751105303,1600.0,71071.9406491374,72671.9406491374,13171.006070137395,3000.0,False,0-1
burst_job_066,llm_inference,59780373832,FAILED_ISL_0_1_BURST,completion_time,PLACED,3,12-4-3,16248498.441125443,16.24849844112544,11619.776449258527,2666.666666666667,71416.39877969965,74083.06544636632,14302.691614366326,8000.0,False,0-1
burst_job_067,image_inference,60059813084,FAILED_ISL_0_1_BURST,completion_time,PLACED,0,12-4-3-0,21830366.57119358,21.83036657119358,12590.2971985662,900.0,72671.9406491374,73571.9406491374,13512.127565137394,2500.0,False,0-1
burst_job_068,object_detection,60339252336,FAILED_ISL_0_1_BURST,completion_time,PLACED,7,12-9-10-11-7,35857310.79093336,35.85731079093336,12884.367536066078,1666.6666666666665,73259.47718285701,74926.14384952368,14586.891513523682,6000.0,False,0-1
burst_job_069,llm_inference,60618691589,FAILED_ISL_0_1_BURST,completion_time,PLACED,3,12-4-3,16235872.37076249,16.23587237076249,13448.137984995556,2791.666666666667,74083.06544636632,76874.732113033,16256.040524032993,6000.0,False,0-1
burst_job_070,image_inference,60898130841,FAILED_ISL_0_1_BURST,completion_time,PLACED,0,12-4-3-0,21822570.15442437,21.82257015442437,12651.987237982976,1050.0,73571.9406491374,74621.9406491374,13723.809808137397,2000.0,False,0-1
burst_job_071,object_detection,61177570093,FAILED_ISL_0_1_BURST,completion_time,PLACED,0,12-4-3-0,21819686.006934512,21.81968600693451,13422.550870130457,1400.0,74621.9406491374,76021.9406491374,14844.370556137394,5000.0,False,0-1
burst_job_072,llm_inference,61457009346,FAILED_ISL_0_1_BURST,completion_time,PLACED,7,12-9-10-11-7,35887029.157119505,35.88702915711951,13433.247474366559,3611.111111111111,74926.14384952368,78537.25496063479,17080.24561463479,12000.0,False,0-1
burst_job_073,image_inference,61736448598,FAILED_ISL_0_1_BURST,completion_time,PLACED,0,12-4-3-0,21813983.706624877,21.813983706624878,14263.678067430767,950.0,76021.9406491374,76971.9406491374,15235.492051137393,1500.0,False,0-1
burst_job_074,object_detection,62015887850,FAILED_ISL_0_1_BURST,completion_time,PLACED,3,12-4-3,16216631.263101308,16.21663126310131,14842.627631769894,1291.6666666666667,76874.732113033,78166.39877969967,16150.510929699667,4000.0,False,0-1
burst_job_075,llm_inference,62295327103,FAILED_ISL_0_1_BURST,completion_time,PLACED,0,12-4-3-0,21809299.711247053,21.809299711247053,14654.804246426145,3400.0,76971.9406491374,80371.9406491374,18076.613546137392,10000.0,False,0-1
burst_job_076,image_inference,62574766355,FAILED_ISL_0_1_BURST,completion_time,PLACED,3,12-4-3,16209877.117005728,16.20987711700573,15575.42254758266,708.3333333333334,78166.39877969967,78874.732113033,16299.965758032995,3000.0,False,0-1
burst_job_077,object_detection,62854205607,FAILED_ISL_0_1_BURST,completion_time,PLACED,3,12-4-3,16205853.406930134,16.205853406930135,16004.320652626062,1208.3333333333335,78874.732113033,80083.06544636632,17228.85983936632,3000.0,False,0-1
burst_job_078,llm_inference,63133644860,FAILED_ISL_0_1_BURST,completion_time,PLACED,7,12-9-10-11-7,35933313.75111746,35.93331375111746,15367.676786883669,3666.6666666666665,78537.25496063479,82203.92162730146,19070.27676730146,8000.0,False,0-1
burst_job_079,image_inference,63413084112,FAILED_ISL_0_1_BURST,completion_time,PLACED,3,12-4-3,16197876.054065596,16.197876054065595,16653.78345831226,833.3333333333334,80083.06544636632,80916.39877969965,17503.314667699655,2500.0,False,0-1
burst_job_080,object_detection,63692523364,FAILED_ISL_0_1_BURST,completion_time,PLACED,0,12-4-3-0,21796510.527324907,21.79651052732491,16657.62077461007,1600.0,80371.9406491374,81971.9406491374,18279.417285137395,6000.0,False,0-1
burst_job_081,llm_inference,63971962617,FAILED_ISL_0_1_BURST,completion_time,PLACED,3,12-4-3,16191303.954664733,16.191303954664733,16928.24485874499,2666.666666666667,80916.39877969965,83583.06544636632,19611.102829366326,6000.0,False,0-1
burst_job_082,image_inference,64251401869,FAILED_ISL_0_1_BURST,completion_time,PLACED,0,12-4-3-0,21791176.321370546,21.791176321370546,17698.747603816024,900.0,81971.9406491374,82871.9406491374,18620.538780137394,2000.0,False,0-1
burst_job_083,object_detection,64530841121,FAILED_ISL_0_1_BURST,completion_time,PLACED,7,12-9-10-11-7,35971757.28065146,35.97175728065146,17637.10874902081,1666.6666666666665,82203.92162730146,83870.58829396813,19339.747172968135,5000.0,False,0-1
burst_job_084,llm_inference,64810280374,FAILED_ISL_0_1_BURST,completion_time,PLACED,0,12-4-3-0,21785931.8010091,21.7859318010091,18039.874343336385,3350.0,82871.9406491374,86221.9406491374,21411.660275137394,12000.0,False,0-1
burst_job_085,image_inference,65089719626,FAILED_ISL_0_1_BURST,completion_time,PLACED,3,12-4-3,16177054.089641087,16.177054089641086,18477.168766276685,875.0,83583.06544636632,84458.06544636632,19368.345820366325,1500.0,False,0-1
burst_job_086,object_detection,65369158879,FAILED_ISL_0_1_BURST,completion_time,PLACED,7,12-9-10-11-7,35993857.06938261,35.99385706938261,18465.435557898745,1555.5555555555554,83870.58829396813,85426.1438495237,20056.984970523692,4000.0,False,0-1
burst_job_087,llm_inference,65648598131,FAILED_ISL_0_1_BURST,completion_time,PLACED,3,12-4-3,16169414.127513397,16.1694141275134,18793.29790123881,2708.3333333333335,84458.06544636632,87166.39877969965,21517.800648699646,10000.0,False,0-1
burst_job_088,image_inference,65928037383,FAILED_ISL_0_1_BURST,completion_time,PLACED,7,12-9-10-11-7,36010489.21153925,36.01048921153925,19462.095977312158,1055.5555555555554,85426.1438495237,86481.69940507926,20553.662022079254,3000.0,False,0-1
burst_job_089,object_detection,66207476636,FAILED_ISL_0_1_BURST,completion_time,PLACED,0,12-4-3-0,21774042.546176977,21.77404254617698,19992.689970591207,1550.0,86221.9406491374,87771.9406491374,21564.46401313739,3000.0,False,0-1
burst_job_090,llm_inference,66486915888,FAILED_ISL_0_1_BURST,completion_time,PLACED,3,12-4-3,16159370.71107873,16.15937071107873,20663.323520988575,2833.3333333333335,87166.39877969965,89999.73211303298,23512.816225032977,8000.0,False,0-1
burst_job_091,image_inference,66766355140,FAILED_ISL_0_1_BURST,completion_time,PLACED,7,12-9-10-11-7,36032745.65151282,36.03274565151282,19679.31151942775,944.4444444444445,86481.69940507926,87426.1438495237,20659.788709523695,2500.0,False,0-1
burst_job_092,object_detection,67045794393,FAILED_ISL_0_1_BURST,completion_time,PLACED,7,12-9-10-11-7,36041119.098355494,36.041119098355495,20344.308337425333,1611.111111111111,87426.1438495237,89037.2549606348,21991.4605676348,6000.0,False,0-1
burst_job_093,llm_inference,67325233645,FAILED_ISL_0_1_BURST,completion_time,PLACED,0,12-4-3-0,21765048.475917958,21.765048475917958,20424.941955661474,3300.0,87771.9406491374,91071.9406491374,23746.707004137395,6000.0,False,0-1
burst_job_094,image_inference,67604672897,FAILED_ISL_0_1_BURST,completion_time,PLACED,7,12-9-10-11-7,36057903.74344842,36.05790374344842,21396.524159891356,1111.111111111111,89037.2549606348,90148.36607174591,22543.693174745917,2000.0,False,0-1
burst_job_095,object_detection,67884112150,FAILED_ISL_0_1_BURST,completion_time,PLACED,3,12-4-3,16142186.926496787,16.142186926496787,22099.477776106476,1333.3333333333335,89999.73211303298,91333.06544636631,23448.953296366308,5000.0,False,0-1
burst_job_096,llm_inference,68163551402,FAILED_ISL_0_1_BURST,completion_time,PLACED,7,12-9-10-11-7,36071922.77721559,36.07192277721559,21948.742746968695,3555.5555555555557,90148.36607174591,93703.92162730148,25540.370225301478,12000.0,False,0-1
burst_job_097,image_inference,68442990654,FAILED_ISL_0_1_BURST,completion_time,PLACED,0,12-4-3-0,21756360.02503622,21.75636002503622,22607.19363511236,900.0,91071.9406491374,91971.9406491374,23528.949995137402,1500.0,False,0-1
burst_job_098,object_detection,68722429907,FAILED_ISL_0_1_BURST,completion_time,PLACED,3,12-4-3,16131411.455668932,16.131411455668932,22594.504127910637,1250.0,91333.06544636631,92583.06544636631,23860.63553936631,4000.0,False,0-1
burst_job_099,llm_inference,69001869159,FAILED_ISL_0_1_BURST,completion_time,PLACED,0,12-4-3-0,21751745.04195026,21.751745041950258,22948.319745095447,3350.0,91971.9406491374,95321.9406491374,26320.0714901374,10000.0,False,0-1
burst_job_100,image_inference,69281308411,FAILED_ISL_0_1_BURST,completion_time,PLACED,3,12-4-3,16125514.158166043,16.125514158166045,23285.63152120814,875.0,92583.06544636631,93458.06544636631,24176.757035366303,3000.0,False,0-1
burst_job_101,object_detection,69560747664,FAILED_ISL_0_1_BURST,completion_time,PLACED,3,12-4-3,16122006.740295287,16.122006740295287,23881.195775626024,1166.6666666666667,93458.06544636631,94624.73211303298,25063.984449032985,3000.0,False,0-1
burst_job_102,llm_inference,69840186916,FAILED_ISL_0_1_BURST,completion_time,PLACED,7,12-9-10-11-7,36119870.56092027,36.11987056092027,23827.614840740556,3611.111111111111,93703.92162730148,97315.03273841258,27474.84582241258,8000.0,False,0-1
burst_job_103,image_inference,70119626168,FAILED_ISL_0_1_BURST,completion_time,PLACED,3,12-4-3,16115063.901405314,16.115063901405314,24488.99088113157,791.6666666666667,94624.73211303298,95416.39877969965,25296.77261169965,2500.0,False,0-1
burst_job_104,object_detection,70399065421,FAILED_ISL_0_1_BURST,completion_time,PLACED,3,12-4-3,16112770.030391775,16.112770030391776,25001.220588669254,1291.6666666666667,95416.39877969965,96708.06544636632,26309.000025366317,6000.0,False,0-1
burst_job_105,llm_inference,70678504673,FAILED_ISL_0_1_BURST,completion_time,PLACED,0,12-4-3-0,21739895.29212823,21.73989529212823,24621.69608084527,3400.0,95321.9406491374,98721.9406491374,28043.435976137393,6000.0,False,0-1
burst_job_106,image_inference,70957943925,FAILED_ISL_0_1_BURST,completion_time,PLACED,3,12-4-3,16105949.585982397,16.105949585982398,25734.015571780343,708.3333333333334,96708.06544636632,97416.39877969965,26458.454854699652,2000.0,False,0-1
burst_job_107,object_detection,71237383178,FAILED_ISL_0_1_BURST,completion_time,PLACED,3,12-4-3,16102577.826209024,16.102577826209025,26162.913023873436,1208.3333333333335,97416.39877969965,98624.73211303298,27387.348935032976,5000.0,False,0-1
burst_job_108,llm_inference,71516822430,FAILED_ISL_0_1_BURST,completion_time,PLACED,7,12-9-10-11-7,36168219.087051146,36.16821908705115,25762.042089325536,3666.6666666666665,97315.03273841258,100981.69940507926,29464.876975079256,12000.0,False,0-1
burst_job_109,image_inference,71796261682,FAILED_ISL_0_1_BURST,completion_time,PLACED,3,12-4-3,16097004.481963953,16.097004481963953,26812.373426551014,833.3333333333334,98624.73211303298,99458.06544636631,27661.803764366312,1500.0,False,0-1
burst_job_110,object_detection,72075700935,FAILED_ISL_0_1_BURST,completion_time,PLACED,0,12-4-3-0,21730063.391447425,21.730063391447423,26624.509650745953,1600.0,98721.9406491374,100321.9406491374,28246.239714137395,4000.0,False,0-1
burst_job_111,llm_inference,72355140187,FAILED_ISL_0_1_BURST,completion_time,PLACED,3,12-4-3,16090407.974411154,16.090407974411153,27086.834851391905,2666.666666666667,99458.06544636631,102124.73211303298,29769.591926032983,10000.0,False,0-1
burst_job_112,image_inference,72634579439,FAILED_ISL_0_1_BURST,completion_time,PLACED,0,12-4-3-0,21725998.870749813,21.725998870749812,27665.63521126665,900.0,100321.9406491374,101221.9406491374,28587.361210137402,3000.0,False,0-1
burst_job_113,object_detection,72914018692,FAILED_ISL_0_1_BURST,completion_time,PLACED,7,12-9-10-11-7,36208322.58426899,36.208322584268984,28031.472390494993,1666.6666666666665,100981.69940507926,102648.36607174593,29734.34737974593,3000.0,False,0-1
burst_job_114,llm_inference,73193457944,FAILED_ISL_0_1_BURST,completion_time,PLACED,0,12-4-3-0,21722692.84145274,21.72269284145274,28006.760012295956,3350.0,101221.9406491374,104571.9406491374,31378.4827051374,8000.0,False,0-1
burst_job_115,image_inference,73472897196,FAILED_ISL_0_1_BURST,completion_time,PLACED,3,12-4-3,16078559.380465278,16.07855938046528,28635.756357652514,875.0,102124.73211303298,102999.73211303298,29526.834917032975,2500.0,False,0-1
burst_job_116,object_detection,73752336449,FAILED_ISL_0_1_BURST,completion_time,PLACED,3,12-4-3,16075384.198073039,16.07538419807304,29231.32027983491,1166.6666666666667,102999.73211303298,104166.39877969965,30414.062330699657,6000.0,False,0-1
burst_job_117,llm_inference,74031775701,FAILED_ISL_0_1_BURST,completion_time,PLACED,7,12-9-10-11-7,36240020.77007329,36.240020770073286,28580.35034997585,3611.111111111111,102648.36607174593,106259.47718285704,32227.70148185703,6000.0,False,0-1
burst_job_118,image_inference,74311214953,FAILED_ISL_0_1_BURST,completion_time,PLACED,3,12-4-3,16069105.52587174,16.06910552587174,29839.114721173784,791.6666666666667,104166.39877969965,104958.06544636632,30646.85049336632,2000.0,False,0-1
burst_job_119,object_detection,74590654206,FAILED_ISL_0_1_BURST,completion_time,PLACED,0,12-4-3-0,21713759.006061263,21.713759006061263,29959.57268413133,1550.0,104571.9406491374,106121.9406491374,31531.28644313739,5000.0,False,0-1
burst_job_120,llm_inference,74870093458,FAILED_ISL_0_1_BURST,completion_time,PLACED,3,12-4-3,16063946.295911657,16.063946295911656,30071.908042070412,2833.3333333333335,104958.06544636632,107791.39877969965,32921.30532169965,12000.0,False,0-1
burst_job_121,image_inference,75149532710,FAILED_ISL_0_1_BURST,completion_time,PLACED,0,12-4-3-0,21710091.265928794,21.710091265928792,30950.697847871474,850.0,106121.9406491374,106971.9406491374,31822.407939137396,1500.0,False,0-1
burst_job_122,object_detection,75428971963,FAILED_ISL_0_1_BURST,completion_time,PLACED,7,12-8-9-10-11-7,43362417.93281326,43.36241793281326,30787.142801924216,1611.111111111111,106259.47718285704,107870.58829396815,32441.616330968143,4000.0,False,0-1
burst_job_123,llm_inference,75708411215,FAILED_ISL_0_1_BURST,completion_time,PLACED,0,12-4-3-0,21706512.149497226,21.706512149497225,31241.8229219879,3300.0,106971.9406491374,110271.9406491374,34563.529434137396,10000.0,False,0-1
burst_job_124,image_inference,75987850467,FAILED_ISL_0_1_BURST,completion_time,PLACED,3,12-4-3,16052831.59882095,16.05283159882095,31787.495481100836,833.3333333333334,107791.39877969965,108624.73211303298,32636.881646032984,3000.0,False,0-1
burst_job_125,object_detection,76267289720,FAILED_ISL_0_1_BURST,completion_time,PLACED,7,12-8-9-10-11-7,43347808.289727926,43.34780828972793,31559.95076567841,1777.7777777777778,107870.58829396815,109648.36607174593,33381.07635174593,3000.0,False,0-1
burst_job_126,llm_inference,76546728972,FAILED_ISL_0_1_BURST,completion_time,PLACED,3,12-4-3,16046900.587062044,16.046900587062044,32061.956240445914,2666.666666666667,108624.73211303298,111291.39877969965,34744.669807699654,8000.0,False,0-1
burst_job_127,image_inference,76826168224,FAILED_ISL_0_1_BURST,completion_time,PLACED,7,12-8-9-10-11-7,43336964.90144239,43.33696490144239,32778.860882844485,1000.0,109648.36607174593,110648.36607174593,33822.197847745934,2500.0,False,0-1
burst_job_128,object_detection,77105607477,FAILED_ISL_0_1_BURST,completion_time,PLACED,0,12-4-3-0,21698533.58545995,21.698533585459952,33144.63463855194,1500.0,110271.9406491374,111771.9406491374,34666.3331721374,6000.0,False,0-1
burst_job_129,llm_inference,77385046729,FAILED_ISL_0_1_BURST,completion_time,PLACED,3,12-4-3,16039148.836659677,16.039148836659677,33890.312901863,2791.666666666667,111291.39877969965,114083.06544636632,36698.01871736633,6000.0,False,0-1
burst_job_130,image_inference,77664485981,FAILED_ISL_0_1_BURST,completion_time,PLACED,7,12-8-9-10-11-7,43322654.495545,43.322654495545,32940.55743625038,1166.6666666666667,110648.36607174593,111815.0327384126,34150.546757412594,2000.0,False,0-1
burst_job_131,object_detection,77943925234,FAILED_ISL_0_1_BURST,completion_time,PLACED,0,12-4-3-0,21694207.585594997,21.694207585594995,33806.32120755181,1400.0,111771.9406491374,113171.9406491374,35228.0154151374,5000.0,False,0-1
burst_job_132,llm_inference,78223364486,FAILED_ISL_0_1_BURST,completion_time,PLACED,7,12-8-9-10-11-7,43312041.56865333,43.31204156865333,33548.35621084394,3611.111111111111,111815.0327384126,115426.14384952371,37202.7793635237,12000.0,False,0-1
burst_job_133,image_inference,78502803738,FAILED_ISL_0_1_BURST,completion_time,PLACED,0,12-4-3-0,21691072.71528078,21.69107271528078,34647.44583842211,950.0,113171.9406491374,114121.9406491374,35619.13691113739,1500.0,False,0-1
burst_job_134,object_detection,78782242991,FAILED_ISL_0_1_BURST,completion_time,PLACED,3,12-4-3,16026000.271797605,16.026000271797606,35284.79645509452,1291.6666666666667,114083.06544636632,115374.732113033,36592.48912203299,4000.0,False,0-1
burst_job_135,llm_inference,79061682243,FAILED_ISL_0_1_BURST,completion_time,PLACED,0,12-4-3-0,21688528.50946759,21.68852850946759,35038.56987762793,3400.0,114121.9406491374,117521.9406491374,38460.25840613739,10000.0,False,0-1
burst_job_136,image_inference,79341121495,FAILED_ISL_0_1_BURST,completion_time,PLACED,3,12-4-3,16020525.03109216,16.02052503109216,36017.5900930019,708.3333333333334,115374.732113033,116083.06544636632,36741.943951366324,3000.0,False,0-1
burst_job_137,object_detection,79620560748,FAILED_ISL_0_1_BURST,completion_time,PLACED,7,12-8-9-10-11-7,43287650.31464185,43.28765031464185,35762.295451209066,1611.111111111111,115426.14384952371,117037.25496063482,37416.694212634815,3000.0,False,0-1
burst_job_138,llm_inference,79900000000,FAILED_ISL_0_1_BURST,completion_time,PLACED,3,12-4-3,16015150.359218214,16.015150359218215,36167.0502960071,2750.0,116083.06544636632,118833.06544636632,38933.06544636632,8000.0,False,0-1
burst_job_139,image_inference,80000000000,FAILED_ISL_0_1_BURST,completion_time,PLACED,7,12-8-9-10-11-7,43280785.594760776,43.28078559476077,36993.97417504006,1111.111111111111,117037.25496063482,118148.36607174593,38148.36607174593,2500.0,False,0-1
burst_job_140,object_detection,81734782609,FAILED_ISL_0_1_BURST,completion_time,PLACED,0,12-4-3-0,21675961.06909916,21.675961069099163,35765.4820790683,1600.0,117521.9406491374,119121.9406491374,37387.158040137394,6000.0,False,0-1
burst_job_141,llm_inference,83469565217,FAILED_ISL_0_1_BURST,completion_time,PLACED,3,12-4-3,15985755.073063359,15.985755073063359,35347.51447429326,2666.666666666667,118833.06544636632,121499.732113033,38030.166896033,6000.0,False,0-1
burst_job_142,image_inference,85204347826,FAILED_ISL_0_1_BURST,completion_time,PLACED,7,12-8-9-10-11-7,43195540.93814681,43.195540938146806,32900.82270480778,1000.0,118148.36607174593,119148.36607174593,33944.01824574593,2000.0,False,0-1
burst_job_143,object_detection,86939130435,FAILED_ISL_0_1_BURST,completion_time,PLACED,0,12-4-3-0,21657273.941545676,21.657273941545675,32161.152940195854,1500.0,119121.9406491374,120621.9406491374,33682.8102141374,5000.0,False,0-1
burst_job_144,llm_inference,88673913043,FAILED_ISL_0_1_BURST,completion_time,PLACED,7,12-8-9-10-11-7,43143960.19382969,43.14396019382969,30431.309068552102,3722.222222222222,119148.36607174593,122870.58829396815,34196.675250968154,12000.0,False,0-1
burst_job_145,image_inference,90408695652,FAILED_ISL_0_1_BURST,completion_time,PLACED,0,12-4-3-0,21648836.779423382,21.648836779423384,30191.596160357978,1050.0,120621.9406491374,121671.9406491374,31263.2449971374,1500.0,False,0-1
burst_job_146,object_detection,92143478261,FAILED_ISL_0_1_BURST,completion_time,PLACED,3,12-4-3,15927391.603669723,15.927391603669724,29340.32646042932,1166.6666666666667,121499.732113033,122666.39877969967,30522.92051869967,4000.0,False,0-1
burst_job_147,llm_inference,93878260870,FAILED_ISL_0_1_BURST,completion_time,PLACED,0,12-4-3-0,21643865.049012527,21.643865049012526,27772.03591408838,3250.0,121671.9406491374,124921.9406491374,31043.679779137397,10000.0,False,0-1
burst_job_148,image_inference,95613043478,FAILED_ISL_0_1_BURST,completion_time,PLACED,3,12-4-3,15909912.371271405,15.909912371271405,27037.445389328394,791.6666666666667,122666.39877969967,123458.06544636634,27845.02196836633,3000.0,False,0-1
burst_job_149,object_detection,97347826087,FAILED_ISL_0_1_BURST,completion_time,PLACED,7,12-8-9-10-11-7,43027417.402091116,43.02741740209112,25479.734789566064,1722.2222222222222,122870.58829396815,124592.81051619037,27244.984429190372,3000.0,False,0-1
burst_job_150,llm_inference,99082608696,FAILED_ISL_0_1_BURST,completion_time,PLACED,3,12-4-3,15896269.433772737,15.896269433772737,24359.560480932574,2833.3333333333335,123458.06544636634,126291.39877969967,27208.79008369967,8000.0,False,0-1
burst_job_151,image_inference,100817391304,FAILED_ISL_0_1_BURST,completion_time,PLACED,7,12-8-9-10-11-7,42986967.87630306,42.98696787630306,23732.432244314055,944.4444444444445,124592.81051619037,125537.2549606348,24719.8636566348,2500.0,False,0-1
burst_job_152,object_detection,102552173913,FAILED_ISL_0_1_BURST,completion_time,PLACED,0,12-4-3-0,21645762.350310642,21.645762350310644,22348.12097378708,1450.0,124921.9406491374,126371.9406491374,23819.76673613739,6000.0,False,0-1
burst_job_153,llm_inference,104286956522,FAILED_ISL_0_1_BURST,completion_time,PLACED,3,12-4-3,15881806.911851821,15.881806911851822,21988.560450787816,2750.0,126291.39877969967,129041.39877969967,24754.442257699673,6000.0,False,0-1
burst_job_154,image_inference,106021739130,FAILED_ISL_0_1_BURST,completion_time,PLACED,7,12-8-9-10-11-7,42933866.22774192,42.933866227741916,19472.581964407058,1111.111111111111,125537.2549606348,126648.36607174591,20626.62694174591,2000.0,False,0-1
burst_job_155,object_detection,107756521739,FAILED_ISL_0_1_BURST,completion_time,PLACED,0,12-4-3-0,21657038.91775908,21.65703891775908,18593.761871219627,1600.0,126371.9406491374,127971.9406491374,20215.418910137392,5000.0,False,0-1
burst_job_156,llm_inference,109491304348,FAILED_ISL_0_1_BURST,completion_time,PLACED,7,12-8-9-10-11-7,42903729.04545124,42.903729045451236,17114.15799470045,3555.5555555555557,126648.36607174591,130203.92162730148,20712.61727930147,12000.0,False,0-1
burst_job_157,image_inference,111226086957,FAILED_ISL_0_1_BURST,completion_time,PLACED,0,12-4-3-0,21668920.940229475,21.668920940229476,16724.184771197164,900.0,127971.9406491374,128871.9406491374,17645.85369213739,1500.0,False,0-1
burst_job_158,object_detection,112960869565,FAILED_ISL_0_1_BURST,completion_time,PLACED,3,12-4-3,15875022.783189453,15.875022783189452,16064.654191916474,1250.0,129041.39877969967,130291.39877969967,17330.529214699665,4000.0,False,0-1
burst_job_159,llm_inference,114695652174,FAILED_ISL_0_1_BURST,completion_time,PLACED,0,12-4-3-0,21683780.92494314,21.683780924943143,14154.604694212452,3350.0,128871.9406491374,132221.9406491374,17526.288475137393,10000.0,False,0-1
burst_job_160,image_inference,116430434783,FAILED_ISL_0_1_BURST,completion_time,PLACED,3,12-4-3,15878457.476561982,15.878457476561982,13845.085539223102,875.0,130291.39877969967,131166.39877969967,14735.963996699662,3000.0,False,0-1
burst_job_161,object_detection,118165217391,FAILED_ISL_0_1_BURST,completion_time,PLACED,7,12-8-9-10-11-7,42843400.093802944,42.84340009380294,11995.860836207677,1555.5555555555554,130203.92162730148,131759.47718285702,13594.259791857025,3000.0,False,0-1
burst_job_162,llm_inference,119900000000,FAILED_ISL_0_1_BURST,completion_time,PLACED,3,12-4-3,15885425.199196026,15.885425199196026,11250.513354500465,2708.3333333333335,131166.39877969967,133874.732113033,13974.73211303301,8000.0,False,0-1
burst_job_163,image_inference,120000000000,FAILED_ISL_0_1_BURST,completion_time,PLACED,7,12-8-9-10-11-7,42833467.6210801,42.8334676210801,11716.643715235943,1055.5555555555554,131759.47718285702,132815.03273841258,12815.032738412585,2500.0,False,0-1
burst_job_164,object_detection,120279439252,FAILED_ISL_0_1_BURST,completion_time,PLACED,0,12-4-3-0,21715344.879739422,21.715344879739423,11920.786052257667,1550.0,132221.9406491374,133771.9406491374,13492.5013971374,6000.0,False,0-1
burst_job_165,llm_inference,120558878505,FAILED_ISL_0_1_BURST,completion_time,PLACED,7,12-8-9-10-11-7,42831050.92112125,42.831050921121246,12213.32318249147,3777.777777777778,132815.03273841258,136592.81051619037,16033.932011190365,6000.0,False,0-1
burst_job_166,image_inference,120838317757,FAILED_ISL_0_1_BURST,completion_time,PLACED,3,12-4-3,15887785.628006939,15.887785628006938,13020.52657040501,708.3333333333334,133874.732113033,134583.06544636635,13744.747689366355,2000.0,False,0-1
burst_job_167,object_detection,121117757009,FAILED_ISL_0_1_BURST,completion_time,PLACED,0,12-4-3-0,21721248.972878054,21.721248972878055,12632.462391164518,1450.0,133771.9406491374,135221.9406491374,14104.183640137402,5000.0,False,0-1
burst_job_168,llm_inference,121397196262,FAILED_ISL_0_1_BURST,completion_time,PLACED,3,12-4-3,15889198.802743923,15.889198802743923,13169.979985563608,2750.0,134583.06544636635,137333.06544636635,15935.869184366355,12000.0,False,0-1
burst_job_169,image_inference,121676635514,FAILED_ISL_0_1_BURST,completion_time,PLACED,0,12-4-3-0,21724616.433056768,21.724616433056767,13523.580518704344,1000.0,135221.9406491374,136221.9406491374,14545.305135137402,1500.0,False,0-1
burst_job_170,object_detection,121956074766,FAILED_ISL_0_1_BURST,completion_time,PLACED,0,12-4-3-0,21726680.977212023,21.726680977212023,14244.139202160179,1600.0,136221.9406491374,137821.9406491374,15865.86588313739,4000.0,False,0-1
burst_job_171,llm_inference,122235514019,FAILED_ISL_0_1_BURST,completion_time,PLACED,3,12-4-3,15891922.72630032,15.89192272630032,15081.659504640062,2666.666666666667,137333.06544636635,139999.732113033,17764.218094033014,10000.0,False,0-1
burst_job_172,image_inference,122514953271,FAILED_ISL_0_1_BURST,completion_time,PLACED,7,12-8-9-10-11-7,42822189.4415975,42.8221894415975,14035.035055748769,1000.0,136592.81051619037,137592.81051619037,15077.85724519036,3000.0,False,0-1
burst_job_173,object_detection,122794392523,FAILED_ISL_0_1_BURST,completion_time,PLACED,7,12-8-9-10-11-7,42821378.845701784,42.82137884570179,14755.596614344657,1666.6666666666665,137592.81051619037,139259.47718285702,16465.08465985702,3000.0,False,0-1
burst_job_174,llm_inference,123073831776,FAILED_ISL_0_1_BURST,completion_time,PLACED,0,12-4-3-0,21734435.981949568,21.734435981949566,14726.374437155435,3350.0,137821.9406491374,141171.9406491374,18098.10887313739,8000.0,False,0-1
burst_job_175,image_inference,123353271028,FAILED_ISL_0_1_BURST,completion_time,PLACED,7,12-8-9-10-11-7,42819008.017266095,42.81900801726609,15863.387146839756,1166.6666666666667,139259.47718285702,140426.14384952368,17072.872821523677,2500.0,False,0-1
burst_job_176,object_detection,123632710280,FAILED_ISL_0_1_BURST,completion_time,PLACED,3,12-4-3,15896618.099977044,15.896618099977044,16351.12521493304,1166.6666666666667,139999.732113033,141166.39877969967,17533.688499699667,6000.0,False,0-1
burst_job_177,llm_inference,123912149533,FAILED_ISL_0_1_BURST,completion_time,PLACED,3,12-4-3,15897699.44091367,15.89769944091367,17238.351547258746,2708.3333333333335,141166.39877969967,143874.732113033,19962.582580033006,6000.0,False,0-1
burst_job_178,image_inference,124191588785,FAILED_ISL_0_1_BURST,completion_time,PLACED,7,12-8-9-10-11-7,42816036.38630622,42.816036386306216,16191.739028137381,1055.5555555555554,140426.14384952368,141481.69940507924,17290.110620079242,2000.0,False,0-1
burst_job_179,object_detection,124471028037,FAILED_ISL_0_1_BURST,completion_time,PLACED,0,12-4-3-0,21744809.428239927,21.744809428239925,16679.167802709155,1550.0,141171.9406491374,142721.9406491374,18250.9126121374,5000.0,False,0-1
burst_job_180,llm_inference,124750467290,FAILED_ISL_0_1_BURST,completion_time,PLACED,7,12-8-9-10-11-7,42813945.76248351,42.813945762483506,16688.418169316763,3777.777777777778,141481.69940507924,145259.47718285702,20509.009892857022,12000.0,False,0-1
burst_job_181,image_inference,125029906542,FAILED_ISL_0_1_BURST,completion_time,PLACED,0,12-4-3-0,21749422.585929796,21.749422585929796,17670.284684551472,850.0,142721.9406491374,143571.9406491374,18542.0341071374,1500.0,False,0-1
burst_job_182,object_detection,125309345794,FAILED_ISL_0_1_BURST,completion_time,PLACED,0,12-4-3-0,21751763.347219463,21.751763347219462,18240.843091790186,1450.0,143571.9406491374,145021.9406491374,19712.594855137402,4000.0,False,0-1
burst_job_183,llm_inference,125588785047,FAILED_ISL_0_1_BURST,completion_time,PLACED,3,12-4-3,15903891.4330365,15.9038914330365,18270.04317459998,2750.0,143874.732113033,146624.732113033,21035.94706603301,10000.0,False,0-1
burst_job_184,image_inference,125868224299,FAILED_ISL_0_1_BURST,completion_time,PLACED,0,12-4-3-0,21755729.13558479,21.75572913558479,19131.96062100181,1000.0,145021.9406491374,146021.9406491374,20153.7163501374,3000.0,False,0-1
burst_job_185,object_detection,126147663551,FAILED_ISL_0_1_BURST,completion_time,PLACED,7,12-8-9-10-11-7,42809522.538785614,42.809522538785615,19069.004109318237,1777.7777777777778,145259.47718285702,147037.2549606348,20889.5914096348,3000.0,False,0-1
burst_job_186,llm_inference,126427102804,FAILED_ISL_0_1_BURST,completion_time,PLACED,0,12-4-3-0,21760570.10717447,21.76057010717447,19573.077275030228,3200.0,146021.9406491374,149221.9406491374,22794.8378451374,8000.0,False,0-1
burst_job_187,image_inference,126706542056,FAILED_ISL_0_1_BURST,completion_time,PLACED,3,12-4-3,15909011.709938971,15.909011709938971,19902.281045323063,750.0,146624.732113033,147374.732113033,20668.190057033004,2500.0,False,0-1
burst_job_188,object_detection,126985981308,FAILED_ISL_0_1_BURST,completion_time,PLACED,3,12-4-3,15909909.935439864,15.909909935439865,20372.84089509757,1250.0,147374.732113033,148624.732113033,21638.750805033007,6000.0,False,0-1
burst_job_189,llm_inference,127265420561,FAILED_ISL_0_1_BURST,completion_time,PLACED,7,12-8-9-10-11-7,42806494.35413082,42.80649435413082,19729.027905280673,3722.222222222222,147037.2549606348,150759.47718285702,23494.056621857017,6000.0,False,0-1
burst_job_190,image_inference,127544859813,FAILED_ISL_0_1_BURST,completion_time,PLACED,3,12-4-3,15912658.284694277,15.912658284694277,21063.95964174831,875.0,148624.732113033,149499.732113033,21954.872300033006,2000.0,False,0-1
burst_job_191,object_detection,127824299065,FAILED_ISL_0_1_BURST,completion_time,PLACED,0,12-4-3-0,21772264.128792796,21.772264128792795,21375.869320008598,1400.0,149221.9406491374,150621.9406491374,22797.641584137396,5000.0,False,0-1
burst_job_192,llm_inference,128103738318,FAILED_ISL_0_1_BURST,completion_time,PLACED,3,12-4-3,15915509.33607567,15.915509336075669,21380.07828569693,2708.3333333333335,149499.732113033,152208.06544636635,24104.32712836635,12000.0,False,0-1
burst_job_193,image_inference,128383177570,FAILED_ISL_0_1_BURST,completion_time,PLACED,0,12-4-3-0,21776583.626275297,21.776583626275297,22216.986495511126,950.0,150621.9406491374,151571.9406491374,23188.763079137396,1500.0,False,0-1
burst_job_194,object_detection,128662616822,FAILED_ISL_0_1_BURST,completion_time,PLACED,7,12-8-9-10-11-7,42803207.67332915,42.803207673329155,22054.05715318369,1722.2222222222222,150759.47718285702,152481.69940507924,23819.082583079246,4000.0,False,0-1
burst_job_195,llm_inference,128942056075,FAILED_ISL_0_1_BURST,completion_time,PLACED,0,12-4-3-0,21781838.586957816,21.781838586957814,22608.102735550434,3400.0,151571.9406491374,154971.9406491374,26029.884574137395,10000.0,False,0-1
burst_job_196,image_inference,129221495327,FAILED_ISL_0_1_BURST,completion_time,PLACED,3,12-4-3,15921003.011653088,15.921003011653088,22970.649116354703,708.3333333333334,152208.06544636635,152916.3987796997,23694.9034526997,3000.0,False,0-1
burst_job_197,object_detection,129500934579,FAILED_ISL_0_1_BURST,completion_time,PLACED,7,12-8-9-10-11-7,42801435.42195542,42.801435421955425,22937.9633906573,1611.111111111111,152481.69940507924,154092.81051619037,24591.875937190372,3000.0,False,0-1
burst_job_198,llm_inference,129780373832,FAILED_ISL_0_1_BURST,completion_time,PLACED,3,12-4-3,15923614.226447469,15.92361422644747,23120.101333473256,2750.0,152916.3987796997,155666.3987796997,25886.024947699698,8000.0,False,0-1
burst_job_199,image_inference,130059813084,FAILED_ISL_0_1_BURST,completion_time,PLACED,7,12-8-9-10-11-7,42800565.98000847,42.80056598000847,23990.19686621036,1111.111111111111,154092.81051619037,155203.9216273015,25144.108543301496,2500.0,False,0-1
burst_job_200,object_detection,130339252336,FAILED_ISL_0_1_BURST,completion_time,PLACED,0,12-4-3-0,21794514.40390644,21.79451440390644,24610.89379873348,1600.0,154971.9406491374,156571.9406491374,26232.68831313739,6000.0,False,0-1
burst_job_201,llm_inference,130618691589,FAILED_ISL_0_1_BURST,completion_time,PLACED,3,12-4-3,15928490.663430536,15.928490663430535,25031.778700036273,2666.666666666667,155666.3987796997,158333.06544636635,27714.373857366358,6000.0,False,0-1
burst_job_202,image_inference,130898130841,FAILED_ISL_0_1_BURST,completion_time,PLACED,7,12-8-9-10-11-7,42799343.69531994,42.79934369531994,24262.99144260616,1000.0,155203.9216273015,156203.9216273015,25305.790786301484,2000.0,False,0-1
burst_job_203,object_detection,131177570093,FAILED_ISL_0_1_BURST,completion_time,PLACED,7,12-8-9-10-11-7,42798938.376366384,42.79893837636639,24983.55259592514,1666.6666666666665,156203.9216273015,157870.58829396815,26693.01820096816,5000.0,False,0-1
burst_job_204,llm_inference,131457009346,FAILED_ISL_0_1_BURST,completion_time,PLACED,0,12-4-3-0,21804845.55088712,21.80484555088712,25093.126457586506,3350.0,156571.9406491374,159921.9406491374,28464.93130313739,12000.0,False,0-1
burst_job_205,image_inference,131736448598,FAILED_ISL_0_1_BURST,completion_time,PLACED,7,12-8-9-10-11-7,42798214.357018426,42.79821435701842,26091.341481611133,1166.6666666666667,157870.58829396815,159037.2549606348,27300.806362634816,1500.0,False,0-1
burst_job_206,object_detection,132015887850,FAILED_ISL_0_1_BURST,completion_time,PLACED,3,12-4-3,15936533.752681307,15.936533752681308,26301.24106261367,1166.6666666666667,158333.06544636635,159499.732113033,27483.84426303301,4000.0,False,0-1
burst_job_207,llm_inference,132295327103,FAILED_ISL_0_1_BURST,completion_time,PLACED,3,12-4-3,15937730.558419822,15.937730558419823,27188.4672794746,2708.3333333333335,159499.732113033,162208.06544636635,29912.738343366364,10000.0,False,0-1
burst_job_208,image_inference,132574766355,FAILED_ISL_0_1_BURST,completion_time,PLACED,7,12-8-9-10-11-7,42797438.6488737,42.7974386488737,26419.691166985926,1055.5555555555554,159037.2549606348,160092.81051619037,27518.044161190366,3000.0,False,0-1
burst_job_209,object_detection,132854205607,FAILED_ISL_0_1_BURST,completion_time,PLACED,0,12-4-3-0,21818472.91818597,21.81847291818597,27045.916569219204,1550.0,159921.9406491374,161471.9406491374,28617.735042137385,3000.0,False,0-1
burst_job_210,llm_inference,133133644860,FAILED_ISL_0_1_BURST,completion_time,PLACED,7,12-8-9-10-11-7,42796985.716806315,42.79698571680631,26916.368670473574,3777.777777777778,160092.81051619037,163870.58829396815,30736.943433968147,8000.0,False,0-1
burst_job_211,image_inference,133413084112,FAILED_ISL_0_1_BURST,completion_time,PLACED,0,12-4-3-0,21824485.671576608,21.824485671576607,28037.032051465794,850.0,161471.9406491374,162321.9406491374,28908.856537137384,2500.0,False,0-1
burst_job_212,object_detection,133692523364,FAILED_ISL_0_1_BURST,completion_time,PLACED,3,12-4-3,15946401.380094105,15.946401380094105,28499.59568098627,1208.3333333333335,162208.06544636635,163416.3987796997,29723.875415699702,6000.0,False,0-1
burst_job_213,llm_inference,133971962617,FAILED_ISL_0_1_BURST,completion_time,PLACED,0,12-4-3-0,21829563.45826115,21.829563458261152,28328.14846867911,3300.0,162321.9406491374,165621.9406491374,31649.978032137384,6000.0,False,0-1
burst_job_214,image_inference,134251401869,FAILED_ISL_0_1_BURST,completion_time,PLACED,3,12-4-3,15950285.60692267,15.95028560692267,29149.04662509277,833.3333333333334,163416.3987796997,164249.73211303304,29998.330244033044,2000.0,False,0-1
burst_job_215,object_detection,134530841121,FAILED_ISL_0_1_BURST,completion_time,PLACED,3,12-4-3,15952266.05126864,15.95226605126864,29702.938725981774,1333.3333333333335,164249.73211303304,165583.06544636638,31052.224325366376,5000.0,False,0-1
burst_job_216,llm_inference,134810280374,FAILED_ISL_0_1_BURST,completion_time,PLACED,7,12-8-9-10-11-7,42796347.54165761,42.79634754165761,29017.511572426505,3555.5555555555557,163870.58829396815,167426.1438495237,32615.863475523714,12000.0,False,0-1
burst_job_217,image_inference,135089719626,FAILED_ISL_0_1_BURST,completion_time,PLACED,3,12-4-3,15955626.277338324,15.955626277338324,30477.390194089036,750.0,165583.06544636638,166333.06544636638,31243.345820366376,1500.0,False,0-1
burst_job_218,object_detection,135369158879,FAILED_ISL_0_1_BURST,completion_time,PLACED,0,12-4-3-0,21844157.046225864,21.844157046225863,30230.93761309117,1500.0,165621.9406491374,167121.9406491374,31752.7817701374,4000.0,False,0-1
burst_job_219,llm_inference,135648598131,FAILED_ISL_0_1_BURST,completion_time,PLACED,3,12-4-3,15959742.310600452,15.959742310600452,30668.507573055773,2791.666666666667,166333.06544636638,169124.73211303304,33476.13398203303,10000.0,False,0-1
burst_job_220,image_inference,135928037383,FAILED_ISL_0_1_BURST,completion_time,PLACED,0,12-4-3-0,21850573.912759595,21.850573912759593,31172.05269222465,1050.0,167121.9406491374,168171.9406491374,32243.903266137408,3000.0,False,0-1
burst_job_221,object_detection,136207476636,FAILED_ISL_0_1_BURST,completion_time,PLACED,7,12-8-9-10-11-7,42796527.280702256,42.79652728070226,31175.870686242997,1555.5555555555554,167426.1438495237,168981.69940507927,32774.222769079264,3000.0,False,0-1
burst_job_222,llm_inference,136486915888,FAILED_ISL_0_1_BURST,completion_time,PLACED,0,12-4-3-0,21855997.074968304,21.855997074968304,31663.16876406243,3250.0,168171.9406491374,171421.9406491374,34935.02476113741,8000.0,False,0-1
burst_job_223,image_inference,136766355140,FAILED_ISL_0_1_BURST,completion_time,PLACED,3,12-4-3,15967557.864500558,15.967557864500558,32342.409415168542,791.6666666666667,169124.73211303304,169916.3987796997,33150.043639699696,2500.0,False,0-1
burst_job_224,object_detection,137045794393,FAILED_ISL_0_1_BURST,completion_time,PLACED,7,12-8-9-10-11-7,42796922.62692525,42.79692262692525,31893.108089452347,1722.2222222222222,168981.69940507927,170703.9216273015,33658.1272343015,6000.0,False,0-1
burst_job_225,llm_inference,137325233645,FAILED_ISL_0_1_BURST,completion_time,PLACED,3,12-4-3,15971961.087249788,15.971961087249788,32575.19317361244,2833.3333333333335,169916.3987796997,172749.73211303304,35424.49846803304,6000.0,False,0-1
burst_job_226,image_inference,137604672897,FAILED_ISL_0_1_BURST,completion_time,PLACED,7,12-8-9-10-11-7,42797348.29230123,42.79734829230123,33056.45138200917,944.4444444444445,170703.9216273015,171648.36607174593,34043.69317474592,2000.0,False,0-1
burst_job_227,object_detection,137884112150,FAILED_ISL_0_1_BURST,completion_time,PLACED,0,12-4-3-0,21871540.86059302,21.871540860593022,33515.9569582768,1450.0,171421.9406491374,172871.9406491374,34987.828499137395,5000.0,False,0-1
burst_job_228,llm_inference,138163551402,FAILED_ISL_0_1_BURST,completion_time,PLACED,7,12-8-9-10-11-7,42797800.01134866,42.797800011348656,33442.016869734565,3666.6666666666665,171648.36607174593,175315.03273841258,37151.48133641257,12000.0,False,0-1
burst_job_229,image_inference,138442990654,FAILED_ISL_0_1_BURST,completion_time,PLACED,3,12-4-3,15980296.16900658,15.98029616900658,34290.761162864044,833.3333333333334,172749.73211303304,173583.06544636638,35140.07479236639,1500.0,False,0-1
burst_job_230,object_detection,138722429907,FAILED_ISL_0_1_BURST,completion_time,PLACED,0,12-4-3-0,21881813.35838339,21.88181335838339,34127.62892877901,1600.0,172871.9406491374,174471.9406491374,35749.51074213738,4000.0,False,0-1
burst_job_231,llm_inference,139001869159,FAILED_ISL_0_1_BURST,completion_time,PLACED,3,12-4-3,15984979.52607175,15.984979526071749,34565.211307840305,2666.666666666667,173583.06544636638,176249.73211303304,37247.862954033044,10000.0,False,0-1
burst_job_232,image_inference,139281308411,FAILED_ISL_0_1_BURST,completion_time,PLACED,0,12-4-3-0,21887619.234285578,21.887619234285577,35168.74461890312,900.0,174471.9406491374,175371.9406491374,36090.63223813739,3000.0,False,0-1
burst_job_233,object_detection,139560747664,FAILED_ISL_0_1_BURST,completion_time,PLACED,0,12-4-3-0,21891130.618971158,21.891130618971157,35789.30185451842,1500.0,175371.9406491374,176871.9406491374,37311.1929851374,3000.0,False,0-1
burst_job_234,llm_inference,139840186916,FAILED_ISL_0_1_BURST,completion_time,PLACED,7,12-8-9-10-11-7,42799919.61403977,42.79991961403977,35432.045902798534,3722.222222222222,175315.03273841258,179037.2549606348,39197.0680446348,8000.0,False,0-1
burst_job_235,image_inference,140119626168,FAILED_ISL_0_1_BURST,completion_time,PLACED,3,12-4-3,15993830.118324311,15.993830118324311,36114.11211491472,875.0,176249.73211303304,177124.73211303304,37005.10594503305,2500.0,False,0-1
burst_job_236,object_detection,140399065421,FAILED_ISL_0_1_BURST,completion_time,PLACED,0,12-4-3-0,21900618.014409572,21.90061801440957,36450.97461012297,1400.0,176871.9406491374,178271.9406491374,37872.87522813739,6000.0,False,0-1
burst_job_237,llm_inference,140678504673,FAILED_ISL_0_1_BURST,completion_time,PLACED,3,12-4-3,15997962.57501574,15.997962575015741,36430.22947745802,2708.3333333333335,177124.73211303304,179833.06544636638,39154.56077336639,6000.0,False,0-1
burst_job_238,image_inference,140957943925,FAILED_ISL_0_1_BURST,completion_time,PLACED,0,12-4-3-0,21907842.972500976,21.907842972500976,37292.088881164906,950.0,178271.9406491374,179221.9406491374,38263.996724137396,2000.0,False,0-1
burst_job_239,object_detection,141237383178,FAILED_ISL_0_1_BURST,completion_time,PLACED,7,12-8-9-10-11-7,42802369.64118926,42.802369641189266,37757.06941299362,1722.2222222222222,179037.2549606348,180759.47718285702,39522.094004857034,5000.0,False,0-1
burst_job_240,llm_inference,141516822430,FAILED_ISL_0_1_BURST,completion_time,PLACED,0,12-4-3-0,21915168.7223048,21.9151687223048,37683.20305041509,3400.0,179221.9406491374,182621.9406491374,41105.118219137395,12000.0,False,0-1
burst_job_241,image_inference,141796261682,FAILED_ISL_0_1_BURST,completion_time,PLACED,3,12-4-3,16007297.330334144,16.007297330334143,38020.79646703604,708.3333333333334,179833.06544636638,180541.39877969972,38745.13709769971,1500.0,False,0-1
burst_job_242,object_detection,142075700935,FAILED_ISL_0_1_BURST,completion_time,PLACED,3,12-4-3,16009902.426782055,16.009902426782055,38449.687942272954,1208.3333333333335,180541.39877969972,181749.73211303307,39674.03117803307,4000.0,False,0-1
burst_job_243,llm_inference,142355140187,FAILED_ISL_0_1_BURST,completion_time,PLACED,7,12-8-9-10-11-7,42804737.030700095,42.804737030700096,38361.53225882631,3666.6666666666665,180759.47718285702,184426.14384952368,42071.00366252367,10000.0,False,0-1
burst_job_244,image_inference,142634579439,FAILED_ISL_0_1_BURST,completion_time,PLACED,3,12-4-3,16015179.860893723,16.015179860893724,39099.13749417217,833.3333333333334,181749.73211303307,182583.0654463664,39948.48600736642,3000.0,False,0-1
burst_job_245,object_detection,142914018692,FAILED_ISL_0_1_BURST,completion_time,PLACED,3,12-4-3,16017854.827919373,16.017854827919372,39653.028899538476,1333.3333333333335,182583.0654463664,183916.39877969975,41002.38008769974,3000.0,False,0-1
burst_job_246,llm_inference,143193457944,FAILED_ISL_0_1_BURST,completion_time,PLACED,0,12-4-3-0,21935169.400608875,21.935169400608874,39406.54753573678,3200.0,182621.9406491374,185821.9406491374,42628.4827051374,8000.0,False,0-1
burst_job_247,image_inference,143472897196,FAILED_ISL_0_1_BURST,completion_time,PLACED,3,12-4-3,16022371.879863903,16.022371879863904,40427.47921181988,750.0,183916.39877969975,184666.39877969975,41193.50158369975,2500.0,False,0-1
burst_job_248,object_detection,143752336449,FAILED_ISL_0_1_BURST,completion_time,PLACED,3,12-4-3,16025113.666870475,16.025113666870475,40898.03721703289,1250.0,184666.39877969975,185916.39877969975,42164.06233069976,6000.0,False,0-1
burst_job_249,llm_inference,144031775701,FAILED_ISL_0_1_BURST,completion_time,PLACED,7,12-8-9-10-11-7,42809160.38277316,42.80916038277316,40351.558988140896,3722.222222222222,184426.14384952368,188148.3660717459,44116.59037074589,6000.0,False,0-1
burst_job_250,image_inference,144311214953,FAILED_ISL_0_1_BURST,completion_time,PLACED,3,12-4-3,16030670.405203672,16.030670405203672,41589.153156294575,875.0,185916.39877969975,186791.39877969975,42480.183826699766,2000.0,False,0-1
burst_job_251,object_detection,144590654206,FAILED_ISL_0_1_BURST,completion_time,PLACED,0,12-4-3-0,21953227.866630375,21.953227866630375,41209.333215270744,1400.0,185821.9406491374,187221.9406491374,42631.28644313739,5000.0,False,0-1
burst_job_252,llm_inference,144870093458,FAILED_ISL_0_1_BURST,completion_time,PLACED,3,12-4-3,16035376.60144029,16.03537660144029,41905.26994509832,2708.3333333333335,186791.39877969975,189499.7321130331,44629.63865503311,12000.0,False,0-1
burst_job_253,image_inference,145149532710,FAILED_ISL_0_1_BURST,completion_time,PLACED,0,12-4-3-0,21961122.074343577,21.961122074343578,42050.44681706306,950.0,187221.9406491374,188171.9406491374,43022.407939137396,1500.0,False,0-1
burst_job_254,object_detection,145428971963,FAILED_ISL_0_1_BURST,completion_time,PLACED,0,12-4-3-0,21965110.613961015,21.965110613961016,42721.00357552344,1550.0,188171.9406491374,189721.9406491374,44292.96868613741,4000.0,False,0-1
burst_job_255,llm_inference,145708411215,FAILED_ISL_0_1_BURST,completion_time,PLACED,7,12-8-9-10-11-7,42814507.88582796,42.81450788582796,42397.14034886006,3777.777777777778,188148.3660717459,191926.14384952368,46217.73263452368,10000.0,False,0-1
burst_job_256,image_inference,145987850467,FAILED_ISL_0_1_BURST,completion_time,PLACED,3,12-4-3,16045967.804031605,16.045967804031605,43495.83567822905,708.3333333333334,189499.7321130331,190208.06544636644,44220.21497936643,3000.0,False,0-1
burst_job_257,object_detection,146267289720,FAILED_ISL_0_1_BURST,completion_time,PLACED,0,12-4-3-0,21975850.815706376,21.975850815706377,43432.675078321685,1450.0,189721.9406491374,191171.9406491374,44904.650929137395,3000.0,False,0-1
burst_job_258,llm_inference,146546728972,FAILED_ISL_0_1_BURST,completion_time,PLACED,3,12-4-3,16051881.449028058,16.05188144902806,43645.28459291739,2750.0,190208.06544636644,192958.06544636644,46411.33647436643,8000.0,False,0-1
burst_job_259,image_inference,146826168224,FAILED_ISL_0_1_BURST,completion_time,PLACED,0,12-4-3-0,21984015.19861996,21.98401519861996,44323.788409938774,1000.0,191171.9406491374,192171.9406491374,45345.7724251374,2500.0,False,0-1
burst_job_260,object_detection,147105607477,FAILED_ISL_0_1_BURST,completion_time,PLACED,7,12-8-9-10-11-7,42819600.32018538,42.81960032018538,44777.71677220348,1777.7777777777778,191926.14384952368,193703.92162730146,46598.31415030145,6000.0,False,0-1
burst_job_261,llm_inference,147385046729,FAILED_ISL_0_1_BURST,completion_time,PLACED,0,12-4-3-0,21990894.398815125,21.990894398815126,44764.903025738575,3200.0,192171.9406491374,195371.9406491374,47986.8939201374,6000.0,False,0-1
burst_job_262,image_inference,147664485981,FAILED_ISL_0_1_BURST,completion_time,PLACED,3,12-4-3,16062975.222734353,16.06297522273435,45277.516490143695,750.0,192958.06544636644,193708.06544636644,46043.579465366434,2000.0,False,0-1
burst_job_263,object_detection,147943925234,FAILED_ISL_0_1_BURST,completion_time,PLACED,3,12-4-3,16066053.794797603,16.066053794797604,45748.07415857166,1250.0,193708.06544636644,194958.06544636644,47014.140212366445,5000.0,False,0-1
burst_job_264,llm_inference,148223364486,FAILED_ISL_0_1_BURST,completion_time,PLACED,7,12-8-9-10-11-7,42824046.04346274,42.82404604346274,45437.73309525798,3722.222222222222,193703.92162730146,197426.14384952368,49202.779363523674,12000.0,False,0-1
burst_job_265,image_inference,148502803738,FAILED_ISL_0_1_BURST,completion_time,PLACED,3,12-4-3,16072292.750367006,16.072292750367005,46439.18941561607,875.0,194958.06544636644,195833.06544636644,47330.26170836645,1500.0,False,0-1
burst_job_266,object_detection,148782242991,FAILED_ISL_0_1_BURST,completion_time,PLACED,0,12-4-3-0,22010497.774584457,22.010497774584458,46567.68716036281,1400.0,195371.9406491374,196771.9406491374,47989.69765813739,4000.0,False,0-1
burst_job_267,llm_inference,149061682243,FAILED_ISL_0_1_BURST,completion_time,PLACED,3,12-4-3,16077559.01440197,16.07755901440197,46755.30564435205,2708.3333333333335,195833.06544636644,198541.39877969978,49479.716536699794,10000.0,False,0-1
burst_job_268,image_inference,149341121495,FAILED_ISL_0_1_BURST,completion_time,PLACED,0,12-4-3-0,22019052.27677787,22.01905227677787,47408.80010186063,950.0,196771.9406491374,197721.9406491374,48380.819154137396,3000.0,False,0-1
burst_job_269,object_detection,149620560748,FAILED_ISL_0_1_BURST,completion_time,PLACED,7,12-8-9-10-11-7,42830254.20163558,42.830254201635576,47762.75284732206,1722.2222222222222,197426.14384952368,199148.3660717459,49527.80532374591,3000.0,False,0-1
burst_job_270,llm_inference,149900000000,FAILED_ISL_0_1_BURST,completion_time,PLACED,0,12-4-3-0,22027705.505299762,22.02770550529976,47799.91294363211,3400.0,197721.9406491374,201121.9406491374,51221.940649137396,8000.0,False,0-1
burst_job_271,image_inference,150000000000,FAILED_ISL_0_1_BURST,completion_time,PLACED,3,12-4-3,16088296.122305999,16.088296122305998,48525.31048357749,708.3333333333334,198541.39877969978,199249.73211303313,49249.732113033126,2500.0,False,0-1
burst_job_272,object_detection,151720689655,FAILED_ISL_0_1_BURST,completion_time,PLACED,3,12-0-3,14287110.3222796,14.2871103222796,47514.75534771086,1208.3333333333335,199249.73211303313,200458.06544636647,48737.375791366474,6000.0,False,0-1
burst_job_273,llm_inference,153441379310,FAILED_ISL_0_1_BURST,completion_time,PLACED,7,12-8-9-10-11-7,42850208.49209096,42.850208492090964,45664.13655325383,3666.6666666666665,199148.3660717459,202815.03273841256,49373.65342841257,6000.0,False,0-1
burst_job_274,image_inference,155162068966,FAILED_ISL_0_1_BURST,completion_time,PLACED,3,12-0-3,14165317.344525237,14.165317344525237,45281.83116302194,833.3333333333334,200458.06544636647,201291.3987796998,46129.32981369982,2000.0,False,0-1
burst_job_275,object_detection,156882758621,FAILED_ISL_0_1_BURST,completion_time,PLACED,3,12-0-3,14104678.735020388,14.104678735020387,44394.535479964805,1333.3333333333335,201291.3987796998,202624.73211303315,45741.97349203317,5000.0,False,0-1
burst_job_276,llm_inference,158603448276,FAILED_ISL_0_1_BURST,completion_time,PLACED,0,12-0,8068669.45932309,8.06866945932309,42510.42370367807,3200.0,201121.9406491374,204321.9406491374,45718.492373137386,12000.0,False,0-1
burst_job_277,image_inference,160324137931,FAILED_ISL_0_1_BURST,completion_time,PLACED,3,12-0-3,13980413.324026922,13.980413324026921,42286.613768709125,750.0,202624.73211303315,203374.73211303315,43050.59418203315,1500.0,False,0-1
burst_job_278,object_detection,162044827586,FAILED_ISL_0_1_BURST,completion_time,PLACED,7,12-8-9-10-11-7,42911837.044623636,42.91183704462364,40727.29331536792,1666.6666666666665,202815.03273841256,204481.6994050792,42436.87181907921,4000.0,False,0-1
burst_job_279,llm_inference,163765517241,FAILED_ISL_0_1_BURST,completion_time,PLACED,3,12-0-3,13860471.317371447,13.860471317371447,39595.35440071579,2791.666666666667,203374.73211303315,206166.3987796998,42400.88153869982,10000.0,False,0-1
burst_job_280,image_inference,165486206897,FAILED_ISL_0_1_BURST,completion_time,PLACED,0,12-0,7804515.882784483,7.804515882784483,38827.929236254626,1050.0,204321.9406491374,205371.9406491374,39885.7337521374,3000.0,False,0-1
burst_job_281,object_detection,167206896552,FAILED_ISL_0_1_BURST,completion_time,PLACED,7,12-8-9-10-11-7,42959914.202084795,42.959914202084796,37231.84293887715,1555.5555555555554,204481.6994050792,206037.25496063477,38830.358408634784,3000.0,False,0-1
burst_job_282,llm_inference,168927586207,FAILED_ISL_0_1_BURST,completion_time,PLACED,0,12-0,7669946.119858692,7.669946119858692,36436.68449601755,3250.0,205371.9406491374,208621.9406491374,39694.35444213741,8000.0,False,0-1
burst_job_283,image_inference,170648275862,FAILED_ISL_0_1_BURST,completion_time,PLACED,3,12-0-3,13619585.69704211,13.61958569704211,35504.50333200276,791.6666666666667,206166.3987796998,206958.06544636647,36309.78958436646,2500.0,False,0-1
burst_job_284,object_detection,172368965517,FAILED_ISL_0_1_BURST,completion_time,PLACED,7,12-8-9-10-11-7,43014739.202295355,43.01473920229535,33625.274704432464,1722.2222222222222,206037.25496063477,207759.477182857,35390.51166585699,6000.0,False,0-1
burst_job_285,llm_inference,174089655172,FAILED_ISL_0_1_BURST,completion_time,PLACED,3,12-0-3,13502235.55937929,13.50223555937929,32854.9080388071,2833.3333333333335,206958.06544636647,209791.3987796998,35701.74360769981,6000.0,False,0-1
burst_job_286,image_inference,175810344828,FAILED_ISL_0_1_BURST,completion_time,PLACED,7,12-8-9-10-11-7,43056642.236374766,43.05664223637476,31906.07571262063,944.4444444444445,207759.477182857,208703.92162730143,32893.57679930143,2000.0,False,0-1
burst_job_287,object_detection,177531034483,FAILED_ISL_0_1_BURST,completion_time,PLACED,0,12-0,7343717.099113948,7.343717099113948,31083.56244903829,1450.0,208621.9406491374,210071.9406491374,32540.9061661374,5000.0,False,0-1
burst_job_288,llm_inference,179251724138,FAILED_ISL_0_1_BURST,completion_time,PLACED,7,12-8-9-10-11-7,43100600.65942624,43.10060065942624,29409.096888642,3666.6666666666665,208703.92162730143,212370.5882939681,33118.8641559681,12000.0,False,0-1
burst_job_289,image_inference,180972413793,FAILED_ISL_0_1_BURST,completion_time,PLACED,3,12-0-3,13267089.823423028,13.267089823423028,28805.717896876362,833.3333333333334,209791.3987796998,210624.73211303315,29652.31832003314,1500.0,False,0-1
burst_job_290,object_detection,182693103448,FAILED_ISL_0_1_BURST,completion_time,PLACED,0,12-0,7153509.679019343,7.1535096790193435,27371.68369145837,1600.0,210071.9406491374,211671.9406491374,28978.837201137387,4000.0,False,0-1
burst_job_291,llm_inference,184413793103,FAILED_ISL_0_1_BURST,completion_time,PLACED,3,12-0-3,13149474.526484516,13.149474526484516,26197.789535506658,2666.666666666667,210624.73211303315,213291.3987796998,28877.605676699808,10000.0,False,0-1
burst_job_292,image_inference,186134482759,FAILED_ISL_0_1_BURST,completion_time,PLACED,0,12-0,7024508.768662886,7.024508768662886,25530.433381368726,900.0,211671.9406491374,212571.9406491374,26437.45789013739,3000.0,False,0-1
burst_job_293,object_detection,187855172414,FAILED_ISL_0_1_BURST,completion_time,PLACED,7,12-8-9-10-11-7,43225608.39173042,43.22560839173042,24472.19027157637,1666.6666666666665,212370.5882939681,214037.25496063475,26182.082546634745,3000.0,False,0-1
burst_job_294,llm_inference,189575862069,FAILED_ISL_0_1_BURST,completion_time,PLACED,0,12-0,6900467.122491787,6.900467122491787,22989.178113014903,3350.0,212571.9406491374,215921.9406491374,26346.0785801374,8000.0,False,0-1
burst_job_295,image_inference,191296551724,FAILED_ISL_0_1_BURST,completion_time,PLACED,3,12-3,8265312.998634542,8.265312998634542,21986.58174270118,875.0,213291.3987796998,214166.3987796998,22869.84705569982,2500.0,False,0-1
burst_job_296,object_detection,193017241379,FAILED_ISL_0_1_BURST,completion_time,PLACED,3,12-3,8220395.257575159,8.22039525757516,21140.937005442218,1166.6666666666667,214166.3987796998,215333.06544636647,22315.824067366455,6000.0,False,0-1
burst_job_297,llm_inference,194737931034,FAILED_ISL_0_1_BURST,completion_time,PLACED,7,12-8-9-10-11-7,43339584.7091506,43.3395847091506,19255.984341925592,3611.111111111111,214037.25496063475,217648.36607174587,22910.43503774586,6000.0,False,0-1
burst_job_298,image_inference,196458620690,FAILED_ISL_0_1_BURST,completion_time,PLACED,3,12-3,8137135.157682986,8.137135157682986,18866.307621208776,791.6666666666667,215333.06544636647,216124.73211303313,19666.111423033115,2000.0,False,0-1
burst_job_299,object_detection,198179310345,FAILED_ISL_0_1_BURST,completion_time,PLACED,3,12-3,8096298.5733283525,8.096298573328353,17937.325469459785,1291.6666666666667,216124.73211303313,217416.39877969978,19237.088434699777,5000.0,False,0-1
burst_job_300,llm_inference,199900000000,FAILED_ISL_0_1_BURST,completion_time,PLACED,0,12-0,6529605.974944172,6.529605974944173,16015.411043162458,3400.0,215921.9406491374,219321.9406491374,19421.940649137396,12000.0,False,0-1
burst_job_001,image_inference,0,MULTI_FAILED_ISL_0_1_10_11_BURST,completion_time,UNPLACED,-1,,,,,,,,,1500.0,False,0-1;10-11
burst_job_002,object_detection,1720689655,MULTI_FAILED_ISL_0_1_10_11_BURST,completion_time,UNPLACED,-1,,,,,,,,,4000.0,False,0-1;10-11
burst_job_003,llm_inference,3441379310,MULTI_FAILED_ISL_0_1_10_11_BURST,completion_time,UNPLACED,-1,,,,,,,,,10000.0,False,0-1;10-11
burst_job_004,image_inference,5162068966,MULTI_FAILED_ISL_0_1_10_11_BURST,completion_time,UNPLACED,-1,,,,,,,,,3000.0,False,0-1;10-11
burst_job_005,object_detection,6882758621,MULTI_FAILED_ISL_0_1_10_11_BURST,completion_time,UNPLACED,-1,,,,,,,,,3000.0,False,0-1;10-11
burst_job_006,llm_inference,8603448276,MULTI_FAILED_ISL_0_1_10_11_BURST,completion_time,UNPLACED,-1,,,,,,,,,8000.0,False,0-1;10-11
burst_job_007,image_inference,10324137931,MULTI_FAILED_ISL_0_1_10_11_BURST,completion_time,UNPLACED,-1,,,,,,,,,2500.0,False,0-1;10-11
burst_job_008,object_detection,12044827586,MULTI_FAILED_ISL_0_1_10_11_BURST,completion_time,UNPLACED,-1,,,,,,,,,6000.0,False,0-1;10-11
burst_job_009,llm_inference,13765517241,MULTI_FAILED_ISL_0_1_10_11_BURST,completion_time,UNPLACED,-1,,,,,,,,,6000.0,False,0-1;10-11
burst_job_010,image_inference,15486206897,MULTI_FAILED_ISL_0_1_10_11_BURST,completion_time,UNPLACED,-1,,,,,,,,,2000.0,False,0-1;10-11
burst_job_011,object_detection,17206896552,MULTI_FAILED_ISL_0_1_10_11_BURST,completion_time,UNPLACED,-1,,,,,,,,,5000.0,False,0-1;10-11
burst_job_012,llm_inference,18927586207,MULTI_FAILED_ISL_0_1_10_11_BURST,completion_time,PLACED,3,12-4-3,17014782.498536468,17.01478249853647,0.0,2708.3333333333335,18944.600989498536,21652.93432283187,2725.348115831868,12000.0,True,0-1;10-11
burst_job_013,image_inference,20648275862,MULTI_FAILED_ISL_0_1_10_11_BURST,completion_time,PLACED,0,12-4-3-0,22390816.295104712,22.390816295104713,0.0,950.0,20670.666678295103,21620.666678295103,972.3908162951047,1500.0,True,0-1;10-11
burst_job_014,object_detection,22368965517,MULTI_FAILED_ISL_0_1_10_11_BURST,completion_time,PLACED,3,12-4-3,16937701.788615257,16.937701788615257,0.0,1291.6666666666667,22385.903218788615,23677.569885455283,1308.6043684552824,4000.0,True,0-1;10-11
burst_job_015,llm_inference,24089655172,MULTI_FAILED_ISL_0_1_10_11_BURST,completion_time,PLACED,3,12-4-3,16899980.69618387,16.89998069618387,0.0,2833.3333333333335,24106.555152696183,26939.888486029515,2850.233314029516,10000.0,True,0-1;10-11
burst_job_016,image_inference,25810344828,MULTI_FAILED_ISL_0_1_10_11_BURST,completion_time,PLACED,0,12-4-3-0,22298629.595636506,22.298629595636505,0.0,850.0,25832.643457595637,26682.643457595637,872.2986295956362,3000.0,True,0-1;10-11
burst_job_017,object_detection,27531034483,MULTI_FAILED_ISL_0_1_10_11_BURST,completion_time,PLACED,3,12-4-3,16824080.968678653,16.824080968678654,0.0,1208.3333333333335,27547.85856396868,28756.19189730201,1225.1574143020116,3000.0,True,0-1;10-11
burst_job_018,llm_inference,29251724138,MULTI_FAILED_ISL_0_1_10_11_BURST,completion_time,PLACED,3,12-4-3,16788089.817263898,16.7880898172639,0.0,2750.0,29268.512227817264,32018.512227817264,2766.7880898172625,8000.0,True,0-1;10-11
burst_job_019,image_inference,30972413793,MULTI_FAILED_ISL_0_1_10_11_BURST,completion_time,PLACED,0,12-4-3-0,22213196.413073275,22.213196413073277,0.0,1000.0,30994.626989413075,31994.626989413075,1022.2131964130749,2500.0,True,0-1;10-11
burst_job_020,object_detection,32693103448,MULTI_FAILED_ISL_0_1_10_11_BURST,completion_time,PLACED,3,12-4-3,16717857.802676708,16.717857802676708,0.0,1333.3333333333335,32709.821305802678,34043.15463913601,1350.0511911360081,6000.0,True,0-1;10-11
burst_job_021,llm_inference,34413793103,MULTI_FAILED_ISL_0_1_10_11_BURST,completion_time,PLACED,3,12-4-3,16681639.517664554,16.681639517664554,0.0,2666.666666666667,34430.47474251767,37097.14140918433,2683.348306184329,6000.0,True,0-1;10-11
burst_job_022,image_inference,36134482759,MULTI_FAILED_ISL_0_1_10_11_BURST,completion_time,PLACED,0,12-4-3-0,22131391.240417354,22.131391240417354,0.0,900.0,36156.61415024041,37056.61415024041,922.1313912404148,2000.0,True,0-1;10-11
burst_job_023,object_detection,37855172414,MULTI_FAILED_ISL_0_1_10_11_BURST,completion_time,PLACED,3,12-4-3,16615083.253955422,16.615083253955422,0.0,1250.0,37871.78749725396,39121.78749725396,1266.615083253957,5000.0,True,0-1;10-11
burst_job_024,llm_inference,39575862069,MULTI_FAILED_ISL_0_1_10_11_BURST,completion_time,PLACED,3,12-4-3,16582732.452484025,16.582732452484024,0.0,2791.666666666667,39592.44480145249,42384.111468119154,2808.2493991191513,12000.0,True,0-1;10-11
burst_job_025,image_inference,41296551724,MULTI_FAILED_ISL_0_1_10_11_BURST,completion_time,PLACED,0,12-4-3-0,22056566.461144596,22.056566461144595,0.0,1050.0,41318.60829046114,42368.60829046114,1072.0565664611422,1500.0,True,0-1;10-11
burst_job_026,object_detection,43017241379,MULTI_FAILED_ISL_0_1_10_11_BURST,completion_time,PLACED,3,12-4-3,16518111.604304435,16.518111604304433,0.0,1166.6666666666667,43033.7594906043,44200.426157270966,1183.1847782709665,4000.0,True,0-1;10-11
burst_job_027,llm_inference,44737931034,MULTI_FAILED_ISL_0_1_10_11_BURST,completion_time,PLACED,3,12-4-3,16487706.268293194,16.487706268293195,0.0,2708.3333333333335,44754.418740268295,47462.75207360163,2724.8210396016293,10000.0,True,0-1;10-11
burst_job_028,image_inference,46458620690,MULTI_FAILED_ISL_0_1_10_11_BURST,completion_time,PLACED,0,12-4-3-0,21985999.1755837,21.9859991755837,0.0,950.0,46480.60668917558,47430.60668917558,971.9859991755802,3000.0,True,0-1;10-11
burst_job_029,object_detection,48179310345,MULTI_FAILED_ISL_0_1_10_11_BURST,completion_time,PLACED,3,12-4-3,16428856.137140147,16.428856137140148,0.0,1291.6666666666667,48195.73920113714,49487.405867803805,1308.0955228038074,3000.0,True,0-1;10-11
burst_job_030,llm_inference,49900000000,MULTI_FAILED_ISL_0_1_10_11_BURST,completion_time,PLACED,3,12-4-3,16398779.699642664,16.398779699642663,0.0,2833.3333333333335,49916.398779699644,52749.73211303298,2849.73211303298,8000.0,True,0-1;10-11
burst_job_031,image_inference,50000000000,MULTI_FAILED_ISL_0_1_10_11_BURST,completion_time,PLACED,0,12-4-3-0,21940649.13739753,21.940649137397532,0.0,850.0,50021.940649137396,50871.940649137396,871.9406491373957,2500.0,True,0-1;10-11
burst_job_032,object_detection,50279439252,MULTI_FAILED_ISL_0_1_10_11_BURST,completion_time,PLACED,0,12-4-3-0,21938214.93538227,21.93821493538227,570.563182202015,1450.0,50871.940649137396,52321.940649137396,2042.5013971373992,6000.0,True,0-1;10-11
burst_job_033,llm_inference,50558878505,MULTI_FAILED_ISL_0_1_10_11_BURST,completion_time,PLACED,3,12-4-3,16388917.65483643,16.38891765483643,2174.4646903781395,2750.0,52749.73211303298,55499.73211303298,4940.8536080329795,6000.0,True,0-1;10-11
burst_job_034,image_inference,50838317757,MULTI_FAILED_ISL_0_1_10_11_BURST,completion_time,PLACED,0,12-4-3-0,21930977.45273243,21.930977452732428,1461.691914684663,1000.0,52321.940649137396,53321.940649137396,2483.6228921373986,2000.0,False,0-1;10-11
burst_job_035,object_detection,51117757009,MULTI_FAILED_ISL_0_1_10_11_BURST,completion_time,PLACED,0,12-4-3-0,21927380.016663052,21.92738001666305,2182.256260120732,1600.0,53321.940649137396,54921.940649137396,3804.183640137395,5000.0,True,0-1;10-11
burst_job_036,llm_inference,51397196262,MULTI_FAILED_ISL_0_1_10_11_BURST,completion_time,PLACED,0,12-4-3-0,21924996.394661438,21.924996394661438,3502.819390742734,3200.0,54921.940649137396,58121.940649137396,6724.744387137398,12000.0,True,0-1;10-11
burst_job_037,image_inference,51676635514,MULTI_FAILED_ISL_0_1_10_11_BURST,completion_time,PLACED,3,12-4-3,16371062.33161277,16.37106233161277,3806.725536701364,750.0,55499.73211303298,56249.73211303298,4573.096599032979,1500.0,False,0-1;10-11
burst_job_038,object_detection,51956074766,MULTI_FAILED_ISL_0_1_10_11_BURST,completion_time,PLACED,3,12-4-3,16366244.505362399,16.3662445053624,4277.291102527619,1250.0,56249.73211303298,57499.73211303298,5543.657347032982,4000.0,False,0-1;10-11
burst_job_039,llm_inference,52235514019,MULTI_FAILED_ISL_0_1_10_11_BURST,completion_time,PLACED,3,12-4-3,16361444.889750162,16.361444889750164,5247.856649143228,2791.666666666667,57499.73211303298,60291.398779699644,8055.884760699642,10000.0,True,0-1;10-11
burst_job_040,image_inference,52514953271,MULTI_FAILED_ISL_0_1_10_11_BURST,completion_time,PLACED,0,12-4-3-0,21910887.81843603,21.91088781843603,5585.076490318963,1050.0,58121.940649137396,59171.940649137396,6656.987378137397,3000.0,False,0-1;10-11
burst_job_041,object_detection,52794392523,MULTI_FAILED_ISL_0_1_10_11_BURST,completion_time,PLACED,0,12-4-3-0,21908573.853125647,21.908573853125645,6355.639552284265,1400.0,59171.940649137396,60571.940649137396,7777.548126137393,3000.0,False,0-1;10-11
burst_job_042,llm_inference,53073831776,MULTI_FAILED_ISL_0_1_10_11_BURST,completion_time,PLACED,3,12-4-3,16348748.869648049,16.34874886964805,7201.218254829997,2708.3333333333335,60291.398779699644,62999.73211303298,9925.900337032981,8000.0,False,0-1;10-11
burst_job_043,image_inference,53353271028,MULTI_FAILED_ISL_0_1_10_11_BURST,completion_time,PLACED,0,12-4-3-0,21901674.42431041,21.901674424310407,7196.76794671308,950.0,60571.940649137396,61521.940649137396,8168.669621137393,2500.0,False,0-1;10-11
burst_job_044,object_detection,53632710280,MULTI_FAILED_ISL_0_1_10_11_BURST,completion_time,PLACED,0,12-4-3-0,21898255.384299055,21.898255384299055,7867.332113753095,1550.0,61521.940649137396,63071.940649137396,9439.230369137396,6000.0,False,0-1;10-11
burst_job_045,llm_inference,53912149533,MULTI_FAILED_ISL_0_1_10_11_BURST,completion_time,PLACED,3,12-4-3,16334652.3814189,16.334652381418902,9071.247927651559,2833.3333333333335,62999.73211303298,65833.06544636631,11920.915913366305,6000.0,False,0-1;10-11
burst_job_046,image_inference,54191588785,MULTI_FAILED_ISL_0_1_10_11_BURST,completion_time,PLACED,0,12-4-3-0,21892599.24362224,21.89259924362224,8858.459264893776,850.0,63071.940649137396,63921.940649137396,9730.351864137396,2000.0,False,0-1;10-11
burst_job_047,object_detection,54471028037,MULTI_FAILED_ISL_0_1_10_11_BURST,completion_time,PLACED,0,12-4-3-0,21889236.509765428,21.88923650976543,9429.023375627636,1450.0,63921.940649137396,65371.940649137396,10900.9126121374,5000.0,False,0-1;10-11
burst_job_048,llm_inference,54750467290,MULTI_FAILED_ISL_0_1_10_11_BURST,completion_time,PLACED,3,12-4-3,16322283.98435647,16.32228398435647,11066.27587238195,2750.0,65833.06544636631,68583.06544636631,13832.598156366308,12000.0,False,0-1;10-11
burst_job_049,image_inference,55029906542,MULTI_FAILED_ISL_0_1_10_11_BURST,completion_time,PLACED,0,12-4-3-0,21882570.27984527,21.88257027984527,10320.151536857556,1000.0,65371.940649137396,66371.9406491374,11342.034107137399,1500.0,False,0-1;10-11
burst_job_050,object_detection,55309345794,MULTI_FAILED_ISL_0_1_10_11_BURST,completion_time,PLACED,0,12-4-3-0,21879272.751400344,21.879272751400343,11040.715582385994,1600.0,66371.9406491374,67971.9406491374,12662.594855137395,4000.0,False,0-1;10-11
burst_job_051,llm_inference,55588785047,MULTI_FAILED_ISL_0_1_10_11_BURST,completion_time,PLACED,0,12-4-3-0,21877081.260352895,21.877081260352895,12361.278520877044,3200.0,67971.9406491374,71171.9406491374,15583.155602137398,10000.0,False,0-1;10-11
burst_job_052,image_inference,55868224299,MULTI_FAILED_ISL_0_1_10_11_BURST,completion_time,PLACED,3,12-4-3,16305533.093795959,16.305533093795958,12698.535614272514,750.0,68583.06544636631,69333.06544636631,13464.841147366307,3000.0,False,0-1;10-11
burst_job_053,object_detection,56147663551,MULTI_FAILED_ISL_0_1_10_11_BURST,completion_time,PLACED,3,12-4-3,16301014.724867841,16.30101472486784,13169.100880641447,1250.0,69333.06544636631,70583.06544636631,14435.40189536631,3000.0,False,0-1;10-11
burst_job_054,llm_inference,56427102804,MULTI_FAILED_ISL_0_1_10_11_BURST,completion_time,PLACED,3,12-4-3,16296512.0943394,16.296512094339402,14139.666130271966,2791.666666666667,70583.06544636631,73374.73211303298,16947.62930903298,8000.0,False,0-1;10-11
burst_job_055,image_inference,56706542056,MULTI_FAILED_ISL_0_1_10_11_BURST,completion_time,PLACED,0,12-4-3-0,21864152.46371125,21.86415246371125,14443.534440673684,1050.0,71171.9406491374,72221.9406491374,15515.398593137397,2500.0,False,0-1;10-11
burst_job_056,object_detection,56985981308,MULTI_FAILED_ISL_0_1_10_11_BURST,completion_time,PLACED,0,12-4-3-0,21862031.723899763,21.86203172389976,15214.097309413497,1400.0,72221.9406491374,73621.9406491374,16635.959341137393,6000.0,False,0-1;10-11
burst_job_057,llm_inference,57265420561,MULTI_FAILED_ISL_0_1_10_11_BURST,completion_time,PLACED,3,12-4-3,16284633.330401884,16.284633330401885,16093.026918702577,2708.3333333333335,73374.73211303298,76083.06544636631,18817.64488536631,6000.0,False,0-1;10-11
burst_job_058,image_inference,57544859813,MULTI_FAILED_ISL_0_1_10_11_BURST,completion_time,PLACED,0,12-4-3-0,21855718.928081475,21.855718928081476,16055.22511720931,950.0,73621.9406491374,74571.9406491374,17027.080836137393,2000.0,False,0-1;10-11
burst_job_059,object_detection,57824299065,MULTI_FAILED_ISL_0_1_10_11_BURST,completion_time,PLACED,0,12-4-3-0,21852602.75753328,21.85260275753328,16725.78898137986,1550.0,74571.9406491374,76121.9406491374,18297.641584137396,5000.0,False,0-1;10-11
burst_job_060,llm_inference,58103738318,MULTI_FAILED_ISL_0_1_10_11_BURST,completion_time,PLACED,3,12-4-3,16271444.576146366,16.271444576146365,17963.05568379016,2833.3333333333335,76083.06544636631,78916.39877969964,20812.660461699634,12000.0,False,0-1;10-11
burst_job_061,image_inference,58383177570,MULTI_FAILED_ISL_0_1_10_11_BURST,completion_time,PLACED,0,12-4-3-0,21847445.159187917,21.847445159187917,17716.915633978206,850.0,76121.9406491374,76971.9406491374,18588.763079137396,1500.0,False,0-1;10-11
burst_job_062,object_detection,58662616822,MULTI_FAILED_ISL_0_1_10_11_BURST,completion_time,PLACED,0,12-4-3-0,21844381.854963716,21.844381854963718,18287.479445282428,1450.0,76971.9406491374,78421.9406491374,19759.323827137392,4000.0,False,0-1;10-11
burst_job_063,llm_inference,58942056075,MULTI_FAILED_ISL_0_1_10_11_BURST,completion_time,PLACED,3,12-4-3,16259895.782252358,16.259895782252357,19958.08280891738,2750.0,78916.39877969964,81666.39877969964,22724.342704699637,10000.0,False,0-1;10-11
burst_job_064,image_inference,59221495327,MULTI_FAILED_ISL_0_1_10_11_BURST,completion_time,PLACED,0,12-4-3-0,21838315.18017493,21.838315180174927,19178.607006957223,1000.0,78421.9406491374,79421.9406491374,20200.4453221374,3000.0,False,0-1;10-11
burst_job_065,object_detection,59500934579,MULTI_FAILED_ISL_0_1_10_11_BURST,completion_time,PLACED,0,12-4-3-0,21835319.03208996,21.83531903208996,19899.170751105303,1600.0,79421.9406491374,81021.9406491374,21521.006070137395,3000.0,False,0-1;10-11
burst_job_066,llm_inference,59780373832,MULTI_FAILED_ISL_0_1_10_11_BURST,completion_time,PLACED,0,12-4-3-0,21833325.976756837,21.833325976756836,21219.733491160645,3200.0,81021.9406491374,84221.9406491374,24441.566817137398,8000.0,False,0-1;10-11
burst_job_067,image_inference,60059813084,MULTI_FAILED_ISL_0_1_10_11_BURST,completion_time,PLACED,3,12-4-3,16244270.655923795,16.244270655923795,21590.341425043713,750.0,81666.39877969964,82416.39877969964,22356.585695699636,2500.0,False,0-1;10-11
burst_job_068,object_detection,60339252336,MULTI_FAILED_ISL_0_1_10_11_BURST,completion_time,PLACED,3,12-4-3,16240058.483490322,16.240058483490323,22060.90638521615,1250.0,82416.39877969964,83666.39877969964,23327.14644369964,6000.0,False,0-1;10-11
burst_job_069,llm_inference,60618691589,MULTI_FAILED_ISL_0_1_10_11_BURST,completion_time,PLACED,3,12-4-3,16235872.37076249,16.23587237076249,23031.47131832887,2791.666666666667,83666.39877969964,86458.06544636631,25839.373857366307,6000.0,False,0-1;10-11
burst_job_070,image_inference,60898130841,MULTI_FAILED_ISL_0_1_10_11_BURST,completion_time,PLACED,0,12-4-3-0,21822570.15442437,21.82257015442437,23301.987237982976,1050.0,84221.9406491374,85271.9406491374,24373.809808137397,2000.0,False,0-1;10-11
burst_job_071,object_detection,61177570093,MULTI_FAILED_ISL_0_1_10_11_BURST,completion_time,PLACED,0,12-4-3-0,21819686.006934512,21.81968600693451,24072.550870130457,1400.0,85271.9406491374,86671.9406491374,25494.370556137394,5000.0,False,0-1;10-11
burst_job_072,llm_inference,61457009346,MULTI_FAILED_ISL_0_1_10_11_BURST,completion_time,PLACED,3,12-4-3,16224815.183379207,16.224815183379206,24984.831285182932,2708.3333333333335,86458.06544636631,89166.39877969964,27709.389433699638,12000.0,False,0-1;10-11
burst_job_073,image_inference,61736448598,MULTI_FAILED_ISL_0_1_10_11_BURST,completion_time,PLACED,0,12-4-3-0,21813983.706624877,21.813983706624878,24913.678067430767,950.0,86671.9406491374,87621.9406491374,25885.492051137393,1500.0,False,0-1;10-11
burst_job_074,object_detection,62015887850,MULTI_FAILED_ISL_0_1_10_11_BURST,completion_time,PLACED,0,12-4-3-0,21811167.243152235,21.811167243152234,25584.24163189424,1550.0,87621.9406491374,89171.9406491374,27156.052799137397,4000.0,False,0-1;10-11
burst_job_075,llm_inference,62295327103,MULTI_FAILED_ISL_0_1_10_11_BURST,completion_time,PLACED,3,12-4-3,16213921.506690335,16.213921506690333,26854.85775519294,2833.3333333333335,89166.39877969964,91999.73211303297,29704.405010032962,10000.0,False,0-1;10-11
burst_job_076,image_inference,62574766355,MULTI_FAILED_ISL_0_1_10_11_BURST,completion_time,PLACED,0,12-4-3-0,21806521.104658872,21.806521104658874,26575.36777303274,850.0,89171.9406491374,90021.9406491374,27447.174294137396,3000.0,False,0-1;10-11
burst_job_077,object_detection,62854205607,MULTI_FAILED_ISL_0_1_10_11_BURST,completion_time,PLACED,0,12-4-3-0,21803760.342241395,21.803760342241397,27145.93128179515,1450.0,90021.9406491374,91471.9406491374,28617.735042137392,3000.0,False,0-1;10-11
burst_job_078,llm_inference,63133644860,MULTI_FAILED_ISL_0_1_10_11_BURST,completion_time,PLACED,3,12-4-3,16201857.73616535,16.20185773616535,28849.8853952968,2750.0,91999.73211303297,94749.73211303297,31616.087253032965,8000.0,False,0-1;10-11
burst_job_079,image_inference,63413084112,MULTI_FAILED_ISL_0_1_10_11_BURST,completion_time,PLACED,0,12-4-3-0,21798306.792363957,21.798306792363956,28037.058230345036,1000.0,91471.9406491374,92471.9406491374,29058.8565371374,2500.0,False,0-1;10-11
burst_job_080,object_detection,63692523364,MULTI_FAILED_ISL_0_1_10_11_BURST,completion_time,PLACED,0,12-4-3-0,21796510.527324907,21.79651052732491,28757.62077461007,1600.0,92471.9406491374,94071.9406491374,30379.417285137395,6000.0,False,0-1;10-11
burst_job_081,llm_inference,63971962617,MULTI_FAILED_ISL_0_1_10_11_BURST,completion_time,PLACED,0,12-4-3-0,21793834.679151565,21.793834679151566,30078.18419745825,3200.0,94071.9406491374,97271.9406491374,33299.9780321374,6000.0,False,0-1;10-11
burst_job_082,image_inference,64251401869,MULTI_FAILED_ISL_0_1_10_11_BURST,completion_time,PLACED,3,12-4-3,16187387.201972537,16.187387201972538,30482.142856830993,750.0,94749.73211303297,95499.73211303297,31248.330244032964,2000.0,False,0-1;10-11
burst_job_083,object_detection,64530841121,MULTI_FAILED_ISL_0_1_10_11_BURST,completion_time,PLACED,3,12-4-3,16183489.507865775,16.183489507865776,30952.707502525103,1250.0,95499.73211303297,96749.73211303297,32218.890992032968,5000.0,False,0-1;10-11
burst_job_084,llm_inference,64810280374,MULTI_FAILED_ISL_0_1_10_11_BURST,completion_time,PLACED,3,12-4-3,16179622.924575714,16.179622924575714,31923.27211610839,2791.666666666667,96749.73211303297,99541.39877969964,34731.118405699635,12000.0,False,0-1;10-11
burst_job_085,image_inference,65089719626,MULTI_FAILED_ISL_0_1_10_11_BURST,completion_time,PLACED,0,12-4-3-0,21784202.797583565,21.784202797583564,32160.43682033981,1050.0,97271.9406491374,98321.9406491374,33232.2210231374,1500.0,False,0-1;10-11
burst_job_086,object_detection,65369158879,MULTI_FAILED_ISL_0_1_10_11_BURST,completion_time,PLACED,0,12-4-3-0,21781633.93628385,21.78163393628385,32931.00013620111,1400.0,98321.9406491374,99721.9406491374,34352.78177013739,4000.0,False,0-1;10-11
burst_job_087,llm_inference,65648598131,MULTI_FAILED_ISL_0_1_10_11_BURST,completion_time,PLACED,3,12-4-3,16169414.127513397,16.1694141275134,33876.63123457212,2708.3333333333335,99541.39877969964,102249.73211303297,36601.13398203296,10000.0,False,0-1;10-11
burst_job_088,image_inference,65928037383,MULTI_FAILED_ISL_0_1_10_11_BURST,completion_time,PLACED,0,12-4-3-0,21776551.199386988,21.776551199386986,33772.126714938,950.0,99721.9406491374,100671.9406491374,34743.90326613739,3000.0,False,0-1;10-11
burst_job_089,object_detection,66207476636,MULTI_FAILED_ISL_0_1_10_11_BURST,completion_time,PLACED,0,12-4-3-0,21774042.546176977,21.77404254617698,34442.68997059121,1550.0,100671.9406491374,102221.9406491374,36014.46401313739,3000.0,False,0-1;10-11
burst_job_090,llm_inference,66486915888,MULTI_FAILED_ISL_0_1_10_11_BURST,completion_time,PLACED,3,12-4-3,16159370.71107873,16.15937071107873,35746.65685432189,2833.3333333333335,102249.73211303297,105083.0654463663,38596.14955836629,8000.0,False,0-1;10-11
burst_job_091,image_inference,66766355140,MULTI_FAILED_ISL_0_1_10_11_BURST,completion_time,PLACED,0,12-4-3-0,21769917.863227446,21.769917863227445,35433.815591274164,850.0,102221.9406491374,103071.9406491374,36305.585509137396,2500.0,False,0-1;10-11
burst_job_092,object_detection,67045794393,MULTI_FAILED_ISL_0_1_10_11_BURST,completion_time,PLACED,0,12-4-3-0,21767471.723360207,21.767471723360206,36004.37878441403,1450.0,103071.9406491374,104521.9406491374,37476.14625613739,6000.0,False,0-1;10-11
burst_job_093,llm_inference,67325233645,MULTI_FAILED_ISL_0_1_10_11_BURST,completion_time,PLACED,0,12-4-3-0,21765048.475917958,21.765048475917958,37174.941955661474,3300.0,104521.9406491374,107821.9406491374,40496.707004137395,6000.0,False,0-1;10-11
burst_job_094,image_inference,67604672897,MULTI_FAILED_ISL_0_1_10_11_BURST,completion_time,PLACED,3,12-4-3,16144610.273159556,16.144610273159557,37462.24793909314,833.3333333333334,105083.0654463663,105916.39877969962,38311.725882699626,2000.0,False,0-1;10-11
burst_job_095,object_detection,67884112150,MULTI_FAILED_ISL_0_1_10_11_BURST,completion_time,PLACED,3,12-4-3,16142186.926496787,16.142186926496787,38016.14444277312,1333.3333333333335,105916.39877969962,107249.73211303295,39365.61996303295,5000.0,False,0-1;10-11
burst_job_096,llm_inference,68163551402,MULTI_FAILED_ISL_0_1_10_11_BURST,completion_time,PLACED,3,12-4-3,16138571.369717877,16.138571369717877,39070.04213966323,2666.666666666667,107249.73211303295,109916.39877969962,41752.847377699625,12000.0,False,0-1;10-11
burst_job_097,image_inference,68442990654,MULTI_FAILED_ISL_0_1_10_11_BURST,completion_time,PLACED,0,12-4-3-0,21756360.02503622,21.75636002503622,39357.19363511236,900.0,107821.9406491374,108721.9406491374,40278.9499951374,1500.0,False,0-1;10-11
burst_job_098,object_detection,68722429907,MULTI_FAILED_ISL_0_1_10_11_BURST,completion_time,PLACED,0,12-4-3-0,21754040.83513501,21.754040835135008,39977.75670130226,1500.0,108721.9406491374,110221.9406491374,41499.5107421374,4000.0,False,0-1;10-11
burst_job_099,llm_inference,69001869159,MULTI_FAILED_ISL_0_1_10_11_BURST,completion_time,PLACED,3,12-4-3,16127864.169224864,16.127864169224864,40898.40175653041,2791.666666666667,109916.39877969962,112708.0654463663,43706.1962873663,10000.0,False,0-1;10-11
burst_job_100,image_inference,69281308411,MULTI_FAILED_ISL_0_1_10_11_BURST,completion_time,PLACED,0,12-4-3-0,21750230.387399614,21.750230387399615,40918.882007749984,1050.0,110221.9406491374,111271.9406491374,41990.63223813739,3000.0,False,0-1;10-11
burst_job_101,object_detection,69560747664,MULTI_FAILED_ISL_0_1_10_11_BURST,completion_time,PLACED,0,12-4-3-0,21747974.30886726,21.74797430886726,41689.44501082854,1400.0,111271.9406491374,112671.9406491374,43111.1929851374,3000.0,False,0-1;10-11
burst_job_102,llm_inference,69840186916,MULTI_FAILED_ISL_0_1_10_11_BURST,completion_time,PLACED,3,12-4-3,16118522.11887259,16.11852211887259,42851.76000824741,2708.3333333333335,112708.0654463663,115416.39877969962,45576.21186369962,8000.0,False,0-1;10-11
burst_job_103,image_inference,70119626168,MULTI_FAILED_ISL_0_1_10_11_BURST,completion_time,PLACED,0,12-4-3-0,21743530.70204467,21.74353070204467,42530.57095043534,950.0,112671.9406491374,113621.9406491374,43502.31448113739,2500.0,False,0-1;10-11
burst_job_104,object_detection,70399065421,MULTI_FAILED_ISL_0_1_10_11_BURST,completion_time,PLACED,0,12-4-3-0,21742071.961443096,21.742071961443095,43201.13315617594,1550.0,113621.9406491374,115171.9406491374,44772.87522813739,6000.0,False,0-1;10-11
burst_job_105,llm_inference,70678504673,MULTI_FAILED_ISL_0_1_10_11_BURST,completion_time,PLACED,3,12-4-3,16109346.466789588,16.10934646678959,44721.784760232826,2833.3333333333335,115416.39877969962,118249.73211303295,47571.22744003295,6000.0,False,0-1;10-11
burst_job_106,image_inference,70957943925,MULTI_FAILED_ISL_0_1_10_11_BURST,completion_time,PLACED,0,12-4-3-0,21737744.77767757,21.73774477767757,44192.258979359714,850.0,115171.9406491374,116021.9406491374,45063.996724137396,2000.0,False,0-1;10-11
burst_job_107,object_detection,71237383178,MULTI_FAILED_ISL_0_1_10_11_BURST,completion_time,PLACED,0,12-4-3-0,21735620.6665302,21.7356206665302,44762.821850470864,1450.0,116021.9406491374,117471.9406491374,46234.55747113739,5000.0,False,0-1;10-11
burst_job_108,llm_inference,71516822430,MULTI_FAILED_ISL_0_1_10_11_BURST,completion_time,PLACED,0,12-4-3-0,21733512.378566246,21.733512378566246,45933.384706758836,3300.0,117471.9406491374,120771.9406491374,49255.118219137395,12000.0,False,0-1;10-11
burst_job_109,image_inference,71796261682,MULTI_FAILED_ISL_0_1_10_11_BURST,completion_time,PLACED,3,12-4-3,16097004.481963953,16.097004481963953,46437.373426550985,833.3333333333334,118249.73211303295,119083.06544636628,47286.80376436628,1500.0,False,0-1;10-11
burst_job_110,object_detection,72075700935,MULTI_FAILED_ISL_0_1_10_11_BURST,completion_time,PLACED,3,12-4-3,16093696.662218701,16.0936966622187,46991.270814704054,1333.3333333333335,119083.06544636628,120416.39877969961,48340.69784469961,4000.0,False,0-1;10-11
burst_job_111,llm_inference,72355140187,MULTI_FAILED_ISL_0_1_10_11_BURST,completion_time,PLACED,3,12-4-3,16090407.974411154,16.090407974411153,48045.168184725204,2666.666666666667,120416.39877969961,123083.06544636628,50727.92525936628,10000.0,False,0-1;10-11
burst_job_112,image_inference,72634579439,MULTI_FAILED_ISL_0_1_10_11_BURST,completion_time,PLACED,0,12-4-3-0,21725998.870749813,21.725998870749812,48115.63521126665,900.0,120771.9406491374,121671.9406491374,49037.3612101374,3000.0,False,0-1;10-11
burst_job_113,object_detection,72914018692,MULTI_FAILED_ISL_0_1_10_11_BURST,completion_time,PLACED,0,12-4-3-0,21724004.707218383,21.724004707218384,48736.197952430186,1500.0,121671.9406491374,123171.9406491374,50257.9219571374,3000.0,False,0-1;10-11
burst_job_114,llm_inference,73193457944,MULTI_FAILED_ISL_0_1_10_11_BURST,completion_time,PLACED,3,12-4-3,16081760.783833262,16.08176078383326,49873.525741582445,2791.666666666667,123083.06544636628,125874.73211303295,52681.27416903296,8000.0,False,0-1;10-11
burst_job_115,image_inference,73472897196,MULTI_FAILED_ISL_0_1_10_11_BURST,completion_time,PLACED,0,12-4-3-0,21720732.93946288,21.72073293946288,49677.32272019793,1050.0,123171.9406491374,124221.9406491374,50749.04345313739,2500.0,False,0-1;10-11
burst_job_116,object_detection,73752336449,MULTI_FAILED_ISL_0_1_10_11_BURST,completion_time,PLACED,0,12-4-3-0,21718800.103186633,21.718800103186634,50447.88540003421,1400.0,124221.9406491374,125621.9406491374,51869.6042001374,6000.0,False,0-1;10-11
burst_job_117,llm_inference,74031775701,MULTI_FAILED_ISL_0_1_10_11_BURST,completion_time,PLACED,3,12-4-3,16072228.920983626,16.072228920983626,51826.884183111964,2708.3333333333335,125874.73211303295,128583.06544636628,54551.28974536627,6000.0,False,0-1;10-11
burst_job_118,image_inference,74311214953,MULTI_FAILED_ISL_0_1_10_11_BURST,completion_time,PLACED,0,12-4-3-0,21715001.749023624,21.715001749023624,51289.01069438837,950.0,125621.9406491374,126571.9406491374,52260.72569613739,2000.0,False,0-1;10-11
burst_job_119,object_detection,74590654206,MULTI_FAILED_ISL_0_1_10_11_BURST,completion_time,PLACED,0,12-4-3-0,21713759.006061263,21.713759006061263,51959.57268413133,1550.0,126571.9406491374,128121.9406491374,53531.28644313739,5000.0,False,0-1;10-11
burst_job_120,llm_inference,74870093458,MULTI_FAILED_ISL_0_1_10_11_BURST,completion_time,PLACED,3,12-4-3,16063946.295911657,16.063946295911656,53696.90804207037,2833.3333333333335,128583.06544636628,131416.3987796996,56546.305321699605,12000.0,False,0-1;10-11
burst_job_121,image_inference,75149532710,MULTI_FAILED_ISL_0_1_10_11_BURST,completion_time,PLACED,0,12-4-3-0,21710091.265928794,21.710091265928792,52950.697847871474,850.0,128121.9406491374,128971.9406491374,53822.407939137396,1500.0,False,0-1;10-11
burst_job_122,object_detection,75428971963,MULTI_FAILED_ISL_0_1_10_11_BURST,completion_time,PLACED,0,12-4-3-0,21708290.653897624,21.708290653897624,53521.26039548349,1450.0,128971.9406491374,130421.9406491374,54992.96868613739,4000.0,False,0-1;10-11
burst_job_123,llm_inference,75708411215,MULTI_FAILED_ISL_0_1_10_11_BURST,completion_time,PLACED,0,12-4-3-0,21706512.149497226,21.706512149497225,54691.8229219879,3300.0,130421.9406491374,133721.9406491374,58013.529434137396,10000.0,False,0-1;10-11
burst_job_124,image_inference,75987850467,MULTI_FAILED_ISL_0_1_10_11_BURST,completion_time,PLACED,3,12-4-3,16052831.59882095,16.05283159882095,55412.49548110079,833.3333333333334,131416.3987796996,132249.73211303295,56261.881646032954,3000.0,False,0-1;10-11
burst_job_125,object_detection,76267289720,MULTI_FAILED_ISL_0_1_10_11_BURST,completion_time,PLACED,3,12-4-3,16049854.199604198,16.049854199604198,55966.392538833345,1333.3333333333335,132249.73211303295,133583.0654463663,57315.77572636629,3000.0,False,0-1;10-11
burst_job_126,llm_inference,76546728972,MULTI_FAILED_ISL_0_1_10_11_BURST,completion_time,PLACED,3,12-4-3,16046900.587062044,16.046900587062044,57020.28957377923,2666.666666666667,133583.0654463663,136249.73211303295,59703.003141032954,8000.0,False,0-1;10-11
burst_job_127,image_inference,76826168224,MULTI_FAILED_ISL_0_1_10_11_BURST,completion_time,PLACED,0,12-4-3-0,21700198.242658276,21.700198242658278,56874.07222689474,900.0,133721.9406491374,134621.9406491374,57795.7724251374,2500.0,False,0-1;10-11
burst_job_128,object_detection,77105607477,MULTI_FAILED_ISL_0_1_10_11_BURST,completion_time,PLACED,0,12-4-3-0,21698533.58545995,21.698533585459952,57494.63463855194,1500.0,134621.9406491374,136121.9406491374,59016.3331721374,6000.0,False,0-1;10-11
burst_job_129,llm_inference,77385046729,MULTI_FAILED_ISL_0_1_10_11_BURST,completion_time,PLACED,3,12-4-3,16039148.836659677,16.039148836659677,58848.6462351963,2791.666666666667,136249.73211303295,139041.3987796996,61656.352050699614,6000.0,False,0-1;10-11
burst_job_130,image_inference,77664485981,MULTI_FAILED_ISL_0_1_10_11_BURST,completion_time,PLACED,0,12-4-3-0,21695812.68215611,21.69581268215611,58435.758855455235,1050.0,136121.9406491374,137171.9406491374,59507.45466813739,2000.0,False,0-1;10-11
burst_job_131,object_detection,77943925234,MULTI_FAILED_ISL_0_1_10_11_BURST,completion_time,PLACED,0,12-4-3-0,21694207.585594997,21.694207585594995,59206.32120755181,1400.0,137171.9406491374,138571.9406491374,60628.0154151374,5000.0,False,0-1;10-11
burst_job_132,llm_inference,78223364486,MULTI_FAILED_ISL_0_1_10_11_BURST,completion_time,PLACED,3,12-4-3,16030632.016664645,16.030632016664644,60802.00366168293,2708.3333333333335,139041.3987796996,141749.73211303295,63526.367627032945,12000.0,False,0-1;10-11
burst_job_133,image_inference,78502803738,MULTI_FAILED_ISL_0_1_10_11_BURST,completion_time,PLACED,0,12-4-3-0,21691072.71528078,21.69107271528078,60047.44583842211,950.0,138571.9406491374,139521.9406491374,61019.13691113739,1500.0,False,0-1;10-11
burst_job_134,object_detection,78782242991,MULTI_FAILED_ISL_0_1_10_11_BURST,completion_time,PLACED,0,12-4-3-0,21690048.276375398,21.690048276375396,60718.007609861015,1550.0,139521.9406491374,141071.9406491374,62289.69765813739,4000.0,False,0-1;10-11
burst_job_135,llm_inference,79061682243,MULTI_FAILED_ISL_0_1_10_11_BURST,completion_time,PLACED,0,12-4-3-0,21688528.50946759,21.68852850946759,61988.56987762793,3400.0,141071.9406491374,144471.9406491374,65410.25840613739,10000.0,False,0-1;10-11
burst_job_136,image_inference,79341121495,MULTI_FAILED_ISL_0_1_10_11_BURST,completion_time,PLACED,3,12-4-3,16020525.03109216,16.02052503109216,62392.590093001854,708.3333333333334,141749.73211303295,142458.0654463663,63116.943951366295,3000.0,False,0-1;10-11
burst_job_137,object_detection,79620560748,MULTI_FAILED_ISL_0_1_10_11_BURST,completion_time,PLACED,3,12-4-3,16017827.322146159,16.017827322146157,62821.48687104415,1208.3333333333335,142458.0654463663,143666.39877969964,64045.83803169963,3000.0,False,0-1;10-11
burst_job_138,llm_inference,79900000000,MULTI_FAILED_ISL_0_1_10_11_BURST,completion_time,PLACED,3,12-4-3,16015150.359218214,16.015150359218215,63750.38362934042,2750.0,143666.39877969964,146416.39877969964,66516.39877969964,8000.0,False,0-1;10-11
burst_job_139,image_inference,80000000000,MULTI_FAILED_ISL_0_1_10_11_BURST,completion_time,PLACED,0,12-4-3-0,21683649.37770888,21.68364937770888,64450.25699975969,1000.0,144471.9406491374,145471.9406491374,65471.940649137396,2500.0,False,0-1;10-11
burst_job_140,object_detection,81734782609,MULTI_FAILED_ISL_0_1_10_11_BURST,completion_time,PLACED,0,12-4-3-0,21675961.06909916,21.675961069099163,63715.4820790683,1600.0,145471.9406491374,147071.9406491374,65337.158040137394,6000.0,False,0-1;10-11
burst_job_141,llm_inference,83469565217,MULTI_FAILED_ISL_0_1_10_11_BURST,completion_time,PLACED,3,12-4-3,15985755.073063359,15.985755073063359,62930.847807626575,2666.666666666667,146416.39877969964,149083.0654463663,65613.5002293663,6000.0,False,0-1;10-11
burst_job_142,image_inference,85204347826,MULTI_FAILED_ISL_0_1_10_11_BURST,completion_time,PLACED,0,12-4-3-0,21662584.763766695,21.662584763766695,61845.930238373636,900.0,147071.9406491374,147971.9406491374,62767.5928231374,2000.0,False,0-1;10-11
burst_job_143,object_detection,86939130435,MULTI_FAILED_ISL_0_1_10_11_BURST,completion_time,PLACED,0,12-4-3-0,21657273.941545676,21.657273941545675,61011.152940195854,1500.0,147971.9406491374,149471.9406491374,62532.8102141374,5000.0,False,0-1;10-11
burst_job_144,llm_inference,88673913043,MULTI_FAILED_ISL_0_1_10_11_BURST,completion_time,PLACED,3,12-4-3,15948327.21987187,15.948327219871869,60393.20407614643,2791.666666666667,149083.0654463663,151874.73211303295,63200.81907003296,12000.0,False,0-1;10-11
burst_job_145,image_inference,90408695652,MULTI_FAILED_ISL_0_1_10_11_BURST,completion_time,PLACED,0,12-4-3-0,21648836.779423382,21.648836779423384,59041.59616035798,1050.0,149471.9406491374,150521.9406491374,60113.2449971374,1500.0,False,0-1;10-11
burst_job_146,object_detection,92143478261,MULTI_FAILED_ISL_0_1_10_11_BURST,completion_time,PLACED,0,12-4-3-0,21645949.18559684,21.645949185596837,58356.816438951806,1400.0,150521.9406491374,151921.9406491374,59778.4623881374,4000.0,False,0-1;10-11
burst_job_147,llm_inference,93878260870,MULTI_FAILED_ISL_0_1_10_11_BURST,completion_time,PLACED,3,12-4-3,15918469.08218873,15.918469082188729,57980.55277395077,2708.3333333333335,151874.73211303295,154583.0654463663,60704.804576366296,10000.0,False,0-1;10-11
burst_job_148,image_inference,95613043478,MULTI_FAILED_ISL_0_1_10_11_BURST,completion_time,PLACED,0,12-4-3-0,21642521.335047413,21.642521335047412,56287.254649802344,950.0,151921.9406491374,152871.9406491374,57258.89717113739,3000.0,False,0-1;10-11
burst_job_149,object_detection,97347826087,MULTI_FAILED_ISL_0_1_10_11_BURST,completion_time,PLACED,0,12-4-3-0,21642088.10883468,21.64208810883468,55502.47247402856,1550.0,152871.9406491374,154421.9406491374,57074.1145621374,3000.0,False,0-1;10-11
burst_job_150,llm_inference,99082608696,MULTI_FAILED_ISL_0_1_10_11_BURST,completion_time,PLACED,3,12-4-3,15896269.433772737,15.896269433772737,55484.56048093253,2833.3333333333335,154583.0654463663,157416.39877969964,58333.79008369964,8000.0,False,0-1;10-11
burst_job_151,image_inference,100817391304,MULTI_FAILED_ISL_0_1_10_11_BURST,completion_time,PLACED,0,12-4-3-0,21643726.23828552,21.64372623828552,53582.90561889911,850.0,154421.9406491374,155271.9406491374,54454.54934513739,2500.0,False,0-1;10-11
burst_job_152,object_detection,102552173913,MULTI_FAILED_ISL_0_1_10_11_BURST,completion_time,PLACED,0,12-4-3-0,21645762.350310642,21.645762350310644,52698.12097378708,1450.0,155271.9406491374,156721.9406491374,54169.76673613739,6000.0,False,0-1;10-11
burst_job_153,llm_inference,104286956522,MULTI_FAILED_ISL_0_1_10_11_BURST,completion_time,PLACED,0,12-4-3-0,21648614.659015622,21.64861465901562,52413.335512478385,3300.0,156721.9406491374,160021.9406491374,55734.9841271374,6000.0,False,0-1;10-11
burst_job_154,image_inference,106021739130,MULTI_FAILED_ISL_0_1_10_11_BURST,completion_time,PLACED,3,12-4-3,15878610.839405507,15.878610839405507,51378.78103886022,833.3333333333334,157416.39877969964,158249.73211303298,52227.99298303298,2000.0,False,0-1;10-11
burst_job_155,object_detection,107756521739,MULTI_FAILED_ISL_0_1_10_11_BURST,completion_time,PLACED,3,12-4-3,15876451.9757487,15.876451975748699,50477.33392205722,1333.3333333333335,158249.73211303298,159583.06544636632,51826.54370736632,5000.0,False,0-1;10-11
burst_job_156,llm_inference,109491304348,MULTI_FAILED_ISL_0_1_10_11_BURST,completion_time,PLACED,3,12-4-3,15875126.26956556,15.875126269565559,50075.88597209676,2666.666666666667,159583.06544636632,162249.73211303298,52758.427765032975,12000.0,False,0-1;10-11
burst_job_157,image_inference,111226086957,MULTI_FAILED_ISL_0_1_10_11_BURST,completion_time,PLACED,0,12-4-3-0,21668920.940229475,21.668920940229476,48774.184771197164,900.0,160021.9406491374,160921.9406491374,49695.85369213739,1500.0,False,0-1;10-11
burst_job_158,object_detection,112960869565,MULTI_FAILED_ISL_0_1_10_11_BURST,completion_time,PLACED,0,12-4-3-0,21675939.551762246,21.675939551762244,47939.39514458564,1500.0,160921.9406491374,162421.9406491374,49461.071084137395,4000.0,False,0-1;10-11
burst_job_159,llm_inference,114695652174,MULTI_FAILED_ISL_0_1_10_11_BURST,completion_time,PLACED,3,12-4-3,15876253.024581533,15.876253024581533,47538.20368600839,2791.666666666667,162249.73211303298,165041.39877969964,50345.746605699635,10000.0,False,0-1;10-11
burst_job_160,image_inference,116430434783,MULTI_FAILED_ISL_0_1_10_11_BURST,completion_time,PLACED,0,12-4-3-0,21692957.09008278,21.69295709008278,45969.81290904731,1050.0,162421.9406491374,163471.9406491374,47041.50586613739,3000.0,False,0-1;10-11
burst_job_161,object_detection,118165217391,MULTI_FAILED_ISL_0_1_10_11_BURST,completion_time,PLACED,0,12-4-3-0,21702471.69025467,21.70247169025467,45285.020786447145,1400.0,163471.9406491374,164871.9406491374,46706.7232581374,3000.0,False,0-1;10-11
burst_job_162,llm_inference,119900000000,MULTI_FAILED_ISL_0_1_10_11_BURST,completion_time,PLACED,3,12-4-3,15885425.199196026,15.885425199196026,45125.513354500436,2708.3333333333335,165041.39877969964,167749.73211303298,47849.73211303298,8000.0,False,0-1;10-11
burst_job_163,image_inference,120000000000,MULTI_FAILED_ISL_0_1_10_11_BURST,completion_time,PLACED,0,12-4-3-0,21714069.33582482,21.71406933582482,44850.22657980157,950.0,164871.9406491374,165821.9406491374,45821.940649137396,2500.0,False,0-1;10-11
burst_job_164,object_detection,120279439252,MULTI_FAILED_ISL_0_1_10_11_BURST,completion_time,PLACED,0,12-4-3-0,21715344.879739422,21.715344879739423,45520.78605225767,1550.0,165821.9406491374,167371.9406491374,47092.5013971374,6000.0,False,0-1;10-11
burst_job_165,llm_inference,120558878505,MULTI_FAILED_ISL_0_1_10_11_BURST,completion_time,PLACED,3,12-4-3,15886969.752857646,15.886969752857645,47174.96663828012,2833.3333333333335,167749.73211303298,170583.06544636632,50024.18694136632,6000.0,False,0-1;10-11
burst_job_166,image_inference,120838317757,MULTI_FAILED_ISL_0_1_10_11_BURST,completion_time,PLACED,0,12-4-3-0,21719252.29363823,21.71925229363823,46511.90363984376,850.0,167371.9406491374,168221.9406491374,47383.6228921374,2000.0,False,0-1;10-11
burst_job_167,object_detection,121117757009,MULTI_FAILED_ISL_0_1_10_11_BURST,completion_time,PLACED,0,12-4-3-0,21721248.972878054,21.721248972878055,47082.46239116452,1450.0,168221.9406491374,169671.9406491374,48554.1836401374,5000.0,False,0-1;10-11
burst_job_168,llm_inference,121397196262,MULTI_FAILED_ISL_0_1_10_11_BURST,completion_time,PLACED,0,12-4-3-0,21722585.075000145,21.722585075000143,48253.0218020624,3300.0,169671.9406491374,172971.9406491374,51574.7443871374,12000.0,False,0-1;10-11
burst_job_169,image_inference,121676635514,MULTI_FAILED_ISL_0_1_10_11_BURST,completion_time,PLACED,3,12-4-3,15890078.586997725,15.890078586997726,48890.53985377934,833.3333333333334,170583.06544636632,171416.39877969967,49739.76326569967,1500.0,False,0-1;10-11
burst_job_170,object_detection,121956074766,MULTI_FAILED_ISL_0_1_10_11_BURST,completion_time,PLACED,3,12-4-3,15890991.631679498,15.890991631679498,49444.433022067984,1333.3333333333335,171416.39877969967,172749.732113033,50793.657347033004,4000.0,False,0-1;10-11
burst_job_171,llm_inference,122235514019,MULTI_FAILED_ISL_0_1_10_11_BURST,completion_time,PLACED,3,12-4-3,15891922.72630032,15.89192272630032,50498.32617130672,2666.666666666667,172749.732113033,175416.39877969967,53180.88476069967,10000.0,False,0-1;10-11
burst_job_172,image_inference,122514953271,MULTI_FAILED_ISL_0_1_10_11_BURST,completion_time,PLACED,0,12-4-3-0,21730869.158545304,21.730869158545303,50435.25650897884,900.0,172971.9406491374,173871.9406491374,51356.98737813739,3000.0,False,0-1;10-11
burst_job_173,object_detection,122794392523,MULTI_FAILED_ISL_0_1_10_11_BURST,completion_time,PLACED,0,12-4-3-0,21732287.831372436,21.732287831372435,51055.81583830602,1500.0,173871.9406491374,175371.9406491374,52577.54812613739,3000.0,False,0-1;10-11
burst_job_174,llm_inference,123073831776,MULTI_FAILED_ISL_0_1_10_11_BURST,completion_time,PLACED,3,12-4-3,15894537.02032943,15.89453702032943,52326.67246667933,2791.666666666667,175416.39877969967,178208.06544636632,55134.23367036632,8000.0,False,0-1;10-11
burst_job_175,image_inference,123353271028,MULTI_FAILED_ISL_0_1_10_11_BURST,completion_time,PLACED,0,12-4-3-0,21736612.323319092,21.736612323319093,51996.93300881407,1050.0,175371.9406491374,176421.9406491374,53068.66962113739,2500.0,False,0-1;10-11
burst_job_176,object_detection,123632710280,MULTI_FAILED_ISL_0_1_10_11_BURST,completion_time,PLACED,0,12-4-3-0,21738817.05767129,21.73881705767129,52767.49155207972,1400.0,176421.9406491374,177821.9406491374,54189.230369137396,6000.0,False,0-1;10-11
burst_job_177,llm_inference,123912149533,MULTI_FAILED_ISL_0_1_10_11_BURST,completion_time,PLACED,3,12-4-3,15897699.44091367,15.89769944091367,54280.0182139254,2708.3333333333335,178208.06544636632,180916.39877969967,57004.24924669966,6000.0,False,0-1;10-11
burst_job_178,image_inference,124191588785,MULTI_FAILED_ISL_0_1_10_11_BURST,completion_time,PLACED,0,12-4-3-0,21742540.2129294,21.742540212929402,53608.609323924466,950.0,177821.9406491374,178771.9406491374,54580.351864137396,2000.0,False,0-1;10-11
burst_job_179,object_detection,124471028037,MULTI_FAILED_ISL_0_1_10_11_BURST,completion_time,PLACED,0,12-4-3-0,21744809.428239927,21.744809428239925,54279.167802709155,1550.0,178771.9406491374,180321.9406491374,55850.9126121374,5000.0,False,0-1;10-11
burst_job_180,llm_inference,124750467290,MULTI_FAILED_ISL_0_1_10_11_BURST,completion_time,PLACED,0,12-4-3-0,21747103.12400093,21.74710312400093,55549.7262560134,3400.0,180321.9406491374,183721.9406491374,58971.473359137395,12000.0,False,0-1;10-11
burst_job_181,image_inference,125029906542,MULTI_FAILED_ISL_0_1_10_11_BURST,completion_time,PLACED,3,12-4-3,15901877.766031966,15.901877766031966,55870.59035993363,708.3333333333334,180916.39877969967,181624.732113033,56594.82557103301,1500.0,False,0-1;10-11
burst_job_182,object_detection,125309345794,MULTI_FAILED_ISL_0_1_10_11_BURST,completion_time,PLACED,3,12-4-3,15903075.898793187,15.903075898793187,56299.48324313422,1208.3333333333335,181624.732113033,182833.06544636635,57523.71965236636,4000.0,False,0-1;10-11
burst_job_183,llm_inference,125588785047,MULTI_FAILED_ISL_0_1_10_11_BURST,completion_time,PLACED,3,12-4-3,15903891.4330365,15.9038914330365,57228.376507933324,2750.0,182833.06544636635,185583.06544636635,59994.280399366355,10000.0,False,0-1;10-11
burst_job_184,image_inference,125868224299,MULTI_FAILED_ISL_0_1_10_11_BURST,completion_time,PLACED,0,12-4-3-0,21755729.13558479,21.75572913558479,57831.96062100181,1000.0,183721.9406491374,184721.9406491374,58853.7163501374,3000.0,False,0-1;10-11
burst_job_185,object_detection,126147663551,MULTI_FAILED_ISL_0_1_10_11_BURST,completion_time,PLACED,0,12-4-3-0,21758138.00739632,21.758138007396322,58552.51896012999,1600.0,184721.9406491374,186321.9406491374,60174.27709813739,3000.0,False,0-1;10-11
burst_job_186,llm_inference,126427102804,MULTI_FAILED_ISL_0_1_10_11_BURST,completion_time,PLACED,3,12-4-3,15907693.95809435,15.907693958094349,59140.05494840826,2666.666666666667,185583.06544636635,188249.732113033,61822.629309033015,8000.0,False,0-1;10-11
burst_job_187,image_inference,126706542056,MULTI_FAILED_ISL_0_1_10_11_BURST,completion_time,PLACED,0,12-4-3-0,21763035.494133554,21.763035494133554,59593.635557643254,900.0,186321.9406491374,187221.9406491374,60515.39859313739,2500.0,False,0-1;10-11
burst_job_188,object_detection,126985981308,MULTI_FAILED_ISL_0_1_10_11_BURST,completion_time,PLACED,0,12-4-3-0,21764695.34834231,21.76469534834231,60214.194645789044,1500.0,187221.9406491374,188721.9406491374,61735.95934113739,6000.0,False,0-1;10-11
burst_job_189,llm_inference,127265420561,MULTI_FAILED_ISL_0_1_10_11_BURST,completion_time,PLACED,3,12-4-3,15911268.477658091,15.91126847765809,60968.40028355534,2791.666666666667,188249.732113033,191041.39877969967,63775.97821869966,6000.0,False,0-1;10-11
burst_job_190,image_inference,127544859813,MULTI_FAILED_ISL_0_1_10_11_BURST,completion_time,PLACED,0,12-4-3-0,21769719.92788834,21.769719927888342,61155.3111162095,1050.0,188721.9406491374,189771.9406491374,62227.08083613739,2000.0,False,0-1;10-11
burst_job_191,object_detection,127824299065,MULTI_FAILED_ISL_0_1_10_11_BURST,completion_time,PLACED,0,12-4-3-0,21772264.128792796,21.772264128792795,61925.8693200086,1400.0,189771.9406491374,191171.9406491374,63347.6415841374,5000.0,False,0-1;10-11
burst_job_192,llm_inference,128103738318,MULTI_FAILED_ISL_0_1_10_11_BURST,completion_time,PLACED,3,12-4-3,15915509.33607567,15.915509336075669,62921.74495236359,2708.3333333333335,191041.39877969967,193749.732113033,65645.993795033,12000.0,False,0-1;10-11
burst_job_193,image_inference,128383177570,MULTI_FAILED_ISL_0_1_10_11_BURST,completion_time,PLACED,0,12-4-3-0,21776583.626275297,21.776583626275297,62766.986495511126,950.0,191171.9406491374,192121.9406491374,63738.763079137396,1500.0,False,0-1;10-11
burst_job_194,object_detection,128662616822,MULTI_FAILED_ISL_0_1_10_11_BURST,completion_time,PLACED,0,12-4-3-0,21779195.874320835,21.779195874320834,63437.54463126308,1550.0,192121.9406491374,193671.9406491374,65009.3238271374,4000.0,False,0-1;10-11
burst_job_195,llm_inference,128942056075,MULTI_FAILED_ISL_0_1_10_11_BURST,completion_time,PLACED,3,12-4-3,15919469.387218013,15.919469387218014,64791.7565686458,2833.3333333333335,193749.732113033,196583.06544636635,67641.00937136635,10000.0,False,0-1;10-11
burst_job_196,image_inference,129221495327,MULTI_FAILED_ISL_0_1_10_11_BURST,completion_time,PLACED,0,12-4-3-0,21784509.8807699,21.7845098807699,64428.660812256625,850.0,193671.9406491374,194521.9406491374,65300.4453221374,3000.0,False,0-1;10-11
burst_job_197,object_detection,129500934579,MULTI_FAILED_ISL_0_1_10_11_BURST,completion_time,PLACED,0,12-4-3-0,21787204.31912212,21.78720431912212,64999.218865818286,1450.0,194521.9406491374,195971.9406491374,66471.0060701374,3000.0,False,0-1;10-11
burst_job_198,llm_inference,129780373832,MULTI_FAILED_ISL_0_1_10_11_BURST,completion_time,PLACED,0,12-4-3-0,21789015.415726185,21.789015415726183,66169.77780172168,3300.0,195971.9406491374,199271.9406491374,69491.5668171374,8000.0,False,0-1;10-11
burst_job_199,image_inference,130059813084,MULTI_FAILED_ISL_0_1_10_11_BURST,completion_time,PLACED,3,12-4-3,15925214.145442171,15.92521414544217,66507.32714822091,833.3333333333334,196583.06544636635,197416.3987796997,67356.5856956997,2500.0,False,0-1;10-11
burst_job_200,object_detection,130339252336,MULTI_FAILED_ISL_0_1_10_11_BURST,completion_time,PLACED,3,12-4-3,15926841.445089927,15.926841445089927,67061.2196022546,1333.3333333333335,197416.3987796997,198749.73211303304,68410.47977703303,6000.0,False,0-1;10-11
burst_job_201,llm_inference,130618691589,MULTI_FAILED_ISL_0_1_10_11_BURST,completion_time,PLACED,3,12-4-3,15928490.663430536,15.928490663430535,68115.11203336962,2666.666666666667,198749.73211303304,201416.3987796997,70797.7071906997,6000.0,False,0-1;10-11
burst_job_202,image_inference,130898130841,MULTI_FAILED_ISL_0_1_10_11_BURST,completion_time,PLACED,0,12-4-3-0,21799164.09446917,21.79916409446917,68352.01064404292,900.0,199271.9406491374,200171.9406491374,69273.80980813739,2000.0,False,0-1;10-11
burst_job_203,object_detection,131177570093,MULTI_FAILED_ISL_0_1_10_11_BURST,completion_time,PLACED,0,12-4-3-0,21801992.727469597,21.801992727469596,68972.56856340994,1500.0,200171.9406491374,201671.9406491374,70494.37055613741,5000.0,False,0-1;10-11
burst_job_204,llm_inference,131457009346,MULTI_FAILED_ISL_0_1_10_11_BURST,completion_time,PLACED,3,12-4-3,15933020.813307088,15.933020813307088,69943.45641288639,2791.666666666667,201416.3987796997,204208.06544636635,72751.05610036635,12000.0,False,0-1;10-11
burst_job_205,image_inference,131736448598,MULTI_FAILED_ISL_0_1_10_11_BURST,completion_time,PLACED,0,12-4-3-0,21807717.50477599,21.80771750477599,69913.68433363264,1050.0,201671.9406491374,202721.9406491374,70985.49205113741,1500.0,False,0-1;10-11
burst_job_206,object_detection,132015887850,MULTI_FAILED_ISL_0_1_10_11_BURST,completion_time,PLACED,0,12-4-3-0,21810618.77975236,21.81061877975236,70684.24218035766,1400.0,202721.9406491374,204121.9406491374,72106.0527991374,4000.0,False,0-1;10-11
burst_job_207,llm_inference,132295327103,MULTI_FAILED_ISL_0_1_10_11_BURST,completion_time,PLACED,3,12-4-3,15937730.558419822,15.937730558419823,71896.80061280794,2708.3333333333335,204208.06544636635,206916.3987796997,74621.0716766997,10000.0,False,0-1;10-11
burst_job_208,image_inference,132574766355,MULTI_FAILED_ISL_0_1_10_11_BURST,completion_time,PLACED,0,12-4-3-0,21815511.564282965,21.815511564282964,71525.35878257311,950.0,204121.9406491374,205071.9406491374,72497.1742941374,3000.0,False,0-1;10-11
burst_job_209,object_detection,132854205607,MULTI_FAILED_ISL_0_1_10_11_BURST,completion_time,PLACED,0,12-4-3-0,21818472.91818597,21.81847291818597,72195.9165692192,1550.0,205071.9406491374,206621.9406491374,73767.73504213738,3000.0,False,0-1;10-11
burst_job_210,llm_inference,133133644860,MULTI_FAILED_ISL_0_1_10_11_BURST,completion_time,PLACED,3,12-4-3,15943240.037963843,15.943240037963843,73766.81067966172,2833.3333333333335,206916.3987796997,209749.73211303304,76616.08725303304,8000.0,False,0-1;10-11
burst_job_211,image_inference,133413084112,MULTI_FAILED_ISL_0_1_10_11_BURST,completion_time,PLACED,0,12-4-3-0,21824485.671576608,21.824485671576607,73187.0320514658,850.0,206621.9406491374,207471.9406491374,74058.85653713738,2500.0,False,0-1;10-11
burst_job_212,object_detection,133692523364,MULTI_FAILED_ISL_0_1_10_11_BURST,completion_time,PLACED,0,12-4-3-0,21826510.817818366,21.826510817818367,73757.59077431957,1450.0,207471.9406491374,208921.9406491374,75229.4172851374,6000.0,False,0-1;10-11
burst_job_213,llm_inference,133971962617,MULTI_FAILED_ISL_0_1_10_11_BURST,completion_time,PLACED,0,12-4-3-0,21829563.45826115,21.829563458261152,74928.14846867911,3300.0,208921.9406491374,212221.9406491374,78249.97803213738,6000.0,False,0-1;10-11
burst_job_214,image_inference,134251401869,MULTI_FAILED_ISL_0_1_10_11_BURST,completion_time,PLACED,3,12-4-3,15950285.60692267,15.95028560692267,75482.37995842611,833.3333333333334,209749.73211303304,210583.06544636638,76331.66357736639,2000.0,False,0-1;10-11
burst_job_215,object_detection,134530841121,MULTI_FAILED_ISL_0_1_10_11_BURST,completion_time,PLACED,3,12-4-3,15952266.05126864,15.95226605126864,76036.27205931512,1333.3333333333335,210583.06544636638,211916.39877969972,77385.55765869972,5000.0,False,0-1;10-11
burst_job_216,llm_inference,134810280374,MULTI_FAILED_ISL_0_1_10_11_BURST,completion_time,PLACED,3,12-4-3,15954271.033471065,15.954271033471064,77090.16413466627,2666.666666666667,211916.39877969972,214583.06544636638,79772.78507236639,12000.0,False,0-1;10-11
burst_job_217,image_inference,135089719626,MULTI_FAILED_ISL_0_1_10_11_BURST,completion_time,PLACED,0,12-4-3-0,21840990.719168726,21.840990719168726,77110.38003241821,900.0,212221.9406491374,213121.9406491374,78032.22102313739,1500.0,False,0-1;10-11
burst_job_218,object_detection,135369158879,MULTI_FAILED_ISL_0_1_10_11_BURST,completion_time,PLACED,0,12-4-3-0,21844157.046225864,21.844157046225863,77730.93761309117,1500.0,213121.9406491374,214621.9406491374,79252.7817701374,4000.0,False,0-1;10-11
burst_job_219,llm_inference,135648598131,MULTI_FAILED_ISL_0_1_10_11_BURST,completion_time,PLACED,3,12-4-3,15959742.310600452,15.959742310600452,78918.50757305577,2791.666666666667,214583.06544636638,217374.73211303304,81726.13398203303,10000.0,False,0-1;10-11
burst_job_220,image_inference,135928037383,MULTI_FAILED_ISL_0_1_10_11_BURST,completion_time,PLACED,0,12-4-3-0,21850573.912759595,21.850573912759593,78672.05269222465,1050.0,214621.9406491374,215671.9406491374,79743.90326613741,3000.0,False,0-1;10-11
burst_job_221,object_detection,136207476636,MULTI_FAILED_ISL_0_1_10_11_BURST,completion_time,PLACED,0,12-4-3-0,21853822.052476525,21.853822052476524,79442.61019108491,1400.0,215671.9406491374,217071.9406491374,80864.46401313739,3000.0,False,0-1;10-11
burst_job_222,llm_inference,136486915888,MULTI_FAILED_ISL_0_1_10_11_BURST,completion_time,PLACED,3,12-4-3,15965392.01016104,15.96539201016104,80871.85083302288,2708.3333333333335,217374.73211303304,220083.06544636638,83596.1495583664,8000.0,False,0-1;10-11
burst_job_223,image_inference,136766355140,MULTI_FAILED_ISL_0_1_10_11_BURST,completion_time,PLACED,0,12-4-3-0,21859285.5037815,21.8592855037815,80283.72622363362,950.0,217071.9406491374,218021.9406491374,81255.5855091374,2500.0,False,0-1;10-11
burst_job_224,object_detection,137045794393,MULTI_FAILED_ISL_0_1_10_11_BURST,completion_time,PLACED,0,12-4-3-0,21862595.10263997,21.86259510263997,80954.28366103477,1550.0,218021.9406491374,219571.9406491374,82526.1462561374,6000.0,False,0-1;10-11
burst_job_225,llm_inference,137325233645,MULTI_FAILED_ISL_0_1_10_11_BURST,completion_time,PLACED,3,12-4-3,15971961.087249788,15.971961087249788,82741.85984027912,2833.3333333333335,220083.06544636638,222916.39877969972,85591.16513469972,6000.0,False,0-1;10-11
burst_job_226,image_inference,137604672897,MULTI_FAILED_ISL_0_1_10_11_BURST,completion_time,PLACED,0,12-4-3-0,21869293.934065178,21.86929393406518,81945.39845820333,850.0,219571.9406491374,220421.9406491374,82817.26775213738,2000.0,False,0-1;10-11
burst_job_227,object_detection,137884112150,MULTI_FAILED_ISL_0_1_10_11_BURST,completion_time,PLACED,0,12-4-3-0,21871540.86059302,21.871540860593022,82515.9569582768,1450.0,220421.9406491374,221871.9406491374,83987.8284991374,5000.0,False,0-1;10-11
burst_job_228,llm_inference,138163551402,MULTI_FAILED_ISL_0_1_10_11_BURST,completion_time,PLACED,0,12-4-3-0,21874941.296810787,21.874941296810785,83686.51430584057,3300.0,221871.9406491374,225171.9406491374,87008.38924713738,12000.0,False,0-1;10-11
burst_job_229,image_inference,138442990654,MULTI_FAILED_ISL_0_1_10_11_BURST,completion_time,PLACED,3,12-4-3,15980296.16900658,15.98029616900658,84457.42782953073,833.3333333333334,222916.39877969972,223749.73211303307,85306.74145903307,1500.0,False,0-1;10-11
burst_job_230,object_detection,138722429907,MULTI_FAILED_ISL_0_1_10_11_BURST,completion_time,PLACED,3,12-4-3,15982626.126611792,15.982626126611791,85011.31957990644,1333.3333333333335,223749.73211303307,225083.0654463664,86360.6355393664,4000.0,False,0-1;10-11
burst_job_231,llm_inference,139001869159,MULTI_FAILED_ISL_0_1_10_11_BURST,completion_time,PLACED,3,12-4-3,15984979.52607175,15.984979526071749,86065.21130784033,2666.666666666667,225083.0654463664,227749.73211303307,88747.86295403307,10000.0,False,0-1;10-11
burst_job_232,image_inference,139281308411,MULTI_FAILED_ISL_0_1_10_11_BURST,completion_time,PLACED,0,12-4-3-0,21887619.234285578,21.887619234285577,85868.74461890312,900.0,225171.9406491374,226071.9406491374,86790.63223813739,3000.0,False,0-1;10-11
burst_job_233,object_detection,139560747664,MULTI_FAILED_ISL_0_1_10_11_BURST,completion_time,PLACED,0,12-4-3-0,21891130.618971158,21.891130618971157,86489.30185451842,1500.0,226071.9406491374,227571.9406491374,88011.1929851374,3000.0,False,0-1;10-11
burst_job_234,llm_inference,139840186916,MULTI_FAILED_ISL_0_1_10_11_BURST,completion_time,PLACED,3,12-4-3,15991383.343187913,15.991383343187913,87893.55381368988,2791.666666666667,227749.73211303307,230541.39877969972,90701.21186369972,8000.0,False,0-1;10-11
burst_job_235,image_inference,140119626168,MULTI_FAILED_ISL_0_1_10_11_BURST,completion_time,PLACED,0,12-4-3-0,21898225.209138077,21.898225209138076,87430.41625592826,1050.0,227571.9406491374,228621.9406491374,88502.31448113741,2500.0,False,0-1;10-11
burst_job_236,object_detection,140399065421,MULTI_FAILED_ISL_0_1_10_11_BURST,completion_time,PLACED,0,12-4-3-0,21900618.014409572,21.90061801440957,88200.97461012297,1400.0,228621.9406491374,230021.9406491374,89622.87522813739,6000.0,False,0-1;10-11
burst_job_237,llm_inference,140678504673,MULTI_FAILED_ISL_0_1_10_11_BURST,completion_time,PLACED,3,12-4-3,15997962.57501574,15.997962575015741,89846.89614412471,2708.3333333333335,230541.39877969972,233249.73211303307,92571.22744003308,6000.0,False,0-1;10-11
burst_job_238,image_inference,140957943925,MULTI_FAILED_ISL_0_1_10_11_BURST,completion_time,PLACED,0,12-4-3-0,21907842.972500976,21.907842972500976,89042.0888811649,950.0,230021.9406491374,230971.9406491374,90013.9967241374,2000.0,False,0-1;10-11
burst_job_239,object_detection,141237383178,MULTI_FAILED_ISL_0_1_10_11_BURST,completion_time,PLACED,0,12-4-3-0,21911497.71867782,21.91149771867782,89712.64597341872,1550.0,230971.9406491374,232521.9406491374,91284.5574711374,5000.0,False,0-1;10-11
burst_job_240,llm_inference,141516822430,MULTI_FAILED_ISL_0_1_10_11_BURST,completion_time,PLACED,0,12-4-3-0,21915168.7223048,21.9151687223048,90983.20305041509,3400.0,232521.9406491374,235921.9406491374,94405.1182191374,12000.0,False,0-1;10-11
burst_job_241,image_inference,141796261682,MULTI_FAILED_ISL_0_1_10_11_BURST,completion_time,PLACED,3,12-4-3,16007297.330334144,16.007297330334143,91437.46313370272,708.3333333333334,233249.73211303307,233958.0654463664,92161.8037643664,1500.0,False,0-1;10-11
burst_job_242,object_detection,142075700935,MULTI_FAILED_ISL_0_1_10_11_BURST,completion_time,PLACED,3,12-4-3,16009902.426782055,16.009902426782055,91866.35460893964,1208.3333333333335,233958.0654463664,235166.39877969975,93090.69784469975,4000.0,False,0-1;10-11
burst_job_243,llm_inference,142355140187,MULTI_FAILED_ISL_0_1_10_11_BURST,completion_time,PLACED,3,12-4-3,16012529.4206331,16.0125294206331,92795.2460632791,2750.0,235166.39877969975,237916.39877969975,95561.25859269974,10000.0,False,0-1;10-11
burst_job_244,image_inference,142634579439,MULTI_FAILED_ISL_0_1_10_11_BURST,completion_time,PLACED,0,12-4-3-0,21928842.987689447,21.928842987689446,93265.43236714971,1000.0,235921.9406491374,236921.9406491374,94287.3612101374,3000.0,False,0-1;10-11
burst_job_245,object_detection,142914018692,MULTI_FAILED_ISL_0_1_10_11_BURST,completion_time,PLACED,0,12-4-3-0,21932629.828239027,21.932629828239026,93985.98932730916,1600.0,236921.9406491374,238521.9406491374,95607.92195713738,3000.0,False,0-1;10-11
burst_job_246,llm_inference,143193457944,MULTI_FAILED_ISL_0_1_10_11_BURST,completion_time,PLACED,3,12-4-3,16019655.698741585,16.019655698741584,94706.92118000102,2666.666666666667,237916.39877969975,240583.0654463664,97389.60750236642,8000.0,False,0-1;10-11
burst_job_247,image_inference,143472897196,MULTI_FAILED_ISL_0_1_10_11_BURST,completion_time,PLACED,0,12-4-3-0,21938994.685289744,21.938994685289746,95027.10445845212,900.0,238521.9406491374,239421.9406491374,95949.04345313739,2500.0,False,0-1;10-11
burst_job_248,object_detection,143752336449,MULTI_FAILED_ISL_0_1_10_11_BURST,completion_time,PLACED,0,12-4-3-0,21942847.719982095,21.942847719982094,95647.66135241743,1500.0,239421.9406491374,240921.9406491374,97169.6042001374,6000.0,False,0-1;10-11
burst_job_249,llm_inference,144031775701,MULTI_FAILED_ISL_0_1_10_11_BURST,completion_time,PLACED,3,12-4-3,16027882.943155719,16.02788294315572,96535.26186242324,2791.666666666667,240583.0654463664,243374.73211303307,99342.95641203306,6000.0,False,0-1;10-11
burst_job_250,image_inference,144311214953,MULTI_FAILED_ISL_0_1_10_11_BURST,completion_time,PLACED,0,12-4-3-0,21950612.172676057,21.950612172676056,96588.77508396472,1050.0,240921.9406491374,241971.9406491374,97660.72569613741,2000.0,False,0-1;10-11
burst_job_251,object_detection,144590654206,MULTI_FAILED_ISL_0_1_10_11_BURST,completion_time,PLACED,0,12-4-3-0,21953227.866630375,21.953227866630375,97359.33321527074,1400.0,241971.9406491374,243371.9406491374,98781.28644313739,5000.0,False,0-1;10-11
burst_job_252,llm_inference,144870093458,MULTI_FAILED_ISL_0_1_10_11_BURST,completion_time,PLACED,3,12-4-3,16035376.60144029,16.03537660144029,98488.60327843163,2708.3333333333335,243374.73211303307,246083.0654463664,101212.97198836642,12000.0,False,0-1;10-11
burst_job_253,image_inference,145149532710,MULTI_FAILED_ISL_0_1_10_11_BURST,completion_time,PLACED,0,12-4-3-0,21961122.074343577,21.961122074343578,98200.44681706306,950.0,243371.9406491374,244321.9406491374,99172.4079391374,1500.0,False,0-1;10-11
burst_job_254,object_detection,145428971963,MULTI_FAILED_ISL_0_1_10_11_BURST,completion_time,PLACED,0,12-4-3-0,21965110.613961015,21.965110613961016,98871.00357552344,1550.0,244321.9406491374,245871.9406491374,100442.9686861374,4000.0,False,0-1;10-11
burst_job_255,llm_inference,145708411215,MULTI_FAILED_ISL_0_1_10_11_BURST,completion_time,PLACED,3,12-4-3,16044017.690634856,16.044017690634856,100358.61021367577,2833.3333333333335,246083.0654463664,248916.39877969975,103207.98756469975,10000.0,False,0-1;10-11
burst_job_256,image_inference,145987850467,MULTI_FAILED_ISL_0_1_10_11_BURST,completion_time,PLACED,0,12-4-3-0,21971803.49042963,21.97180349042963,99862.11837864696,850.0,245871.9406491374,246721.9406491374,100734.09018213738,3000.0,False,0-1;10-11
burst_job_257,object_detection,146267289720,MULTI_FAILED_ISL_0_1_10_11_BURST,completion_time,PLACED,0,12-4-3-0,21975850.815706376,21.975850815706377,100432.67507832168,1450.0,246721.9406491374,248171.9406491374,101904.6509291374,3000.0,False,0-1;10-11
burst_job_258,llm_inference,146546728972,MULTI_FAILED_ISL_0_1_10_11_BURST,completion_time,PLACED,0,12-4-3-0,21979927.43433213,21.97992743433213,101603.23174970306,3300.0,248171.9406491374,251471.9406491374,104925.21167713738,8000.0,False,0-1;10-11
burst_job_259,image_inference,146826168224,MULTI_FAILED_ISL_0_1_10_11_BURST,completion_time,PLACED,3,12-4-3,16054871.442776917,16.054871442776918,102074.17568425697,833.3333333333334,248916.39877969975,249749.7321130331,102923.5638890331,2500.0,False,0-1;10-11
burst_job_260,object_detection,147105607477,MULTI_FAILED_ISL_0_1_10_11_BURST,completion_time,PLACED,3,12-4-3,16057890.623903194,16.057890623903194,102628.06674540919,1333.3333333333335,249749.7321130331,251083.06544636644,103977.45796936643,6000.0,False,0-1;10-11
burst_job_261,llm_inference,147385046729,MULTI_FAILED_ISL_0_1_10_11_BURST,completion_time,PLACED,3,12-4-3,16059914.843404567,16.059914843404567,103681.95880252303,2666.666666666667,251083.06544636644,253749.7321130331,106364.6853840331,6000.0,False,0-1;10-11
burst_job_262,image_inference,147664485981,MULTI_FAILED_ISL_0_1_10_11_BURST,completion_time,PLACED,0,12-4-3-0,21995055.451963644,21.995055451963644,103785.45961268543,900.0,251471.9406491374,252371.9406491374,104707.45466813739,2000.0,False,0-1;10-11
burst_job_263,object_detection,147943925234,MULTI_FAILED_ISL_0_1_10_11_BURST,completion_time,PLACED,0,12-4-3-0,21999231.115660787,21.999231115660788,104406.01618402175,1500.0,252371.9406491374,253871.9406491374,105928.0154151374,5000.0,False,0-1;10-11
burst_job_264,llm_inference,148223364486,MULTI_FAILED_ISL_0_1_10_11_BURST,completion_time,PLACED,3,12-4-3,16069161.545593282,16.069161545593282,105510.29846548749,2791.666666666667,253749.7321130331,256541.39877969975,108318.03429369975,12000.0,False,0-1;10-11
burst_job_265,image_inference,148502803738,MULTI_FAILED_ISL_0_1_10_11_BURST,completion_time,PLACED,0,12-4-3-0,22007671.997304898,22.007671997304897,105347.12923914011,1050.0,253871.9406491374,254921.9406491374,106419.13691113741,1500.0,False,0-1;10-11
burst_job_266,object_detection,148782242991,MULTI_FAILED_ISL_0_1_10_11_BURST,completion_time,PLACED,0,12-4-3-0,22010497.774584457,22.010497774584458,106117.68716036281,1400.0,254921.9406491374,256321.9406491374,107539.69765813739,4000.0,False,0-1;10-11
burst_job_267,llm_inference,149061682243,MULTI_FAILED_ISL_0_1_10_11_BURST,completion_time,PLACED,3,12-4-3,16077559.01440197,16.07755901440197,107463.63897768536,2708.3333333333335,256541.39877969975,259249.7321130331,110188.04987003311,10000.0,False,0-1;10-11
burst_job_268,image_inference,149341121495,MULTI_FAILED_ISL_0_1_10_11_BURST,completion_time,PLACED,0,12-4-3-0,22019052.27677787,22.01905227677787,106958.80010186063,950.0,256321.9406491374,257271.9406491374,107930.8191541374,3000.0,False,0-1;10-11
burst_job_269,object_detection,149620560748,MULTI_FAILED_ISL_0_1_10_11_BURST,completion_time,PLACED,0,12-4-3-0,22023367.08006166,22.02336708006166,107629.35653405736,1550.0,257271.9406491374,258821.9406491374,109201.3799011374,3000.0,False,0-1;10-11
burst_job_270,llm_inference,149900000000,MULTI_FAILED_ISL_0_1_10_11_BURST,completion_time,PLACED,3,12-4-3,16087210.566258745,16.087210566258744,109333.64490246683,2833.3333333333335,259249.7321130331,262083.06544636644,112183.06544636644,8000.0,False,0-1;10-11
burst_job_271,image_inference,150000000000,MULTI_FAILED_ISL_0_1_10_11_BURST,completion_time,PLACED,0,12-4-3-0,22029156.601936895,22.029156601936897,108799.91149253547,850.0,258821.9406491374,259671.9406491374,109671.9406491374,2500.0,False,0-1;10-11
burst_job_272,object_detection,151720689655,MULTI_FAILED_ISL_0_1_10_11_BURST,completion_time,PLACED,0,12-0,8340053.871535354,8.340053871535355,107942.91094026587,1450.0,259671.9406491374,261121.9406491374,109401.2509941374,6000.0,False,0-1;10-11
burst_job_273,llm_inference,153441379310,MULTI_FAILED_ISL_0_1_10_11_BURST,completion_time,PLACED,0,12-0,8272896.578338872,8.272896578338871,107672.28844255907,3300.0,261121.9406491374,264421.94064913737,110980.56133913738,6000.0,False,0-1;10-11
burst_job_274,image_inference,155162068966,MULTI_FAILED_ISL_0_1_10_11_BURST,completion_time,PLACED,3,12-0-3,14165317.344525237,14.165317344525237,106906.83116302191,833.3333333333334,262083.06544636644,262916.39877969975,107754.32981369976,2000.0,False,0-1;10-11
burst_job_275,object_detection,156882758621,MULTI_FAILED_ISL_0_1_10_11_BURST,completion_time,PLACED,3,12-0-3,14104678.735020388,14.104678735020387,106019.53547996475,1333.3333333333335,262916.39877969975,264249.73211303307,107366.97349203308,5000.0,False,0-1;10-11
burst_job_276,llm_inference,158603448276,MULTI_FAILED_ISL_0_1_10_11_BURST,completion_time,PLACED,3,12-0-3,14040675.639665114,14.040675639665114,105632.24316139339,2666.666666666667,264249.73211303307,266916.39877969975,108312.95050369974,12000.0,False,0-1;10-11
burst_job_277,image_inference,160324137931,MULTI_FAILED_ISL_0_1_10_11_BURST,completion_time,PLACED,0,12-0,8002311.052134607,8.002311052134607,104089.80040708522,900.0,264421.94064913737,265321.94064913737,104997.80271813736,1500.0,False,0-1;10-11
burst_job_278,object_detection,162044827586,MULTI_FAILED_ISL_0_1_10_11_BURST,completion_time,PLACED,0,12-0,7936161.956415862,7.936161956415861,103269.17690118094,1500.0,265321.94064913737,266821.94064913737,104777.11306313737,4000.0,False,0-1;10-11
burst_job_279,llm_inference,163765517241,MULTI_FAILED_ISL_0_1_10_11_BURST,completion_time,PLACED,3,12-0-3,13860471.317371447,13.860471317371447,103137.02106738239,2791.666666666667,266916.39877969975,269708.06544636644,105942.54820536645,10000.0,False,0-1;10-11
burst_job_280,image_inference,165486206897,MULTI_FAILED_ISL_0_1_10_11_BURST,completion_time,PLACED,0,12-0,7804515.882784483,7.804515882784483,101327.9292362546,1050.0,266821.94064913737,267871.94064913737,102385.73375213737,3000.0,False,0-1;10-11
burst_job_281,object_detection,167206896552,MULTI_FAILED_ISL_0_1_10_11_BURST,completion_time,PLACED,0,12-0,7735184.585597547,7.735184585597547,100657.30891255179,1400.0,267871.94064913737,269271.94064913737,102065.04409713738,3000.0,False,0-1;10-11
burst_job_282,llm_inference,168927586207,MULTI_FAILED_ISL_0_1_10_11_BURST,completion_time,PLACED,3,12-0-3,13678605.348811053,13.678605348811052,100766.80063401765,2708.3333333333335,269708.06544636644,272416.39877969975,103488.81257269977,8000.0,False,0-1;10-11
burst_job_283,image_inference,170648275862,MULTI_FAILED_ISL_0_1_10_11_BURST,completion_time,PLACED,0,12-0,7604946.152447904,7.604946152447904,98616.0598409849,950.0,269271.94064913737,270221.94064913737,99573.66478713736,2500.0,False,0-1;10-11
burst_job_284,object_detection,172368965517,MULTI_FAILED_ISL_0_1_10_11_BURST,completion_time,PLACED,0,12-0,7540192.188557325,7.540192188557325,97845.43493994881,1550.0,270221.94064913737,271771.94064913737,99402.97513213736,6000.0,False,0-1;10-11
burst_job_285,llm_inference,174089655172,MULTI_FAILED_ISL_0_1_10_11_BURST,completion_time,PLACED,0,12-0,7475690.899468859,7.475690899468859,97674.80978623789,3400.0,271771.94064913737,275171.94064913737,101082.28547713737,6000.0,False,0-1;10-11
burst_job_286,image_inference,175810344828,MULTI_FAILED_ISL_0_1_10_11_BURST,completion_time,PLACED,3,12-0-3,13440489.63257759,13.44048963257759,96592.61346206718,708.3333333333334,272416.39877969975,273124.73211303307,97314.38728503307,2000.0,False,0-1;10-11
burst_job_287,object_detection,177531034483,MULTI_FAILED_ISL_0_1_10_11_BURST,completion_time,PLACED,3,12-0-3,13382432.763925957,13.382432763925957,95580.31519726914,1208.3333333333335,273124.73211303307,274333.0654463664,96802.03096336639,5000.0,False,0-1;10-11
burst_job_288,llm_inference,179251724138,MULTI_FAILED_ISL_0_1_10_11_BURST,completion_time,PLACED,3,12-0-3,13324629.155740362,13.32462915574036,95068.01667921065,2750.0,274333.0654463664,277083.0654463664,97831.34130836639,12000.0,False,0-1;10-11
burst_job_289,image_inference,180972413793,MULTI_FAILED_ISL_0_1_10_11_BURST,completion_time,PLACED,0,12-0,7216625.8432025,7.2166258432024994,94192.31023029416,1000.0,275171.94064913737,276171.94064913737,95199.52685613735,1500.0,False,0-1;10-11
burst_job_290,object_detection,182693103448,MULTI_FAILED_ISL_0_1_10_11_BURST,completion_time,PLACED,0,12-0,7153509.679019343,7.1535096790193435,93471.68369145834,1600.0,276171.94064913737,277771.94064913737,95078.83720113736,4000.0,False,0-1;10-11
burst_job_291,llm_inference,184413793103,MULTI_FAILED_ISL_0_1_10_11_BURST,completion_time,PLACED,3,12-0-3,13149474.526484516,13.149474526484516,92656.12286883988,2666.666666666667,277083.0654463664,279749.73211303307,95335.93901003306,10000.0,False,0-1;10-11
burst_job_292,image_inference,186134482759,MULTI_FAILED_ISL_0_1_10_11_BURST,completion_time,PLACED,0,12-0,7024508.768662886,7.024508768662886,91630.4333813687,900.0,277771.94064913737,278671.94064913737,92537.45789013736,3000.0,False,0-1;10-11
burst_job_293,object_detection,187855172414,MULTI_FAILED_ISL_0_1_10_11_BURST,completion_time,PLACED,0,12-0,6962326.583946285,6.962326583946285,90809.80590855342,1500.0,278671.94064913737,280171.94064913737,92316.76823513737,3000.0,False,0-1;10-11
burst_job_294,llm_inference,189575862069,MULTI_FAILED_ISL_0_1_10_11_BURST,completion_time,PLACED,3,12-3,8308258.541981067,8.308258541981067,90165.5617854911,2791.666666666667,279749.73211303307,282541.39877969975,92965.53671069976,8000.0,False,0-1;10-11
burst_job_295,image_inference,191296551724,MULTI_FAILED_ISL_0_1_10_11_BURST,completion_time,PLACED,0,12-0,6838939.140356893,6.838939140356893,88868.54998599703,1050.0,280171.94064913737,281221.94064913737,89925.38892513738,2500.0,False,0-1;10-11
burst_job_296,object_detection,193017241379,MULTI_FAILED_ISL_0_1_10_11_BURST,completion_time,PLACED,0,12-0,6774163.911755245,6.774163911755245,88197.9251062256,1400.0,281221.94064913737,282621.94064913737,89604.69927013735,6000.0,False,0-1;10-11
burst_job_297,llm_inference,194737931034,MULTI_FAILED_ISL_0_1_10_11_BURST,completion_time,PLACED,3,12-3,8178502.942859223,8.178502942859224,87795.28924275687,2708.3333333333335,282541.39877969975,285249.73211303307,90511.80107903306,6000.0,False,0-1;10-11
burst_job_298,image_inference,196458620690,MULTI_FAILED_ISL_0_1_10_11_BURST,completion_time,PLACED,0,12-0,6652892.932349886,6.652892932349886,86156.667066205,950.0,282621.94064913737,283571.94064913737,87113.31995913736,2000.0,False,0-1;10-11
burst_job_299,object_detection,198179310345,MULTI_FAILED_ISL_0_1_10_11_BURST,completion_time,PLACED,0,12-0,6592808.865792081,6.5928088657920805,85386.03749527156,1550.0,283571.94064913737,285121.94064913737,86942.63030413736,5000.0,False,0-1;10-11
burst_job_300,llm_inference,199900000000,MULTI_FAILED_ISL_0_1_10_11_BURST,completion_time,PLACED,3,12-3,8053649.068116317,8.053649068116316,85341.67846396496,2833.3333333333335,285249.73211303307,288083.0654463664,88183.06544636638,12000.0,False,0-1;10-11
