time_ns,source,compute_node,route,rtt_ns,hop_count,failed_isls,status
0,12,0,12-1-0,15908863.7501924615,2,,AVAILABLE
100000000,12,0,12-1-0,15905109.3508957420,2,,AVAILABLE
200000000,12,0,12-1-0,15901359.7799454350,2,,AVAILABLE
300000000,12,0,12-1-0,15897606.9836623017,2,,AVAILABLE
400000000,12,0,12-1-0,15893855.8245105110,2,,AVAILABLE
500000000,12,0,12-1-0,15890106.1005585697,2,,AVAILABLE
600000000,12,0,12-1-0,15886353.3498292267,2,,AVAILABLE
700000000,12,0,12-1-0,15882607.7866080403,2,,AVAILABLE
800000000,12,0,12-1-0,15878857.4684644137,2,,AVAILABLE
900000000,12,0,12-1-0,15875110.3153255582,2,,AVAILABLE
1000000000,12,0,12-1-0,15871367.9906425532,2,,AVAILABLE
1100000000,12,0,12-1-0,15867626.4691676795,2,,AVAILABLE
1200000000,12,0,12-1-0,15863876.1647155005,2,,AVAILABLE
1300000000,12,0,12-1-0,15860136.2445834670,2,,AVAILABLE
1400000000,12,0,12-1-0,15856393.9326898102,2,,AVAILABLE
1500000000,12,0,12-1-0,15852653.2536031175,2,,AVAILABLE
1600000000,12,0,12-1-0,15848913.3786290251,2,,AVAILABLE
1700000000,12,0,12-1-0,15845176.6643869672,2,,AVAILABLE
1800000000,12,0,12-1-0,15841436.0310215838,2,,AVAILABLE
1900000000,12,0,12-1-0,15837704.3098262660,2,,AVAILABLE
2000000000,12,0,12-1-0,15833964.4457058180,2,,AVAILABLE
2100000000,12,0,12-1-0,15830229.4116720669,2,,AVAILABLE
2200000000,12,0,12-1-0,15826495.1781684887,2,,AVAILABLE
2300000000,12,0,12-1-0,15822767.4939208720,2,,AVAILABLE
2400000000,12,0,12-1-0,15819031.6701440644,2,,AVAILABLE
2500000000,12,0,12-1-0,15815299.8415598106,2,,AVAILABLE
2600000000,12,0,12-1-0,15811569.6502358411,2,,AVAILABLE
2700000000,12,0,12-1-0,15807841.9775480740,2,,AVAILABLE
2800000000,12,0,12-1-0,15804113.3877161685,2,,AVAILABLE
2900000000,12,0,12-1-0,15800391.3444170766,2,,AVAILABLE
3000000000,12,0,12-1-0,15796661.9979843125,2,,AVAILABLE
3100000000,12,0,12-1-0,15792935.8129165620,2,,AVAILABLE
3200000000,12,0,12-1-0,15789213.8149503842,2,,AVAILABLE
3300000000,12,0,12-1-0,15785493.2605178747,2,,AVAILABLE
3400000000,12,0,12-1-0,15781769.6714345701,2,,AVAILABLE
3500000000,12,0,12-1-0,15778046.8835595548,2,,AVAILABLE
3600000000,12,0,12-1-0,15774326.3739171289,2,,AVAILABLE
3700000000,12,0,12-1-0,15770609.2163008545,2,,AVAILABLE
3800000000,12,0,12-1-0,15766890.3097937182,2,,AVAILABLE
3900000000,12,0,12-1-0,15763171.5610829201,2,,AVAILABLE
4000000000,12,0,12-1-0,15759460.0011005141,2,,AVAILABLE
4100000000,12,0,12-1-0,15755744.3347759470,2,,AVAILABLE
4200000000,12,0,12-1-0,15752032.0175578799,2,,AVAILABLE
4300000000,12,0,12-1-0,15748317.3076721095,2,,AVAILABLE
4400000000,12,0,12-1-0,15744609.7866596170,2,,AVAILABLE
4500000000,12,0,12-1-0,15740894.9644367099,2,,AVAILABLE
4600000000,12,0,12-1-0,15737186.6860077213,2,,AVAILABLE
4700000000,12,0,12-1-0,15733476.0200455915,2,,AVAILABLE
4800000000,12,0,12-1-0,15729769.3458724674,2,,AVAILABLE
4900000000,12,0,12-1-0,15726063.4710797127,2,,AVAILABLE
5000000000,12,0,12-1-0,15722359.2313191108,2,,AVAILABLE
5100000000,12,0,12-1-0,15718652.6048697103,2,,AVAILABLE
5200000000,12,0,12-1-0,15714949.9675457813,2,,AVAILABLE
5300000000,12,0,12-1-0,15711246.4184893146,2,,AVAILABLE
5400000000,12,0,12-1-0,15707543.0303449053,2,,AVAILABLE
5500000000,12,0,12-1-0,15703846.1786756348,2,,AVAILABLE
5600000000,12,0,12-1-0,15700147.5798133984,2,,AVAILABLE
5700000000,12,0,12-1-0,15696449.7896919642,2,,AVAILABLE
5800000000,12,0,12-1-0,15692753.6270950455,2,,AVAILABLE
5900000000,12,0,12-1-0,15689055.0795021877,2,,AVAILABLE
6000000000,12,0,12-1-0,15685360.5192041453,2,,AVAILABLE
6100000000,12,0,12-1-0,15681664.4082441702,2,,AVAILABLE
6200000000,12,0,12-1-0,15677971.4519646820,2,,AVAILABLE
6300000000,12,0,12-1-0,15674282.6824727561,2,,AVAILABLE
6400000000,12,0,12-1-0,15670589.8093486018,2,,AVAILABLE
6500000000,12,0,12-1-0,15666900.0884644203,2,,AVAILABLE
6600000000,12,0,12-1-0,15663212.0123396497,2,,AVAILABLE
6700000000,12,0,12-1-0,15659524.0868708510,2,,AVAILABLE
6800000000,12,0,12-1-0,15655838.4369683452,2,,AVAILABLE
6900000000,12,0,12-1-0,15652149.5702765584,2,,AVAILABLE
7000000000,12,0,12-1-0,15648468.0779986363,2,,AVAILABLE
7100000000,12,0,12-1-0,15644781.6477843989,2,,AVAILABLE
7200000000,12,0,12-1-0,15641105.7729798965,2,,AVAILABLE
7300000000,12,0,12-1-0,15637421.7789861672,2,,AVAILABLE
7400000000,12,0,12-1-0,15633738.5863484461,2,,AVAILABLE
7500000000,12,0,12-1-0,15630061.9313984737,2,,AVAILABLE
7600000000,12,0,12-1-0,15626380.7581966817,2,,AVAILABLE
7700000000,12,0,12-1-0,15622706.5409720484,2,,AVAILABLE
7800000000,12,0,12-1-0,15619030.3452286590,2,,AVAILABLE
7900000000,12,0,12-1-0,15615355.6041209120,2,,AVAILABLE
8000000000,12,0,12-1-0,15611681.0103371348,2,,AVAILABLE
8100000000,12,0,12-1-0,15608008.7055786680,2,,AVAILABLE
8200000000,12,0,12-1-0,15604336.5476302318,2,,AVAILABLE
8300000000,12,0,12-1-0,15600665.1905094292,2,,AVAILABLE
8400000000,12,0,12-1-0,15597001.4424476288,2,,AVAILABLE
8500000000,12,0,12-1-0,15593329.9813820738,2,,AVAILABLE
8600000000,12,0,12-1-0,15589658.6807769034,2,,AVAILABLE
8700000000,12,0,12-1-0,15585998.1678888109,2,,AVAILABLE
8800000000,12,0,12-1-0,15582332.4831219204,2,,AVAILABLE
8900000000,12,0,12-1-0,15578665.0605082028,2,,AVAILABLE
9000000000,12,0,12-1-0,15575001.4101510458,2,,AVAILABLE
9100000000,12,0,12-1-0,15571342.1569773108,2,,AVAILABLE
9200000000,12,0,12-1-0,15567680.5114184823,2,,AVAILABLE
9300000000,12,0,12-1-0,15564020.0982079580,2,,AVAILABLE
9400000000,12,0,12-1-0,15560363.6645394694,2,,AVAILABLE
9500000000,12,0,12-1-0,15556705.6705410574,2,,AVAILABLE
9600000000,12,0,12-1-0,15553048.0774436127,2,,AVAILABLE
9700000000,12,0,12-1-0,15549395.2971123401,2,,AVAILABLE
9800000000,12,0,12-1-0,15545740.1400768496,2,,AVAILABLE
9900000000,12,0,12-1-0,15542089.3801582363,2,,AVAILABLE
10000000000,12,0,12-1-0,15538436.6591503546,2,,AVAILABLE
10100000000,12,0,12-1-0,15534787.9160796758,2,,AVAILABLE
10200000000,12,0,12-1-0,15531137.2141090687,2,,AVAILABLE
10300000000,12,0,12-1-0,15527487.0705051590,2,,AVAILABLE
10400000000,12,0,12-1-0,15523844.7588378862,2,,AVAILABLE
10500000000,12,0,12-1-0,15520197.2937187999,2,,AVAILABLE
10600000000,12,0,12-1-0,15516547.8531810902,2,,AVAILABLE
10700000000,12,0,12-1-0,15512908.7779449448,2,,AVAILABLE
10800000000,12,0,12-1-0,15509263.8888602164,2,,AVAILABLE
10900000000,12,0,12-1-0,15505620.8785343096,2,,AVAILABLE
11000000000,12,0,12-1-0,15501982.2815856971,2,,AVAILABLE
11100000000,12,0,12-1-0,15498344.2202040851,2,,AVAILABLE
11200000000,12,0,12-1-0,15494704.4465474654,2,,AVAILABLE
11300000000,12,0,12-1-0,15491071.6212801617,2,,AVAILABLE
11400000000,12,0,12-1-0,15487430.6710388716,2,,AVAILABLE
11500000000,12,0,12-1-0,15483797.7466053125,2,,AVAILABLE
11600000000,12,0,12-1-0,15480164.9602902327,2,,AVAILABLE
11700000000,12,0,12-1-0,15476530.8591967989,2,,AVAILABLE
11800000000,12,0,12-1-0,15472900.0911839176,2,,AVAILABLE
11900000000,12,0,12-1-0,15469271.6213262584,2,,AVAILABLE
12000000000,12,0,12-1-0,15465643.2885573134,2,,AVAILABLE
12100000000,12,0,12-1-0,15462016.1750465091,2,,AVAILABLE
12200000000,12,0,12-1-0,15458387.7460710127,2,,AVAILABLE
12300000000,12,0,12-1-0,15454762.6490044482,2,,AVAILABLE
12400000000,12,0,12-1-0,15451139.1863536313,2,,AVAILABLE
12500000000,12,0,12-1-0,15447510.8222175054,2,,AVAILABLE
12600000000,12,0,12-1-0,15443892.5736464765,2,,AVAILABLE
12700000000,12,0,12-1-0,15440272.3468333613,2,,AVAILABLE
12800000000,12,0,12-1-0,15436650.3924484625,2,,AVAILABLE
12900000000,12,0,12-1-0,15433032.6258646548,2,,AVAILABLE
13000000000,12,0,12-1-0,15429415.6348113865,2,,AVAILABLE
13100000000,12,0,12-1-0,15425803.0569671039,2,,AVAILABLE
13200000000,12,0,12-1-0,15422185.3307843395,2,,AVAILABLE
13300000000,12,0,12-1-0,15418574.7710428797,2,,AVAILABLE
13400000000,12,0,12-1-0,15414960.1213380061,2,,AVAILABLE
13500000000,12,0,12-1-0,15411345.6332245022,2,,AVAILABLE
13600000000,12,0,12-1-0,15407739.1430632547,2,,AVAILABLE
13700000000,12,0,12-1-0,15404127.0885597728,2,,AVAILABLE
13800000000,12,0,12-1-0,15400522.6164142732,2,,AVAILABLE
13900000000,12,0,12-1-0,15396915.7762950063,2,,AVAILABLE
14000000000,12,0,12-1-0,15393310.5430961475,2,,AVAILABLE
14100000000,12,0,12-1-0,15389706.5552921556,2,,AVAILABLE
14200000000,12,0,12-1-0,15386102.6989130620,2,,AVAILABLE
14300000000,12,0,12-1-0,15382503.8987608012,2,,AVAILABLE
14400000000,12,0,12-1-0,15378900.3677262347,2,,AVAILABLE
14500000000,12,0,12-1-0,15375297.6374558471,2,,AVAILABLE
14600000000,12,0,12-1-0,15371705.6840281878,2,,AVAILABLE
14700000000,12,0,12-1-0,15368104.9720352963,2,,AVAILABLE
14800000000,12,0,12-1-0,15364508.4199816957,2,,AVAILABLE
14900000000,12,0,12-1-0,15360916.9525141325,2,,AVAILABLE
15000000000,12,0,12-1-0,15357323.4780859966,2,,AVAILABLE
15100000000,12,0,12-1-0,15353730.8326612245,2,,AVAILABLE
15200000000,12,0,12-1-0,15350139.1500026938,2,,AVAILABLE
15300000000,12,0,12-1-0,15346548.9397229701,2,,AVAILABLE
15400000000,12,0,12-1-0,15342965.6673850305,2,,AVAILABLE
15500000000,12,0,12-1-0,15339374.6959164236,2,,AVAILABLE
15600000000,12,0,12-1-0,15335788.5553929284,2,,AVAILABLE
15700000000,12,0,12-1-0,15332205.7406082004,2,,AVAILABLE
15800000000,12,0,12-1-0,15328621.6182110459,2,,AVAILABLE
15900000000,12,0,12-1-0,15325041.2362553589,2,,AVAILABLE
16000000000,12,0,12-1-0,15321459.5489039794,2,,AVAILABLE
16100000000,12,0,12-1-0,15317878.4050456006,2,,AVAILABLE
16200000000,12,0,12-1-0,15314299.1526819598,2,,AVAILABLE
16300000000,12,0,12-1-0,15310720.4767338280,2,,AVAILABLE
16400000000,12,0,12-1-0,15307145.7642824762,2,,AVAILABLE
16500000000,12,0,12-1-0,15303570.1662625410,2,,AVAILABLE
16600000000,12,0,12-1-0,15299995.1086661499,2,,AVAILABLE
16700000000,12,0,12-1-0,15296427.6613666713,2,,AVAILABLE
16800000000,12,0,12-1-0,15292852.5518398695,2,,AVAILABLE
16900000000,12,0,12-1-0,15289281.1459506564,2,,AVAILABLE
17000000000,12,0,12-1-0,15285717.3504660539,2,,AVAILABLE
17100000000,12,0,12-1-0,15282145.2173899058,2,,AVAILABLE
17200000000,12,0,12-1-0,15278581.3382542692,2,,AVAILABLE
17300000000,12,0,12-1-0,15275018.0336559527,2,,AVAILABLE
17400000000,12,0,12-1-0,15271452.2967598028,2,,AVAILABLE
17500000000,12,0,12-1-0,15267891.3906149361,2,,AVAILABLE
17600000000,12,0,12-1-0,15264332.1550642252,2,,AVAILABLE
17700000000,12,0,12-1-0,15260770.4863985833,2,,AVAILABLE
17800000000,12,0,12-1-0,15257210.0717957988,2,,AVAILABLE
17900000000,12,0,12-1-0,15253654.0733151957,2,,AVAILABLE
18000000000,12,0,12-1-0,15250099.2529640216,2,,AVAILABLE
18100000000,12,0,12-1-0,15246542.9074576460,2,,AVAILABLE
18200000000,12,0,12-1-0,15242993.7182550095,2,,AVAILABLE
18300000000,12,0,12-1-0,15239439.3904434089,2,,AVAILABLE
18400000000,12,0,12-1-0,15235886.6969991159,2,,AVAILABLE
18500000000,12,0,12-1-0,15232338.4179711528,2,,AVAILABLE
18600000000,12,0,12-1-0,15228790.9021778721,2,,AVAILABLE
18700000000,12,0,12-1-0,15225241.8607170973,2,,AVAILABLE
18800000000,12,0,12-1-0,15221696.5528674703,2,,AVAILABLE
18900000000,12,0,12-1-0,15218153.1430251729,2,,AVAILABLE
19000000000,12,0,12-1-0,15214607.7534635905,2,,AVAILABLE
19100000000,12,0,12-1-0,15211070.3522433378,2,,AVAILABLE
19200000000,12,0,12-1-0,15207529.9125027712,2,,AVAILABLE
19300000000,12,0,12-1-0,15203991.3717291951,2,,AVAILABLE
19400000000,12,0,12-1-0,15200451.2698595766,2,,AVAILABLE
19500000000,12,0,12-1-0,15196914.8981620781,2,,AVAILABLE
19600000000,12,0,12-1-0,15193380.4261514377,2,,AVAILABLE
19700000000,12,0,12-1-0,15189847.1714845244,2,,AVAILABLE
19800000000,12,0,12-1-0,15186314.4508165941,2,,AVAILABLE
19900000000,12,0,12-1-0,15182783.6305580903,2,,AVAILABLE
20000000000,12,0,12-1-0,15179253.7607397623,2,,AVAILABLE
20100000000,12,0,12-1-0,15175719.4415605515,2,,AVAILABLE
20200000000,12,0,12-1-0,15172195.2031894550,2,,AVAILABLE
20300000000,12,0,12-1-0,15168669.6688212622,2,,AVAILABLE
20400000000,12,0,12-1-0,15165147.8643410038,2,,AVAILABLE
20500000000,12,0,12-1-0,15161621.5668406077,2,,AVAILABLE
20600000000,12,0,12-1-0,15158099.4595805835,2,,AVAILABLE
20700000000,12,0,12-1-0,15154578.5254082307,2,,AVAILABLE
20800000000,12,0,12-1-0,15151059.4956040364,2,,AVAILABLE
20900000000,12,0,12-1-0,15147541.0398114957,2,,AVAILABLE
21000000000,12,0,12-1-0,15144026.9539171755,2,,AVAILABLE
21100000000,12,0,12-1-0,15140511.3041545097,2,,AVAILABLE
21200000000,12,0,12-1-0,15136997.6032984722,2,,AVAILABLE
21300000000,12,0,12-1-0,15133484.3874411508,2,,AVAILABLE
21400000000,12,0,12-1-0,15129972.4341436401,2,,AVAILABLE
21500000000,12,0,12-1-0,15126462.0688685700,2,,AVAILABLE
21600000000,12,0,12-1-0,15122952.9684191626,2,,AVAILABLE
21700000000,12,0,12-1-0,15119448.2344591971,2,,AVAILABLE
21800000000,12,0,12-1-0,15115939.0568611175,2,,AVAILABLE
21900000000,12,0,12-1-0,15112437.1737021040,2,,AVAILABLE
22000000000,12,0,12-1-0,15108933.3567653969,2,,AVAILABLE
22100000000,12,0,12-1-0,15105430.7569503300,2,,AVAILABLE
22200000000,12,0,12-1-0,15101932.9412223902,2,,AVAILABLE
22300000000,12,0,12-1-0,15098432.7772018109,2,,AVAILABLE
22400000000,12,0,12-1-0,15094934.2454305571,2,,AVAILABLE
22500000000,12,0,12-1-0,15091437.3477006648,2,,AVAILABLE
22600000000,12,0,12-1-0,15087943.7089173906,2,,AVAILABLE
22700000000,12,0,12-1-0,15084452.4428060669,2,,AVAILABLE
22800000000,12,0,12-1-0,15080959.1958307177,2,,AVAILABLE
22900000000,12,0,12-1-0,15077467.5828615744,2,,AVAILABLE
23000000000,12,0,12-1-0,15073977.1887376364,2,,AVAILABLE
23100000000,12,0,12-1-0,15070488.0098442603,2,,AVAILABLE
23200000000,12,0,12-1-0,15067002.9711821172,2,,AVAILABLE
23300000000,12,0,12-1-0,15063516.6430560369,2,,AVAILABLE
23400000000,12,0,12-1-0,15060031.5319368243,2,,AVAILABLE
23500000000,12,0,12-1-0,15056553.3415124808,2,,AVAILABLE
23600000000,12,0,12-1-0,15053067.8829821758,2,,AVAILABLE
23700000000,12,0,12-1-0,15049590.4564880915,2,,AVAILABLE
23800000000,12,0,12-1-0,15046113.1349480711,2,,AVAILABLE
23900000000,12,0,12-1-0,15042634.9422078021,2,,AVAILABLE
24000000000,12,0,12-1-0,15039161.5816139113,2,,AVAILABLE
24100000000,12,0,12-1-0,15035688.3270038273,2,,AVAILABLE
24200000000,12,0,12-1-0,15032214.6188035887,2,,AVAILABLE
24300000000,12,0,12-1-0,15028744.2672727238,2,,AVAILABLE
24400000000,12,0,12-1-0,15025272.9929358270,2,,AVAILABLE
24500000000,12,0,12-1-0,15021805.8575712591,2,,AVAILABLE
24600000000,12,0,12-1-0,15018339.5198938157,2,,AVAILABLE
24700000000,12,0,12-1-0,15014872.7836311888,2,,AVAILABLE
24800000000,12,0,12-1-0,15011409.2962445226,2,,AVAILABLE
24900000000,12,0,12-1-0,15007944.9398402888,2,,AVAILABLE
25000000000,12,0,12-1-0,15004484.7740725540,2,,AVAILABLE
25100000000,12,0,12-1-0,15001025.7703017909,2,,AVAILABLE
25200000000,12,0,12-1-0,14997568.0398716461,2,,AVAILABLE
25300000000,12,0,12-1-0,14994109.3845940940,2,,AVAILABLE
25400000000,12,0,12-1-0,14990654.5030310098,2,,AVAILABLE
25500000000,12,0,12-1-0,14987204.3979773708,2,,AVAILABLE
25600000000,12,0,12-1-0,14983745.9696639795,2,,AVAILABLE
25700000000,12,0,12-1-0,14980296.2139633726,2,,AVAILABLE
25800000000,12,0,12-1-0,14976847.0334181879,2,,AVAILABLE
25900000000,12,0,12-1-0,14973396.2898003496,2,,AVAILABLE
26000000000,12,0,12-1-0,14969953.1014073379,2,,AVAILABLE
26100000000,12,0,12-1-0,14966508.4049620815,2,,AVAILABLE
26200000000,12,0,12-1-0,14963061.7265840042,2,,AVAILABLE
26300000000,12,0,12-1-0,14959623.0215720925,2,,AVAILABLE
26400000000,12,0,12-1-0,14956179.1934211645,2,,AVAILABLE
26500000000,12,0,12-1-0,14952740.1977404710,2,,AVAILABLE
26600000000,12,0,12-1-0,14949299.2200039383,2,,AVAILABLE
26700000000,12,0,12-1-0,14945866.2754161581,2,,AVAILABLE
26800000000,12,0,12-1-0,14942431.2878903877,2,,AVAILABLE
26900000000,12,0,12-1-0,14938997.9928560015,2,,AVAILABLE
27000000000,12,0,12-1-0,14935568.4121648930,2,,AVAILABLE
27100000000,12,0,12-1-0,14932134.7683690134,2,,AVAILABLE
27200000000,12,0,12-1-0,14928705.9571369030,2,,AVAILABLE
27300000000,12,0,12-1-0,14925281.5615730323,2,,AVAILABLE
27400000000,12,0,12-1-0,14921852.4035253935,2,,AVAILABLE
27500000000,12,0,12-1-0,14918430.1557942834,2,,AVAILABLE
27600000000,12,0,12-1-0,14915007.0449779332,2,,AVAILABLE
27700000000,12,0,12-1-0,14911581.9517631941,2,,AVAILABLE
27800000000,12,0,12-1-0,14908164.1869946513,2,,AVAILABLE
27900000000,12,0,12-1-0,14904742.4224264808,2,,AVAILABLE
28000000000,12,0,12-1-0,14901325.0120843053,2,,AVAILABLE
28100000000,12,0,12-1-0,14897911.7322573885,2,,AVAILABLE
28200000000,12,0,12-1-0,14894497.1718847658,2,,AVAILABLE
28300000000,12,0,12-1-0,14891086.7397388946,2,,AVAILABLE
28400000000,12,0,12-1-0,14887672.3099990394,2,,AVAILABLE
28500000000,12,0,12-1-0,14884268.3437284790,2,,AVAILABLE
28600000000,12,0,12-1-0,14880859.9003890362,2,,AVAILABLE
28700000000,12,0,12-1-0,14877448.8325027302,2,,AVAILABLE
28800000000,12,0,12-1-0,14874043.6580022089,2,,AVAILABLE
28900000000,12,0,12-1-0,14870645.3908601664,2,,AVAILABLE
29000000000,12,0,12-1-0,14867238.8062337637,2,,AVAILABLE
29100000000,12,0,12-1-0,14863841.3125982340,2,,AVAILABLE
29200000000,12,0,12-1-0,14860441.1942799836,2,,AVAILABLE
29300000000,12,0,12-1-0,14857045.4267259594,2,,AVAILABLE
29400000000,12,0,12-1-0,14853649.2823834904,2,,AVAILABLE
29500000000,12,0,12-1-0,14850253.5818509124,2,,AVAILABLE
29600000000,12,0,12-1-0,14846862.7814670689,2,,AVAILABLE
29700000000,12,0,12-1-0,14843469.9962742664,2,,AVAILABLE
29800000000,12,0,12-1-0,14840085.5941267349,2,,AVAILABLE
29900000000,12,0,12-1-0,14836693.5845432915,2,,AVAILABLE
30000000000,12,0,12-1-0,14833305.2826547734,2,,AVAILABLE
30100000000,12,0,12-1-0,14829925.3631825764,2,,AVAILABLE
30200000000,12,0,12-1-0,14826540.3278701026,2,,AVAILABLE
30300000000,12,0,12-1-0,14823156.9277579561,2,,AVAILABLE
30400000000,12,0,12-1-0,14819775.1591875460,2,,AVAILABLE
30500000000,12,0,12-1-0,14816397.7386050560,2,,AVAILABLE
30600000000,12,0,12-1-0,14813022.0192671008,2,,AVAILABLE
30700000000,12,0,12-1-0,14809647.9333141297,2,,AVAILABLE
30800000000,12,0,12-1-0,14806272.2809863817,2,,AVAILABLE
30900000000,12,0,12-1-0,14802898.2619805839,2,,AVAILABLE
31000000000,12,0,12-1-0,14799528.6609542053,2,,AVAILABLE
31100000000,12,0,12-1-0,14796157.4916327707,2,,AVAILABLE
31200000000,12,0,12-1-0,14792793.6435042638,2,,AVAILABLE
31300000000,12,0,12-1-0,14789425.7405583933,2,,AVAILABLE
31400000000,12,0,12-1-0,14786059.4708907176,2,,AVAILABLE
31500000000,12,0,12-1-0,14782697.6174407359,2,,AVAILABLE
31600000000,12,0,12-1-0,14779339.8844442144,2,,AVAILABLE
31700000000,12,0,12-1-0,14775978.0974161681,2,,AVAILABLE
31800000000,12,0,12-1-0,14772617.9454598259,2,,AVAILABLE
31900000000,12,0,12-1-0,14769259.4964318667,2,,AVAILABLE
32000000000,12,0,12-1-0,14765908.2956000213,2,,AVAILABLE
32100000000,12,0,12-1-0,14762552.6245706510,2,,AVAILABLE
32200000000,12,0,12-1-0,14759204.6895455401,2,,AVAILABLE
32300000000,12,0,12-1-0,14755852.3572165966,2,,AVAILABLE
32400000000,12,0,12-1-0,14752504.7859238721,2,,AVAILABLE
32500000000,12,0,12-1-0,14749161.3347830139,2,,AVAILABLE
32600000000,12,0,12-1-0,14745810.7026417740,2,,AVAILABLE
32700000000,12,0,12-1-0,14742467.3154359553,2,,AVAILABLE
32800000000,12,0,12-1-0,14739129.4769010004,2,,AVAILABLE
32900000000,12,0,12-1-0,14735786.2291105036,2,,AVAILABLE
33000000000,12,0,12-1-0,14732453.7239868306,2,,AVAILABLE
33100000000,12,0,12-1-0,14729111.2585279420,2,,AVAILABLE
33200000000,12,0,12-1-0,14725778.8208693303,2,,AVAILABLE
33300000000,12,0,12-1-0,14722442.1053736862,2,,AVAILABLE
33400000000,12,0,12-1-0,14719113.6487479489,2,,AVAILABLE
33500000000,12,0,12-1-0,14715782.9828644581,2,,AVAILABLE
33600000000,12,0,12-1-0,14712454.3670518436,2,,AVAILABLE
33700000000,12,0,12-1-0,14709127.6094896179,2,,AVAILABLE
33800000000,12,0,12-1-0,14705798.6425145529,2,,AVAILABLE
33900000000,12,0,12-1-0,14702474.5108583737,2,,AVAILABLE
34000000000,12,0,12-1-0,14699155.1342391241,2,,AVAILABLE
34100000000,12,0,12-1-0,14695834.6836305074,2,,AVAILABLE
34200000000,12,0,12-1-0,14692515.4491290692,2,,AVAILABLE
34300000000,12,0,12-1-0,14689201.0482081957,2,,AVAILABLE
34400000000,12,0,12-1-0,14685882.5990638323,2,,AVAILABLE
34500000000,12,0,12-1-0,14682568.1860480625,2,,AVAILABLE
34600000000,12,0,12-1-0,14679255.9006659128,2,,AVAILABLE
34700000000,12,0,12-1-0,14675948.0338007342,2,,AVAILABLE
34800000000,12,0,12-1-0,14672638.5975120030,2,,AVAILABLE
34900000000,12,0,12-1-0,14669331.2111778799,2,,AVAILABLE
35000000000,12,0,12-1-0,14666027.5202755854,2,,AVAILABLE
35100000000,12,0,12-1-0,14662726.6003909837,2,,AVAILABLE
35200000000,12,0,12-1-0,14659420.4951133076,2,,AVAILABLE
35300000000,12,0,12-1-0,14656122.8412094675,2,,AVAILABLE
35400000000,12,0,12-1-0,14652823.6213733200,2,,AVAILABLE
35500000000,12,0,12-1-0,14649525.6156882420,2,,AVAILABLE
35600000000,12,0,12-1-0,14646229.6598955858,2,,AVAILABLE
35700000000,12,0,12-1-0,14642937.8956661206,2,,AVAILABLE
35800000000,12,0,12-1-0,14639645.6226927973,2,,AVAILABLE
35900000000,12,0,12-1-0,14636354.5656746402,2,,AVAILABLE
36000000000,12,0,12-1-0,14633070.8195779584,2,,AVAILABLE
36100000000,12,0,12-1-0,14629780.3278340790,2,,AVAILABLE
36200000000,12,0,12-1-0,14626494.1695102528,2,,AVAILABLE
36300000000,12,0,12-1-0,14623212.5374461450,2,,AVAILABLE
36400000000,12,0,12-1-0,14619933.2625827864,2,,AVAILABLE
36500000000,12,0,12-1-0,14616654.9783760179,2,,AVAILABLE
36600000000,12,0,12-1-0,14613375.7682625987,2,,AVAILABLE
36700000000,12,0,12-1-0,14610095.4901721943,2,,AVAILABLE
36800000000,12,0,12-1-0,14606825.2223202810,2,,AVAILABLE
36900000000,12,0,12-1-0,14603550.6872467492,2,,AVAILABLE
37000000000,12,0,12-1-0,14600281.6265296619,2,,AVAILABLE
37100000000,12,0,12-1-0,14597010.3552330006,2,,AVAILABLE
37200000000,12,0,12-1-0,14593744.9771295805,2,,AVAILABLE
37300000000,12,0,12-1-0,14590480.1726132538,2,,AVAILABLE
37400000000,12,0,12-1-0,14587217.3328561466,2,,AVAILABLE
37500000000,12,0,12-1-0,14583950.5357314143,2,,AVAILABLE
37600000000,12,0,12-1-0,14580691.0483809095,2,,AVAILABLE
37700000000,12,0,12-1-0,14577436.7244635224,2,,AVAILABLE
37800000000,12,0,12-1-0,14574178.4445523638,2,,AVAILABLE
37900000000,12,0,12-1-0,14570921.0693101566,2,,AVAILABLE
38000000000,12,0,12-1-0,14567668.5281305816,2,,AVAILABLE
38100000000,12,0,12-1-0,14564417.9499295056,2,,AVAILABLE
38200000000,12,0,12-1-0,14561168.6739897896,2,,AVAILABLE
38300000000,12,0,12-1-0,14557919.3946779296,2,,AVAILABLE
38400000000,12,0,12-1-0,14554673.8013726603,2,,AVAILABLE
38500000000,12,0,12-1-0,14551427.0562723763,2,,AVAILABLE
38600000000,12,0,12-1-0,14548185.1453140974,2,,AVAILABLE
38700000000,12,0,12-1-0,14544944.8670495860,2,,AVAILABLE
38800000000,12,0,12-1-0,14541706.6384249479,2,,AVAILABLE
38900000000,12,0,12-1-0,14538470.0424759593,2,,AVAILABLE
39000000000,12,0,12-1-0,14535231.8794717602,2,,AVAILABLE
39100000000,12,0,12-1-0,14532002.1673758868,2,,AVAILABLE
39200000000,12,0,12-1-0,14528767.6847377643,2,,AVAILABLE
39300000000,12,0,12-1-0,14525538.0363351293,2,,AVAILABLE
39400000000,12,0,12-1-0,14522312.9068648219,2,,AVAILABLE
39500000000,12,0,12-1-0,14519086.9404413328,2,,AVAILABLE
39600000000,12,0,12-1-0,14515862.6066307407,2,,AVAILABLE
39700000000,12,0,12-1-0,14512640.3223792184,2,,AVAILABLE
39800000000,12,0,12-1-0,14509413.3599753771,2,,AVAILABLE
39900000000,12,0,12-1-0,14506200.4280369412,2,,AVAILABLE
40000000000,12,0,12-1-0,14502983.4584937263,2,,AVAILABLE
40100000000,12,0,12-1-0,14499768.5384736452,2,,AVAILABLE
40200000000,12,0,12-1-0,14496554.6085724570,2,,AVAILABLE
40300000000,12,0,12-1-0,14493342.9536564667,2,,AVAILABLE
40400000000,12,0,12-1-0,14490133.3482366037,2,,AVAILABLE
40500000000,12,0,12-1-0,14486927.9366544299,2,,AVAILABLE
40600000000,12,0,12-1-0,14483718.3943793010,2,,AVAILABLE
40700000000,12,0,12-1-0,14480517.0799175333,2,,AVAILABLE
40800000000,12,0,12-1-0,14477314.4215395525,2,,AVAILABLE
40900000000,12,0,12-1-0,14474110.7042194046,2,,AVAILABLE
41000000000,12,0,12-1-0,14470914.6106463876,2,,AVAILABLE
41100000000,12,0,12-1-0,14467720.2431865856,2,,AVAILABLE
41200000000,12,0,12-1-0,14464524.9505192395,2,,AVAILABLE
41300000000,12,0,12-1-0,14461331.0629117135,2,,AVAILABLE
41400000000,12,0,12-1-0,14458136.7599269431,2,,AVAILABLE
41500000000,12,0,12-1-0,14454952.8635568190,2,,AVAILABLE
41600000000,12,0,12-1-0,14451764.2902273387,2,,AVAILABLE
41700000000,12,0,12-1-0,14448575.7191347405,2,,AVAILABLE
41800000000,12,0,12-1-0,14445394.0300026666,2,,AVAILABLE
41900000000,12,0,12-1-0,14442214.2942077275,2,,AVAILABLE
42000000000,12,0,12-1-0,14439031.0398315266,2,,AVAILABLE
42100000000,12,0,12-1-0,14435855.4988194965,2,,AVAILABLE
42200000000,12,0,12-1-0,14432677.9709816948,2,,AVAILABLE
42300000000,12,0,12-1-0,14429506.1117201988,2,,AVAILABLE
42400000000,12,0,12-1-0,14426332.6825254485,2,,AVAILABLE
42500000000,12,0,12-1-0,14423164.4074474536,2,,AVAILABLE
42600000000,12,0,12-1-0,14419997.8620310910,2,,AVAILABLE
42700000000,12,0,12-1-0,14416827.7036064807,2,,AVAILABLE
42800000000,12,0,12-1-0,14413664.8400802612,2,,AVAILABLE
42900000000,12,0,12-1-0,14410500.8234205469,2,,AVAILABLE
43000000000,12,0,12-1-0,14407342.0584737174,2,,AVAILABLE
43100000000,12,0,12-1-0,14404181.8223857805,2,,AVAILABLE
43200000000,12,0,12-1-0,14401023.5367668904,2,,AVAILABLE
43300000000,12,0,12-1-0,14397872.9633252770,2,,AVAILABLE
43400000000,12,0,12-1-0,14394718.3608510289,2,,AVAILABLE
43500000000,12,0,12-1-0,14391569.0082914867,2,,AVAILABLE
43600000000,12,0,12-1-0,14388421.7049744409,2,,AVAILABLE
43700000000,12,0,12-1-0,14385272.9318027776,2,,AVAILABLE
43800000000,12,0,12-1-0,14382126.5245273039,2,,AVAILABLE
43900000000,12,0,12-1-0,14378986.9942255970,2,,AVAILABLE
44000000000,12,0,12-1-0,14375844.2681225669,2,,AVAILABLE
44100000000,12,0,12-1-0,14372703.2756819502,2,,AVAILABLE
44200000000,12,0,12-1-0,14369567.4357602373,2,,AVAILABLE
44300000000,12,0,12-1-0,14366433.0004949328,2,,AVAILABLE
44400000000,12,0,12-1-0,14363297.6373239513,2,,AVAILABLE
44500000000,12,0,12-1-0,14360170.7288583256,2,,AVAILABLE
44600000000,12,0,12-1-0,14357038.8212837316,2,,AVAILABLE
44700000000,12,0,12-1-0,14353916.0111530218,2,,AVAILABLE
44800000000,12,0,12-1-0,14350787.7848401051,2,,AVAILABLE
44900000000,12,0,12-1-0,14347665.4550382309,2,,AVAILABLE
45000000000,12,0,12-1-0,14344542.0732596405,2,,AVAILABLE
45100000000,12,0,12-1-0,14341423.1973372605,2,,AVAILABLE
45200000000,12,0,12-1-0,14338309.4692795202,2,,AVAILABLE
45300000000,12,0,12-1-0,14335191.8185000662,2,,AVAILABLE
45400000000,12,0,12-1-0,14332078.6728633288,2,,AVAILABLE
45500000000,12,0,12-1-0,14328968.2190069407,2,,AVAILABLE
45600000000,12,0,12-1-0,14325859.1733586099,2,,AVAILABLE
45700000000,12,0,12-1-0,14322752.1748819090,2,,AVAILABLE
45800000000,12,0,12-1-0,14319647.8681741171,2,,AVAILABLE
45900000000,12,0,12-1-0,14316544.5508053750,2,,AVAILABLE
46000000000,12,0,12-1-0,14313443.2824520413,2,,AVAILABLE
46100000000,12,0,12-1-0,14310342.0260493662,2,,AVAILABLE
46200000000,12,0,12-1-0,14307244.8559284545,2,,AVAILABLE
46300000000,12,0,12-1-0,14304149.7366689667,2,,AVAILABLE
46400000000,12,0,12-1-0,14301056.6645158883,2,,AVAILABLE
46500000000,12,0,12-1-0,14297968.4276165329,2,,AVAILABLE
46600000000,12,0,12-1-0,14294876.2501565926,2,,AVAILABLE
46700000000,12,0,12-1-0,14291790.0755354036,2,,AVAILABLE
46800000000,12,0,12-1-0,14288707.9858110100,2,,AVAILABLE
46900000000,12,0,12-1-0,14285621.9553626850,2,,AVAILABLE
47000000000,12,0,12-1-0,14282543.9635409974,2,,AVAILABLE
47100000000,12,0,12-1-0,14279465.2361380793,2,,AVAILABLE
47200000000,12,0,12-1-0,14276391.3422064595,2,,AVAILABLE
47300000000,12,0,12-1-0,14273313.0903835390,2,,AVAILABLE
47400000000,12,0,12-1-0,14270240.6173892114,2,,AVAILABLE
47500000000,12,0,12-1-0,14267169.6669748910,2,,AVAILABLE
47600000000,12,0,12-1-0,14264103.2160030119,2,,AVAILABLE
47700000000,12,0,12-1-0,14261043.1870576162,2,,AVAILABLE
47800000000,12,0,12-1-0,14257975.2919681482,2,,AVAILABLE
47900000000,12,0,12-1-0,14254912.9539769497,2,,AVAILABLE
48000000000,12,0,12-1-0,14251852.2478655819,2,,AVAILABLE
48100000000,12,0,12-1-0,14248790.4983002357,2,,AVAILABLE
48200000000,12,0,12-1-0,14245743.1634359919,2,,AVAILABLE
48300000000,12,0,12-1-0,14242688.6038129516,2,,AVAILABLE
48400000000,12,0,12-1-0,14239636.6219964754,2,,AVAILABLE
48500000000,12,0,12-1-0,14236589.0275483858,2,,AVAILABLE
48600000000,12,0,12-1-0,14233540.7268547993,2,,AVAILABLE
48700000000,12,0,12-1-0,14230494.7795887589,2,,AVAILABLE
48800000000,12,0,12-1-0,14227453.4419409018,2,,AVAILABLE
48900000000,12,0,12-1-0,14224408.5017205290,2,,AVAILABLE
49000000000,12,0,12-1-0,14221371.1483145244,2,,AVAILABLE
49100000000,12,0,12-1-0,14218333.9267853498,2,,AVAILABLE
49200000000,12,0,12-1-0,14215303.8742371276,2,,AVAILABLE
49300000000,12,0,12-1-0,14212270.7525649872,2,,AVAILABLE
49400000000,12,0,12-1-0,14209238.9207706600,2,,AVAILABLE
49500000000,12,0,12-1-0,14206209.4784033764,2,,AVAILABLE
49600000000,12,0,12-1-0,14203188.0370727740,2,,AVAILABLE
49700000000,12,0,12-1-0,14200160.3225676883,2,,AVAILABLE
49800000000,12,0,12-1-0,14197143.0936939884,2,,AVAILABLE
49900000000,12,0,12-1-0,14194121.9225273822,2,,AVAILABLE
50000000000,12,0,12-1-0,14191103.1438877936,2,,AVAILABLE
50100000000,12,0,12-1-0,14188086.0702495407,2,,AVAILABLE
50200000000,12,0,12-1-0,14185077.8703127485,2,,AVAILABLE
50300000000,12,0,12-1-0,14182067.9813085925,2,,AVAILABLE
50400000000,12,0,12-1-0,14179058.2302512880,2,,AVAILABLE
50500000000,12,0,12-1-0,14176052.9722118154,2,,AVAILABLE
50600000000,12,0,12-1-0,14173049.7628054712,2,,AVAILABLE
50700000000,12,0,12-1-0,14170045.5174590927,2,,AVAILABLE
50800000000,12,0,12-1-0,14167043.6182769611,2,,AVAILABLE
50900000000,12,0,12-1-0,14164050.1760868654,2,,AVAILABLE
51000000000,12,0,12-1-0,14161055.5783000495,2,,AVAILABLE
51100000000,12,0,12-1-0,14158063.4460559748,2,,AVAILABLE
51200000000,12,0,12-1-0,14155073.3623903375,2,,AVAILABLE
51300000000,12,0,12-1-0,14152085.3272939473,2,,AVAILABLE
51400000000,12,0,12-1-0,14149096.2577655688,2,,AVAILABLE
51500000000,12,0,12-1-0,14146112.7369598094,2,,AVAILABLE
51600000000,12,0,12-1-0,14143131.2646961473,2,,AVAILABLE
51700000000,12,0,12-1-0,14140152.2579206843,2,,AVAILABLE
51800000000,12,0,12-1-0,14137175.4201025553,2,,AVAILABLE
51900000000,12,0,12-1-0,14134200.5106113534,2,,AVAILABLE
52000000000,12,0,12-1-0,14131221.7785890363,2,,AVAILABLE
52100000000,12,0,12-1-0,14128257.0279790349,2,,AVAILABLE
52200000000,12,0,12-1-0,14125288.6828197613,2,,AVAILABLE
52300000000,12,0,12-1-0,14122319.7183420435,2,,AVAILABLE
52400000000,12,0,12-1-0,14119355.8854182288,2,,AVAILABLE
52500000000,12,0,12-1-0,14116397.0793912224,2,,AVAILABLE
52600000000,12,0,12-1-0,14113437.7603509426,2,,AVAILABLE
52700000000,12,0,12-1-0,14110477.4077906199,2,,AVAILABLE
52800000000,12,0,12-1-0,14107521.9596990403,2,,AVAILABLE
52900000000,12,0,12-1-0,14104572.4096852541,2,,AVAILABLE
53000000000,12,0,12-1-0,14101619.0372230336,2,,AVAILABLE
53100000000,12,0,12-1-0,14098673.3562609684,2,,AVAILABLE
53200000000,12,0,12-1-0,14095727.5790839233,2,,AVAILABLE
53300000000,12,0,12-1-0,14092783.6241180301,2,,AVAILABLE
53400000000,12,0,12-1-0,14089842.0680850279,2,,AVAILABLE
53500000000,12,0,12-1-0,14086902.6270514783,2,,AVAILABLE
53600000000,12,0,12-1-0,14083967.8992512207,2,,AVAILABLE
53700000000,12,0,12-1-0,14081033.7399131171,2,,AVAILABLE
53800000000,12,0,12-1-0,14078104.0657451935,2,,AVAILABLE
53900000000,12,0,12-1-0,14075170.7989592422,2,,AVAILABLE
54000000000,12,0,12-1-0,14072245.6386780106,2,,AVAILABLE
54100000000,12,0,12-1-0,14069319.3218181599,2,,AVAILABLE
54200000000,12,0,12-1-0,14066396.2397469692,2,,AVAILABLE
54300000000,12,0,12-1-0,14063474.8536294792,2,,AVAILABLE
54400000000,12,0,12-1-0,14060558.7226815000,2,,AVAILABLE
54500000000,12,0,12-1-0,14057645.0551027432,2,,AVAILABLE
54600000000,12,0,12-1-0,14054728.2132526003,2,,AVAILABLE
54700000000,12,0,12-1-0,14051815.8543728460,2,,AVAILABLE
54800000000,12,0,12-1-0,14048908.7488158271,2,,AVAILABLE
54900000000,12,0,12-1-0,14046004.5254447944,2,,AVAILABLE
55000000000,12,0,12-1-0,14043102.3503406756,2,,AVAILABLE
55100000000,12,0,12-1-0,14040195.9436755143,2,,AVAILABLE
55200000000,12,0,12-1-0,14037298.2822344042,2,,AVAILABLE
55300000000,12,0,12-1-0,14034403.0859877132,2,,AVAILABLE
55400000000,12,0,12-1-0,14031507.1497116927,2,,AVAILABLE
55500000000,12,0,12-1-0,14028613.3911775090,2,,AVAILABLE
55600000000,12,0,12-1-0,14025725.1737060715,2,,AVAILABLE
55700000000,12,0,12-1-0,14022839.4213926848,2,,AVAILABLE
55800000000,12,0,12-1-0,14019949.4388756417,2,,AVAILABLE
55900000000,12,0,12-1-0,14017071.8223794792,2,,AVAILABLE
56000000000,12,0,12-1-0,14014186.3519054912,2,,AVAILABLE
56100000000,12,0,12-1-0,14011310.0436037425,2,,AVAILABLE
56200000000,12,0,12-1-0,14008438.2142716553,2,,AVAILABLE
56300000000,12,0,12-1-0,14005563.7620824575,2,,AVAILABLE
56400000000,12,0,12-1-0,14002691.3584840484,2,,AVAILABLE
56500000000,12,0,12-1-0,13999820.8733319677,2,,AVAILABLE
56600000000,12,0,12-1-0,13996959.0359168034,2,,AVAILABLE
56700000000,12,0,12-1-0,13994096.6844565552,2,,AVAILABLE
56800000000,12,0,12-1-0,13991233.7253065165,2,,AVAILABLE
56900000000,12,0,12-1-0,13988375.6608532183,2,,AVAILABLE
57000000000,12,0,12-1-0,13985520.7047572061,2,,AVAILABLE
57100000000,12,0,12-1-0,13982667.1534030382,2,,AVAILABLE
57200000000,12,0,12-1-0,13979814.0555045232,2,,AVAILABLE
57300000000,12,0,12-1-0,13976963.0080222730,2,,AVAILABLE
57400000000,12,0,12-1-0,13974123.1291876007,2,,AVAILABLE
57500000000,12,0,12-1-0,13971277.0102596283,2,,AVAILABLE
57600000000,12,0,12-1-0,13968432.5786498487,2,,AVAILABLE
57700000000,12,0,12-1-0,13965597.0234114621,2,,AVAILABLE
57800000000,12,0,12-1-0,13962758.3002985194,2,,AVAILABLE
57900000000,12,0,12-1-0,13959927.2583042867,2,,AVAILABLE
58000000000,12,0,12-1-0,13957090.2619058490,2,,AVAILABLE
58100000000,12,0,12-1-0,13954264.1500512064,2,,AVAILABLE
58200000000,12,0,12-1-0,13951437.7142784912,2,,AVAILABLE
58300000000,12,0,12-1-0,13948610.9004867487,2,,AVAILABLE
58400000000,12,0,12-1-0,13945792.1836808827,2,,AVAILABLE
58500000000,12,0,12-1-0,13942973.1428625323,2,,AVAILABLE
58600000000,12,0,12-1-0,13940156.1499721780,2,,AVAILABLE
58700000000,12,0,12-1-0,13937342.4047612622,2,,AVAILABLE
58800000000,12,0,12-1-0,13934530.7588153835,2,,AVAILABLE
58900000000,12,0,12-1-0,13931724.3667626176,2,,AVAILABLE
59000000000,12,0,12-1-0,13928914.1657882910,2,,AVAILABLE
59100000000,12,0,12-1-0,13926109.9146276265,2,,AVAILABLE
59200000000,12,0,12-1-0,13923307.7113402206,2,,AVAILABLE
59300000000,12,0,12-1-0,13920511.1789515726,2,,AVAILABLE
59400000000,12,0,12-1-0,13917714.4614742324,2,,AVAILABLE
59500000000,12,0,12-1-0,13914919.6547979787,2,,AVAILABLE
59600000000,12,0,12-1-0,13912130.9341013879,2,,AVAILABLE
59700000000,12,0,12-1-0,13909338.4058390707,2,,AVAILABLE
59800000000,12,0,12-1-0,13906554.1980333384,2,,AVAILABLE
59900000000,12,0,12-1-0,13903766.6000055000,2,,AVAILABLE
60000000000,12,0,12-1-0,13900987.7389640566,2,,AVAILABLE
60100000000,12,0,12-1-0,13898205.4880892225,2,,AVAILABLE
60200000000,12,0,12-1-0,13895431.5587369259,2,,AVAILABLE
60300000000,12,0,12-1-0,13892659.4487363771,2,,AVAILABLE
60400000000,12,0,12-1-0,13889887.6576272286,2,,AVAILABLE
60500000000,12,0,12-1-0,13887118.4731529038,2,,AVAILABLE
60600000000,12,0,12-1-0,13884351.3369197808,2,,AVAILABLE
60700000000,12,0,12-1-0,13881592.9841928501,2,,AVAILABLE
60800000000,12,0,12-1-0,13878827.9884042926,2,,AVAILABLE
60900000000,12,0,12-1-0,13876068.6660946328,2,,AVAILABLE
61000000000,12,0,12-1-0,13873317.7070234399,2,,AVAILABLE
61100000000,12,0,12-1-0,13870560.5231186859,2,,AVAILABLE
61200000000,12,0,12-1-0,13867812.2173159178,2,,AVAILABLE
61300000000,12,0,12-1-0,13865062.7996511944,2,,AVAILABLE
61400000000,12,0,12-1-0,13862316.2173667941,2,,AVAILABLE
61500000000,12,0,12-1-0,13859577.9979128670,2,,AVAILABLE
61600000000,12,0,12-1-0,13856833.5576704759,2,,AVAILABLE
61700000000,12,0,12-1-0,13854100.8288766164,2,,AVAILABLE
61800000000,12,0,12-1-0,13851361.7335719224,2,,AVAILABLE
61900000000,12,0,12-1-0,13848630.7276326232,2,,AVAILABLE
62000000000,12,0,12-1-0,13845905.3929781951,2,,AVAILABLE
62100000000,12,0,12-1-0,13843177.3160015568,2,,AVAILABLE
62200000000,12,0,12-1-0,13840450.9143326823,2,,AVAILABLE
62300000000,12,0,12-1-0,13837727.7671897169,2,,AVAILABLE
62400000000,12,0,12-1-0,13835009.9204776902,2,,AVAILABLE
62500000000,12,0,12-1-0,13832294.5364023913,2,,AVAILABLE
62600000000,12,0,12-1-0,13829578.9741435703,2,,AVAILABLE
62700000000,12,0,12-1-0,13826866.5205085352,2,,AVAILABLE
62800000000,12,0,12-1-0,13824158.9474650435,2,,AVAILABLE
62900000000,12,0,12-1-0,13821457.0458238553,2,,AVAILABLE
63000000000,12,0,12-1-0,13818755.2357492242,2,,AVAILABLE
63100000000,12,0,12-1-0,13816052.4165880792,2,,AVAILABLE
63200000000,12,0,12-1-0,13813355.5357376896,2,,AVAILABLE
63300000000,12,0,12-1-0,13810661.1193738207,2,,AVAILABLE
63400000000,12,0,12-1-0,13807966.5265555754,2,,AVAILABLE
63500000000,12,0,12-1-0,13805278.2493432667,2,,AVAILABLE
63600000000,12,0,12-1-0,13802589.0033374541,2,,AVAILABLE
63700000000,12,0,12-1-0,13799905.2794355396,2,,AVAILABLE
63800000000,12,0,12-1-0,13797230.0592294522,2,,AVAILABLE
63900000000,12,0,12-1-0,13794549.0411437470,2,,AVAILABLE
64000000000,12,0,12-1-0,13791873.1275080685,2,,AVAILABLE
64100000000,12,0,12-1-0,13789197.4558878448,2,,AVAILABLE
64200000000,12,0,12-1-0,13786527.0393357705,2,,AVAILABLE
64300000000,12,0,12-1-0,13783859.7702459600,2,,AVAILABLE
64400000000,12,0,12-1-0,13781191.9099134840,2,,AVAILABLE
64500000000,12,0,12-1-0,13778532.7770436201,2,,AVAILABLE
64600000000,12,0,12-1-0,13775872.6764813494,2,,AVAILABLE
64700000000,12,0,12-1-0,13773216.2513556611,2,,AVAILABLE
64800000000,12,0,12-1-0,13770559.0837730709,2,,AVAILABLE
64900000000,12,0,12-1-0,13767913.4705088548,2,,AVAILABLE
65000000000,12,0,12-1-0,13765262.0659708232,2,,AVAILABLE
65100000000,12,0,12-1-0,13762616.3335734867,2,,AVAILABLE
65200000000,12,0,12-1-0,13759972.2686503101,2,,AVAILABLE
65300000000,12,0,12-1-0,13757332.3014469706,2,,AVAILABLE
65400000000,12,0,12-1-0,13754694.6430352181,2,,AVAILABLE
65500000000,12,0,12-1-0,13752062.4295391478,2,,AVAILABLE
65600000000,12,0,12-1-0,13749430.2712167297,2,,AVAILABLE
65700000000,12,0,12-1-0,13746800.1960120965,2,,AVAILABLE
65800000000,12,0,12-1-0,13744173.8008588031,2,,AVAILABLE
65900000000,12,0,12-1-0,13741549.0713437516,2,,AVAILABLE
66000000000,12,0,12-1-0,13738930.8494690023,2,,AVAILABLE
66100000000,12,0,12-1-0,13736312.6819405537,2,,AVAILABLE
66200000000,12,0,12-1-0,13733699.3868765626,2,,AVAILABLE
66300000000,12,0,12-1-0,13731080.7234761249,2,,AVAILABLE
66400000000,12,0,12-1-0,13728473.1912329402,2,,AVAILABLE
66500000000,12,0,12-1-0,13725868.5401707720,2,,AVAILABLE
66600000000,12,0,12-1-0,13723263.5625805166,2,,AVAILABLE
66700000000,12,0,12-1-0,13720665.0599414054,2,,AVAILABLE
66800000000,12,0,12-1-0,13718062.7946408503,2,,AVAILABLE
66900000000,12,0,12-1-0,13715469.2516871151,2,,AVAILABLE
67000000000,12,0,12-1-0,13712878.5898686294,2,,AVAILABLE
67100000000,12,0,12-1-0,13710287.6013656259,2,,AVAILABLE
67200000000,12,0,12-1-0,13707700.0378984809,2,,AVAILABLE
67300000000,12,0,12-1-0,13705114.8120268118,2,,AVAILABLE
67400000000,12,0,12-1-0,13702532.2092771977,2,,AVAILABLE
67500000000,12,0,12-1-0,13699959.1634913851,2,,AVAILABLE
67600000000,12,0,12-1-0,13697382.1640894543,2,,AVAILABLE
67700000000,12,0,12-1-0,13694808.2054793555,2,,AVAILABLE
67800000000,12,0,12-1-0,13692240.1763341371,2,,AVAILABLE
67900000000,12,0,12-1-0,13689671.9805136565,2,,AVAILABLE
68000000000,12,0,12-1-0,13687106.6661879458,2,,AVAILABLE
68100000000,12,0,12-1-0,13684546.8636644185,2,,AVAILABLE
68200000000,12,0,12-1-0,13681987.3140148316,2,,AVAILABLE
68300000000,12,0,12-1-0,13679436.0936056450,2,,AVAILABLE
68400000000,12,0,12-1-0,13676881.8875232488,2,,AVAILABLE
68500000000,12,0,12-1-0,13674334.1879664864,2,,AVAILABLE
68600000000,12,0,12-1-0,13671789.2078940738,2,,AVAILABLE
68700000000,12,0,12-1-0,13669243.6459249631,2,,AVAILABLE
68800000000,12,0,12-1-0,13666703.7840682063,2,,AVAILABLE
68900000000,12,0,12-1-0,13664164.4035982918,2,,AVAILABLE
69000000000,12,0,12-1-0,13661631.1108203623,2,,AVAILABLE
69100000000,12,0,12-1-0,13659099.3120724279,2,,AVAILABLE
69200000000,12,0,12-1-0,13656571.7816538792,2,,AVAILABLE
69300000000,12,0,12-1-0,13654047.1326566041,2,,AVAILABLE
69400000000,12,0,12-1-0,13651521.3487746194,2,,AVAILABLE
69500000000,12,0,12-1-0,13649002.4623099416,2,,AVAILABLE
69600000000,12,0,12-1-0,13646485.6487577446,2,,AVAILABLE
69700000000,12,0,12-1-0,13643972.9437144473,2,,AVAILABLE
69800000000,12,0,12-1-0,13641461.8921559490,2,,AVAILABLE
69900000000,12,0,12-1-0,13638951.7392161936,2,,AVAILABLE
70000000000,12,0,12-1-0,13636449.6580465678,2,,AVAILABLE
70100000000,12,0,12-1-0,13633945.2675077114,2,,AVAILABLE
70200000000,12,0,12-1-0,13631446.1567593366,2,,AVAILABLE
70300000000,12,0,12-1-0,13628948.1117370669,2,,AVAILABLE
70400000000,12,0,12-1-0,13626457.9735873416,2,,AVAILABLE
70500000000,12,0,12-1-0,13623967.9227242377,2,,AVAILABLE
70600000000,12,0,12-1-0,13621481.1467146762,2,,AVAILABLE
70700000000,12,0,12-1-0,13618993.8162825201,2,,AVAILABLE
70800000000,12,0,12-1-0,13616516.0338327065,2,,AVAILABLE
70900000000,12,0,12-1-0,13614037.5065827221,2,,AVAILABLE
71000000000,12,0,12-1-0,13611563.0890727658,2,,AVAILABLE
71100000000,12,0,12-1-0,13609090.9106892925,2,,AVAILABLE
71200000000,12,0,12-1-0,13606621.4431312215,2,,AVAILABLE
71300000000,12,0,12-1-0,13604152.2332164217,2,,AVAILABLE
71400000000,12,0,12-1-0,13601692.1530500371,2,,AVAILABLE
71500000000,12,0,12-1-0,13599231.9140486978,2,,AVAILABLE
71600000000,12,0,12-1-0,13596777.5956047401,2,,AVAILABLE
71700000000,12,0,12-1-0,13594320.3268832285,2,,AVAILABLE
71800000000,12,0,12-1-0,13591872.6040130761,2,,AVAILABLE
71900000000,12,0,12-1-0,13589424.3081738669,2,,AVAILABLE
72000000000,12,0,12-1-0,13586979.1380552594,2,,AVAILABLE
72100000000,12,0,12-1-0,13584537.0192771610,2,,AVAILABLE
72200000000,12,0,12-1-0,13582098.1985956859,2,,AVAILABLE
72300000000,12,0,12-1-0,13579665.2968232632,2,,AVAILABLE
72400000000,12,0,12-1-0,13577229.0291824751,2,,AVAILABLE
72500000000,12,0,12-1-0,13574802.4775833171,2,,AVAILABLE
72600000000,12,0,12-1-0,13572375.2009194829,2,,AVAILABLE
72700000000,12,0,12-1-0,13569954.2391507961,2,,AVAILABLE
72800000000,12,0,12-1-0,13567537.1643524673,2,,AVAILABLE
72900000000,12,0,12-1-0,13565116.1355244871,2,,AVAILABLE
73000000000,12,0,12-1-0,13562704.0058072861,2,,AVAILABLE
73100000000,12,0,12-1-0,13560292.7818573434,2,,AVAILABLE
73200000000,12,0,12-1-0,13557884.4389563873,2,,AVAILABLE
73300000000,12,0,12-1-0,13555481.7873245012,2,,AVAILABLE
73400000000,12,0,12-1-0,13553079.6232155152,2,,AVAILABLE
73500000000,12,0,12-1-0,13550680.7570827976,2,,AVAILABLE
73600000000,12,0,12-1-0,13548290.3718353305,2,,AVAILABLE
73700000000,12,0,12-1-0,13545897.2675061878,2,,AVAILABLE
73800000000,12,0,12-1-0,13543510.2682370916,2,,AVAILABLE
73900000000,12,0,12-1-0,13541120.5502427556,2,,AVAILABLE
74000000000,12,0,12-1-0,13538739.3141759858,2,,AVAILABLE
74100000000,12,0,12-1-0,13536362.1935044695,2,,AVAILABLE
74200000000,12,0,12-1-0,13533987.5506351665,2,,AVAILABLE
74300000000,12,0,12-1-0,13531610.3659997769,2,,AVAILABLE
74400000000,12,0,12-1-0,13529241.9014986716,2,,AVAILABLE
74500000000,12,0,12-1-0,13526879.9438705686,2,,AVAILABLE
74600000000,12,0,12-1-0,13524515.2689630780,2,,AVAILABLE
74700000000,12,0,12-1-0,13522153.2476494201,2,,AVAILABLE
74800000000,12,0,12-1-0,13519800.3508240767,2,,AVAILABLE
74900000000,12,0,12-1-0,13517444.7473379392,2,,AVAILABLE
75000000000,12,0,12-1-0,13515092.6073522680,2,,AVAILABLE
75100000000,12,0,12-1-0,13512746.3916446138,2,,AVAILABLE
75200000000,12,0,12-1-0,13510403.2347341832,2,,AVAILABLE
75300000000,12,0,12-1-0,13508063.6139757000,2,,AVAILABLE
75400000000,12,0,12-1-0,13505723.4258854929,2,,AVAILABLE
75500000000,12,0,12-1-0,13503393.1947013177,2,,AVAILABLE
75600000000,12,0,12-1-0,13501057.2159732431,2,,AVAILABLE
75700000000,12,0,12-1-0,13498733.1610183623,2,,AVAILABLE
75800000000,12,0,12-1-0,13496406.1638162006,2,,AVAILABLE
75900000000,12,0,12-1-0,13494085.4939811546,2,,AVAILABLE
76000000000,12,0,12-1-0,13491767.8848582674,2,,AVAILABLE
76100000000,12,0,12-1-0,13489450.7806528788,2,,AVAILABLE
76200000000,12,0,12-1-0,13487145.1825437117,2,,AVAILABLE
76300000000,12,0,12-1-0,13484834.2563669626,2,,AVAILABLE
76400000000,12,0,12-1-0,13482529.8377595190,2,,AVAILABLE
76500000000,12,0,12-1-0,13480225.0900348984,2,,AVAILABLE
76600000000,12,0,12-1-0,13477930.2948995363,2,,AVAILABLE
76700000000,12,0,12-1-0,13475635.3522560801,2,,AVAILABLE
76800000000,12,0,12-1-0,13473344.1242725160,2,,AVAILABLE
76900000000,12,0,12-1-0,13471058.1599982120,2,,AVAILABLE
77000000000,12,0,12-1-0,13468769.9021707606,2,,AVAILABLE
77100000000,12,0,12-1-0,13466488.1500345748,2,,AVAILABLE
77200000000,12,0,12-1-0,13464212.0778382588,2,,AVAILABLE
77300000000,12,0,12-1-0,13461933.7107210625,2,,AVAILABLE
77400000000,12,0,12-1-0,13459661.8513032198,2,,AVAILABLE
77500000000,12,0,12-1-0,13457392.4609850701,2,,AVAILABLE
77600000000,12,0,12-1-0,13455127.1965809371,2,,AVAILABLE
77700000000,12,0,12-1-0,13452865.2317706253,2,,AVAILABLE
77800000000,12,0,12-1-0,13450608.9434802514,2,,AVAILABLE
77900000000,12,0,12-1-0,13448353.5716785956,2,,AVAILABLE
78000000000,12,0,12-1-0,13446100.8530223574,2,,AVAILABLE
78100000000,12,0,12-1-0,13443852.0763926823,2,,AVAILABLE
78200000000,12,0,12-1-0,13441605.7670154795,2,,AVAILABLE
78300000000,12,0,12-1-0,13439365.9649910014,2,,AVAILABLE
78400000000,12,0,12-1-0,13437127.6858577915,2,,AVAILABLE
78500000000,12,0,12-1-0,13434894.4784857165,2,,AVAILABLE
78600000000,12,0,12-1-0,13432658.9788028561,2,,AVAILABLE
78700000000,12,0,12-1-0,13430429.7594569586,2,,AVAILABLE
78800000000,12,0,12-1-0,13428206.8606678173,2,,AVAILABLE
78900000000,12,0,12-1-0,13425986.8419703469,2,,AVAILABLE
79000000000,12,0,12-1-0,13423765.1365704089,2,,AVAILABLE
79100000000,12,0,12-1-0,13421552.5482790507,2,,AVAILABLE
79200000000,12,0,12-1-0,13419343.0264249165,2,,AVAILABLE
79300000000,12,0,12-1-0,13417136.6134761311,2,,AVAILABLE
79400000000,12,0,12-1-0,13414930.8927916773,2,,AVAILABLE
79500000000,12,0,12-1-0,13412725.9035188779,2,,AVAILABLE
79600000000,12,0,12-1-0,13410529.9882766623,2,,AVAILABLE
79700000000,12,0,12-1-0,13408334.1598994788,2,,AVAILABLE
79800000000,12,0,12-1-0,13406148.2772984728,2,,AVAILABLE
79900000000,12,0,12-1-0,13403955.8348675855,2,,AVAILABLE
80000000000,12,0,12-1-0,13401773.5261069313,2,,AVAILABLE
80100000000,12,0,12-1-0,13399594.7411383744,2,,AVAILABLE
80200000000,12,0,12-1-0,13397415.8162666745,2,,AVAILABLE
80300000000,12,0,12-1-0,13395240.6057190970,2,,AVAILABLE
80400000000,12,0,12-1-0,13393071.9032905903,2,,AVAILABLE
80500000000,12,0,12-1-0,13390909.0982319992,2,,AVAILABLE
80600000000,12,0,12-1-0,13388747.4090363532,2,,AVAILABLE
80700000000,12,0,12-1-0,13386585.8044098131,2,,AVAILABLE
80800000000,12,0,12-1-0,13384427.9140608162,2,,AVAILABLE
80900000000,12,0,12-1-0,13382276.1149403043,2,,AVAILABLE
81000000000,12,0,12-1-0,13380125.2361854427,2,,AVAILABLE
81100000000,12,0,12-1-0,13377982.8218996506,2,,AVAILABLE
81200000000,12,0,12-1-0,13375838.5375136044,2,,AVAILABLE
81300000000,12,0,12-1-0,13373697.9693429768,2,,AVAILABLE
81400000000,12,0,12-1-0,13371566.2799541913,2,,AVAILABLE
81500000000,12,0,12-1-0,13369432.3041126430,2,,AVAILABLE
81600000000,12,0,12-1-0,13367305.2534991633,2,,AVAILABLE
81700000000,12,0,12-1-0,13365177.6444758475,2,,AVAILABLE
81800000000,12,0,12-1-0,13363057.6053470336,2,,AVAILABLE
81900000000,12,0,12-1-0,13360943.2348375265,2,,AVAILABLE
82000000000,12,0,12-1-0,13358826.9958363287,2,,AVAILABLE
82100000000,12,0,12-1-0,13356719.6380511019,2,,AVAILABLE
82200000000,12,0,12-1-0,13354610.1890610065,2,,AVAILABLE
82300000000,12,0,12-1-0,13352507.0460101180,2,,AVAILABLE
82400000000,12,0,12-1-0,13350407.6237231605,2,,AVAILABLE
82500000000,12,0,12-1-0,13348311.6878665350,2,,AVAILABLE
82600000000,12,0,12-1-0,13346218.4354178365,2,,AVAILABLE
82700000000,12,0,12-1-0,13344130.1553332508,2,,AVAILABLE
82800000000,12,0,12-1-0,13342044.5297140311,2,,AVAILABLE
82900000000,12,0,12-1-0,13339965.2130074631,2,,AVAILABLE
83000000000,12,0,12-1-0,13337884.2276422568,2,,AVAILABLE
83100000000,12,0,12-1-0,13335809.1273302957,2,,AVAILABLE
83200000000,12,0,12-1-0,13333737.9389298484,2,,AVAILABLE
83300000000,12,0,12-1-0,13331673.0604849756,2,,AVAILABLE
83400000000,12,0,12-1-0,13329608.4660940841,2,,AVAILABLE
83500000000,12,0,12-1-0,13327542.4256303087,2,,AVAILABLE
83600000000,12,0,12-1-0,13325491.4831783734,2,,AVAILABLE
83700000000,12,0,12-1-0,13323437.6139905825,2,,AVAILABLE
83800000000,12,0,12-1-0,13321384.6642766185,2,,AVAILABLE
83900000000,12,0,12-1-0,13319341.2345881164,2,,AVAILABLE
84000000000,12,0,12-1-0,13317298.5072182212,2,,AVAILABLE
84100000000,12,0,12-1-0,13315259.0768974014,2,,AVAILABLE
84200000000,12,0,12-1-0,13313223.7795203608,2,,AVAILABLE
84300000000,12,0,12-1-0,13311191.7771803327,2,,AVAILABLE
84400000000,12,0,12-1-0,13309166.4991461951,2,,AVAILABLE
84500000000,12,0,12-1-0,13307141.5075658876,2,,AVAILABLE
84600000000,12,0,12-1-0,13305123.4416337926,2,,AVAILABLE
84700000000,12,0,12-1-0,13303108.6597782690,2,,AVAILABLE
84800000000,12,0,12-1-0,13301094.8098315522,2,,AVAILABLE
84900000000,12,0,12-1-0,13299084.2568593863,2,,AVAILABLE
85000000000,12,0,12-1-0,13297077.8367591314,2,,AVAILABLE
85100000000,12,0,12-1-0,13295075.1285737399,2,,AVAILABLE
85200000000,12,0,12-1-0,13293078.0810132474,2,,AVAILABLE
85300000000,12,0,12-1-0,13291085.5952780265,2,,AVAILABLE
85400000000,12,0,12-1-0,13289093.6116032023,2,,AVAILABLE
85500000000,12,0,12-1-0,13287107.7047834639,2,,AVAILABLE
85600000000,12,0,12-1-0,13285123.3529227562,2,,AVAILABLE
85700000000,12,0,12-1-0,13283142.5128566511,2,,AVAILABLE
85800000000,12,0,12-1-0,13281167.7469177898,2,,AVAILABLE
85900000000,12,0,12-1-0,13279197.1273254901,2,,AVAILABLE
86000000000,12,0,12-1-0,13277226.7816820815,2,,AVAILABLE
86100000000,12,0,12-1-0,13275260.3777727392,2,,AVAILABLE
86200000000,12,0,12-1-0,13273303.6780214701,2,,AVAILABLE
86300000000,12,0,12-1-0,13271341.6954999957,2,,AVAILABLE
86400000000,12,0,12-1-0,13269389.2128433734,2,,AVAILABLE
86500000000,12,0,12-1-0,13267440.0245493054,2,,AVAILABLE
86600000000,12,0,12-1-0,13265492.8128986210,2,,AVAILABLE
86700000000,12,0,12-1-0,13263551.0516866799,2,,AVAILABLE
86800000000,12,0,12-1-0,13261611.2680684924,2,,AVAILABLE
86900000000,12,0,12-1-0,13259677.3508565575,2,,AVAILABLE
87000000000,12,0,12-1-0,13257746.9377626330,2,,AVAILABLE
87100000000,12,0,12-1-0,13255820.4473295361,2,,AVAILABLE
87200000000,12,0,12-1-0,13253895.5214289930,2,,AVAILABLE
87300000000,12,0,12-1-0,13251976.6665205173,2,,AVAILABLE
87400000000,12,0,12-1-0,13250064.5288472176,2,,AVAILABLE
87500000000,12,0,12-1-0,13248149.8888284266,2,,AVAILABLE
87600000000,12,0,12-1-0,13246238.9624774121,2,,AVAILABLE
87700000000,12,0,12-1-0,13244336.0240827873,2,,AVAILABLE
87800000000,12,0,12-1-0,13242435.7374642380,2,,AVAILABLE
87900000000,12,0,12-1-0,13240536.3710689619,2,,AVAILABLE
88000000000,12,0,12-1-0,13238647.1411849055,2,,AVAILABLE
88100000000,12,0,12-1-0,13236758.2019889411,2,,AVAILABLE
88200000000,12,0,12-1-0,13234873.1867527720,2,,AVAILABLE
88300000000,12,0,12-1-0,13232989.0896084532,2,,AVAILABLE
88400000000,12,0,12-1-0,13231115.1311201509,2,,AVAILABLE
88500000000,12,0,12-1-0,13229238.4611950237,2,,AVAILABLE
88600000000,12,0,12-1-0,13227371.0751862917,2,,AVAILABLE
88700000000,12,0,12-1-0,13225505.0447866898,2,,AVAILABLE
88800000000,12,0,12-1-0,13223643.1449415833,2,,AVAILABLE
88900000000,12,0,12-1-0,13221781.7460445277,2,,AVAILABLE
89000000000,12,0,12-1-0,13219927.2733480297,2,,AVAILABLE
89100000000,12,0,12-1-0,13218080.1438650358,2,,AVAILABLE
89200000000,12,0,12-1-0,13216235.8696383722,2,,AVAILABLE
89300000000,12,0,12-1-0,13214392.9563823100,2,,AVAILABLE
89400000000,12,0,12-1-0,13212551.1726640128,2,,AVAILABLE
89500000000,12,0,12-1-0,13210718.4553159606,2,,AVAILABLE
89600000000,12,0,12-1-0,13208887.0976013634,2,,AVAILABLE
89700000000,12,0,12-1-0,13207059.4534020741,2,,AVAILABLE
89800000000,12,0,12-1-0,13205235.0797832012,2,,AVAILABLE
89900000000,12,0,12-1-0,13203412.6984269377,2,,AVAILABLE
90000000000,12,0,12-1-0,13201599.3810944334,2,,AVAILABLE
90100000000,12,0,12-1-0,13199790.6394323856,2,,AVAILABLE
90200000000,12,0,12-1-0,13197981.7512387466,2,,AVAILABLE
90300000000,12,0,12-1-0,13196178.0555110704,2,,AVAILABLE
90400000000,12,0,12-1-0,13194377.0111655500,2,,AVAILABLE
90500000000,12,0,12-1-0,13192583.9553201701,2,,AVAILABLE
90600000000,12,0,12-1-0,13190787.5417882539,2,,AVAILABLE
90700000000,12,0,12-1-0,13189002.3297894150,2,,AVAILABLE
90800000000,12,0,12-1-0,13187217.3920205031,2,,AVAILABLE
90900000000,12,0,12-1-0,13185442.3742481302,2,,AVAILABLE
91000000000,12,0,12-1-0,13183659.2977650650,2,,AVAILABLE
91100000000,12,0,12-1-0,13181888.9101682808,2,,AVAILABLE
91200000000,12,0,12-1-0,13180122.8707360625,2,,AVAILABLE
91300000000,12,0,12-1-0,13178357.3315299898,2,,AVAILABLE
91400000000,12,0,12-1-0,13176598.5000663027,2,,AVAILABLE
91500000000,12,0,12-1-0,13174844.8837264720,2,,AVAILABLE
91600000000,12,0,12-1-0,13173091.3184886295,2,,AVAILABLE
91700000000,12,0,12-1-0,13171341.4665685799,2,,AVAILABLE
91800000000,12,0,12-1-0,13169598.7383947056,2,,AVAILABLE
91900000000,12,0,12-1-0,13167860.3600701690,2,,AVAILABLE
92000000000,12,0,12-1-0,13166122.4817510545,2,,AVAILABLE
92100000000,12,0,12-1-0,13164391.9470177405,2,,AVAILABLE
92200000000,12,0,12-1-0,13162661.9122266173,2,,AVAILABLE
92300000000,12,0,12-1-0,13160939.6400228459,2,,AVAILABLE
92400000000,12,0,12-1-0,13159217.4487227518,2,,AVAILABLE
92500000000,12,0,12-1-0,13157503.0180147756,2,,AVAILABLE
92600000000,12,0,12-1-0,13155789.0871230625,2,,AVAILABLE
92700000000,12,0,12-1-0,13154082.4998939876,2,,AVAILABLE
92800000000,12,0,12-1-0,13152379.6259240713,2,,AVAILABLE
92900000000,12,0,12-1-0,13150681.2991142981,2,,AVAILABLE
93000000000,12,0,12-1-0,13148985.8195093349,2,,AVAILABLE
93100000000,12,0,12-1-0,13147294.9189143386,2,,AVAILABLE
93200000000,12,0,12-1-0,13145605.3518566210,2,,AVAILABLE
93300000000,12,0,12-1-0,13143919.7215224579,2,,AVAILABLE
93400000000,12,0,12-1-0,13142240.3425554391,2,,AVAILABLE
93500000000,12,0,12-1-0,13140569.1762210410,2,,AVAILABLE
93600000000,12,0,12-1-0,13138895.7127043568,2,,AVAILABLE
93700000000,12,0,12-1-0,13137228.5327583496,2,,AVAILABLE
93800000000,12,0,12-1-0,13135566.5431476459,2,,AVAILABLE
93900000000,12,0,12-1-0,13133905.0529437363,2,,AVAILABLE
94000000000,12,0,12-1-0,13132253.4750338476,2,,AVAILABLE
94100000000,12,0,12-1-0,13130603.4587676693,2,,AVAILABLE
94200000000,12,0,12-1-0,13128956.2845047954,2,,AVAILABLE
94300000000,12,0,12-1-0,13127311.5403582510,2,,AVAILABLE
94400000000,12,0,12-1-0,13125675.8415816128,2,,AVAILABLE
94500000000,12,0,12-1-0,13124039.3580062576,2,,AVAILABLE
94600000000,12,0,12-1-0,13122411.9168293998,2,,AVAILABLE
94700000000,12,0,12-1-0,13120785.6183543988,2,,AVAILABLE
94800000000,12,0,12-1-0,13119161.1086065229,2,,AVAILABLE
94900000000,12,0,12-1-0,13117546.4737524725,2,,AVAILABLE
95000000000,12,0,12-1-0,13115930.2244814429,2,,AVAILABLE
95100000000,12,0,12-1-0,13114323.4322054572,2,,AVAILABLE
95200000000,12,0,12-1-0,13112717.7857573573,2,,AVAILABLE
95300000000,12,0,12-1-0,13111116.2672482524,2,,AVAILABLE
95400000000,12,0,12-1-0,13109516.1218576301,2,,AVAILABLE
95500000000,12,0,12-1-0,13107925.8485314157,2,,AVAILABLE
95600000000,12,0,12-1-0,13106336.7198785655,2,,AVAILABLE
95700000000,12,0,12-1-0,13104754.9353048559,2,,AVAILABLE
95800000000,12,0,12-1-0,13103174.0665276907,2,,AVAILABLE
95900000000,12,0,12-1-0,13101597.7466511801,2,,AVAILABLE
96000000000,12,0,12-1-0,13100028.3519053068,2,,AVAILABLE
96100000000,12,0,12-1-0,13098456.6586242318,2,,AVAILABLE
96200000000,12,0,12-1-0,13096892.3094425369,2,,AVAILABLE
96300000000,12,0,12-1-0,13095338.7045864984,2,,AVAILABLE
96400000000,12,0,12-1-0,13093782.6149395704,2,,AVAILABLE
96500000000,12,0,12-1-0,13092228.0893455241,2,,AVAILABLE
96600000000,12,0,12-1-0,13090683.8929674551,2,,AVAILABLE
96700000000,12,0,12-1-0,13089140.6100677717,2,,AVAILABLE
96800000000,12,0,12-1-0,13087604.6713877413,2,,AVAILABLE
96900000000,12,0,12-1-0,13086069.6481573749,2,,AVAILABLE
97000000000,12,0,12-1-0,13084538.7547366805,2,,AVAILABLE
97100000000,12,0,12-1-0,13083012.4080715757,2,,AVAILABLE
97200000000,12,0,12-1-0,13081495.3244024925,2,,AVAILABLE
97300000000,12,0,12-1-0,13079974.2561672013,2,,AVAILABLE
97400000000,12,0,12-1-0,13078463.5154244453,2,,AVAILABLE
97500000000,12,0,12-1-0,13076959.6543856654,2,,AVAILABLE
97600000000,12,0,12-1-0,13075450.9761631414,2,,AVAILABLE
97700000000,12,0,12-1-0,13073953.0397036746,2,,AVAILABLE
97800000000,12,0,12-1-0,13072458.3526879735,2,,AVAILABLE
97900000000,12,0,12-1-0,13070966.1129158363,2,,AVAILABLE
98000000000,12,0,12-1-0,13069477.3510799706,2,,AVAILABLE
98100000000,12,0,12-1-0,13067995.7070981190,2,,AVAILABLE
98200000000,12,0,12-1-0,13066515.6216380559,2,,AVAILABLE
98300000000,12,0,12-1-0,13065042.6520059966,2,,AVAILABLE
98400000000,12,0,12-1-0,13063574.0406735837,2,,AVAILABLE
98500000000,12,0,12-1-0,13062109.7474165503,2,,AVAILABLE
98600000000,12,0,12-1-0,13060646.5976608396,2,,AVAILABLE
98700000000,12,0,12-1-0,13059190.5637633074,2,,AVAILABLE
98800000000,12,0,12-1-0,13057738.6615822446,2,,AVAILABLE
98900000000,12,0,12-1-0,13056288.3177378122,2,,AVAILABLE
99000000000,12,0,12-1-0,13054848.3046514541,2,,AVAILABLE
99100000000,12,0,12-1-0,13053406.4084093310,2,,AVAILABLE
99200000000,12,0,12-1-0,13051972.0853131488,2,,AVAILABLE
99300000000,12,0,12-1-0,13050538.4482748043,2,,AVAILABLE
99400000000,12,0,12-1-0,13049115.7876970228,2,,AVAILABLE
99500000000,12,0,12-1-0,13047694.0417839903,2,,AVAILABLE
99600000000,12,0,12-1-0,13046274.0974521972,2,,AVAILABLE
99700000000,12,0,12-1-0,13044857.8128829058,2,,AVAILABLE
99800000000,12,0,12-1-0,13043451.8481197525,2,,AVAILABLE
99900000000,12,0,12-1-0,13042047.4544399921,2,,AVAILABLE
100000000000,12,0,12-1-0,13040647.1903216466,2,,AVAILABLE
100100000000,12,0,12-1-0,13039251.4727104064,2,,AVAILABLE
100200000000,12,0,12-1-0,13037859.8846416418,2,,AVAILABLE
100300000000,12,0,12-1-0,13036472.4281538259,2,,AVAILABLE
100400000000,12,0,12-1-0,13035089.9330528546,2,,AVAILABLE
100500000000,12,0,12-1-0,13033714.3657209575,2,,AVAILABLE
100600000000,12,0,12-1-0,13032334.3579989560,2,,AVAILABLE
100700000000,12,0,12-1-0,13030967.4668961596,2,,AVAILABLE
100800000000,12,0,12-1-0,13029599.1086806189,2,,AVAILABLE
100900000000,12,0,12-1-0,13028241.3104950488,2,,AVAILABLE
101000000000,12,0,12-1-0,13026884.4285501447,2,,AVAILABLE
101100000000,12,0,12-1-0,13025531.4452807587,2,,AVAILABLE
101200000000,12,0,12-1-0,13024183.6540981010,2,,AVAILABLE
101300000000,12,0,12-1-0,13022843.2077417225,2,,AVAILABLE
101400000000,12,0,12-1-0,13021500.8769964017,2,,AVAILABLE
101500000000,12,0,12-1-0,13020168.8777343836,2,,AVAILABLE
101600000000,12,0,12-1-0,13018838.4381790683,2,,AVAILABLE
101700000000,12,0,12-1-0,13017509.1592101417,2,,AVAILABLE
101800000000,12,0,12-1-0,13016190.1375016421,2,,AVAILABLE
101900000000,12,0,12-1-0,13014876.1355470512,2,,AVAILABLE
102000000000,12,0,12-1-0,13013563.7097848859,2,,AVAILABLE
102100000000,12,0,12-1-0,13012257.4924869612,2,,AVAILABLE
102200000000,12,0,12-1-0,13010950.5273302346,2,,AVAILABLE
102300000000,12,0,12-1-0,13009653.6482821554,2,,AVAILABLE
102400000000,12,0,12-1-0,13008358.7456860021,2,,AVAILABLE
102500000000,12,0,12-1-0,13007070.5443606321,2,,AVAILABLE
102600000000,12,0,12-1-0,13005781.1017061099,2,,AVAILABLE
102700000000,12,0,12-1-0,13004501.9908880498,2,,AVAILABLE
102800000000,12,0,12-1-0,13003227.0094020162,2,,AVAILABLE
102900000000,12,0,12-1-0,13001954.0042379480,2,,AVAILABLE
103000000000,12,0,12-1-0,13000688.1152802184,2,,AVAILABLE
103100000000,12,0,12-1-0,12999423.5567968469,2,,AVAILABLE
103200000000,12,0,12-1-0,12998164.4407483879,2,,AVAILABLE
103300000000,12,0,12-1-0,12996911.7737954278,2,,AVAILABLE
103400000000,12,0,12-1-0,12995663.4041987918,2,,AVAILABLE
103500000000,12,0,12-1-0,12994417.5085146204,2,,AVAILABLE
103600000000,12,0,12-1-0,12993175.2643120065,2,,AVAILABLE
103700000000,12,0,12-1-0,12991943.9981029443,2,,AVAILABLE
103800000000,12,0,12-1-0,12990710.4292948898,2,,AVAILABLE
103900000000,12,0,12-1-0,12989481.8256416209,2,,AVAILABLE
104000000000,12,0,12-1-0,12988263.7810709476,2,,AVAILABLE
104100000000,12,0,12-1-0,12987043.8506967723,2,,AVAILABLE
104200000000,12,0,12-1-0,12985831.6824616026,2,,AVAILABLE
104300000000,12,0,12-1-0,12984620.8443224318,2,,AVAILABLE
104400000000,12,0,12-1-0,12983420.5674635693,2,,AVAILABLE
104500000000,12,0,12-1-0,12982215.8570835739,2,,AVAILABLE
104600000000,12,0,12-1-0,12981021.8735808264,2,,AVAILABLE
104700000000,12,0,12-1-0,12979832.0212932266,2,,AVAILABLE
104800000000,12,0,12-1-0,12978647.1299971081,2,,AVAILABLE
104900000000,12,0,12-1-0,12977466.3678350542,2,,AVAILABLE
105000000000,12,0,12-1-0,12976287.1884413492,2,,AVAILABLE
105100000000,12,0,12-1-0,12975115.9356131516,2,,AVAILABLE
105200000000,12,0,12-1-0,12973945.5956407320,2,,AVAILABLE
105300000000,12,0,12-1-0,12972782.3720329441,2,,AVAILABLE
105400000000,12,0,12-1-0,12971624.3424407560,2,,AVAILABLE
105500000000,12,0,12-1-0,12970474.0731329527,2,,AVAILABLE
105600000000,12,0,12-1-0,12969321.6882409770,2,,AVAILABLE
105700000000,12,0,12-1-0,12968177.2946486641,2,,AVAILABLE
105800000000,12,0,12-1-0,12967037.7019641027,2,,AVAILABLE
105900000000,12,0,12-1-0,12965901.4995212387,2,,AVAILABLE
106000000000,12,0,12-1-0,12964771.4162674155,2,,AVAILABLE
106100000000,12,0,12-1-0,12963645.2089484446,2,,AVAILABLE
106200000000,12,0,12-1-0,12962522.8995661400,2,,AVAILABLE
106300000000,12,0,12-1-0,12961403.2387225758,2,,AVAILABLE
106400000000,12,0,12-1-0,12960296.1980754156,2,,AVAILABLE
106500000000,12,0,12-1-0,12959185.6295921654,2,,AVAILABLE
106600000000,12,0,12-1-0,12958081.9211556334,2,,AVAILABLE
106700000000,12,0,12-1-0,12956983.4046179615,2,,AVAILABLE
106800000000,12,0,12-1-0,12955891.5897131003,2,,AVAILABLE
106900000000,12,0,12-1-0,12954801.9359572865,2,,AVAILABLE
107000000000,12,0,12-1-0,12953714.0984068140,2,,AVAILABLE
107100000000,12,0,12-1-0,12952633.1196816396,2,,AVAILABLE
107200000000,12,0,12-1-0,12951559.6450883504,2,,AVAILABLE
107300000000,12,0,12-1-0,12950489.0794986691,2,,AVAILABLE
107400000000,12,0,12-1-0,12949422.1553129535,2,,AVAILABLE
107500000000,12,0,12-1-0,12948362.9937184919,2,,AVAILABLE
107600000000,12,0,12-1-0,12947305.1632844973,2,,AVAILABLE
107700000000,12,0,12-1-0,12946252.7823178302,2,,AVAILABLE
107800000000,12,0,12-1-0,12945204.4586421773,2,,AVAILABLE
107900000000,12,0,12-1-0,12944160.2638074812,2,,AVAILABLE
108000000000,12,0,12-1-0,12943124.2485827450,2,,AVAILABLE
108100000000,12,0,12-1-0,12942092.7791794818,2,,AVAILABLE
108200000000,12,0,12-1-0,12941059.4217625167,2,,AVAILABLE
108300000000,12,0,12-1-0,12940034.5072113667,2,,AVAILABLE
108400000000,12,0,12-1-0,12939017.0923540350,2,,AVAILABLE
108500000000,12,0,12-1-0,12938001.0063012857,2,,AVAILABLE
108600000000,12,0,12-1-0,12936992.6829789951,2,,AVAILABLE
108700000000,12,0,12-1-0,12935989.3223763295,2,,AVAILABLE
108800000000,12,0,12-1-0,12934987.1359756980,2,,AVAILABLE
108900000000,12,0,12-1-0,12933990.0669895019,2,,AVAILABLE
109000000000,12,0,12-1-0,12933000.3459072020,2,,AVAILABLE
109100000000,12,0,12-1-0,12932012.6315226015,2,,AVAILABLE
109200000000,12,0,12-1-0,12931031.5074115377,2,,AVAILABLE
109300000000,12,0,12-1-0,12930055.8383319937,2,,AVAILABLE
109400000000,12,0,12-1-0,12929078.9615059048,2,,AVAILABLE
109500000000,12,0,12-1-0,12928112.8009755090,2,,AVAILABLE
109600000000,12,0,12-1-0,12927150.5399782117,2,,AVAILABLE
109700000000,12,0,12-1-0,12926193.4707922172,2,,AVAILABLE
109800000000,12,0,12-1-0,12925235.1967320051,2,,AVAILABLE
109900000000,12,0,12-1-0,12924290.3588879872,2,,AVAILABLE
110000000000,12,0,12-1-0,12923344.3917369321,2,,AVAILABLE
110100000000,12,0,12-1-0,12922403.3876352925,2,,AVAILABLE
110200000000,12,0,12-1-0,12921472.6031598970,2,,AVAILABLE
110300000000,12,0,12-1-0,12920541.1077021006,2,,AVAILABLE
110400000000,12,0,12-1-0,12919619.6804432161,2,,AVAILABLE
110500000000,12,0,12-1-0,12918697.4292008244,2,,AVAILABLE
110600000000,12,0,12-1-0,12917782.2926614527,2,,AVAILABLE
110700000000,12,0,12-1-0,12916869.3976556808,2,,AVAILABLE
110800000000,12,0,12-1-0,12915963.7694258485,2,,AVAILABLE
110900000000,12,0,12-1-0,12915062.6867421698,2,,AVAILABLE
111000000000,12,0,12-1-0,12914167.2127722278,2,,AVAILABLE
111100000000,12,0,12-1-0,12913275.6381131802,2,,AVAILABLE
111200000000,12,0,12-1-0,12912389.0280117746,2,,AVAILABLE
111300000000,12,0,12-1-0,12911507.8763097767,2,,AVAILABLE
111400000000,12,0,12-1-0,12910630.3553869370,2,,AVAILABLE
111500000000,12,0,12-1-0,12909754.9962227065,2,,AVAILABLE
111600000000,12,0,12-1-0,12908890.2008663565,2,,AVAILABLE
111700000000,12,0,12-1-0,12908024.8486126456,2,,AVAILABLE
111800000000,12,0,12-1-0,12907166.7606910411,2,,AVAILABLE
111900000000,12,0,12-1-0,12906313.2203083523,2,,AVAILABLE
112000000000,12,0,12-1-0,12905464.2232815828,2,,AVAILABLE
112100000000,12,0,12-1-0,12904623.6771692857,2,,AVAILABLE
112200000000,12,0,12-1-0,12903784.6051808819,2,,AVAILABLE
112300000000,12,0,12-1-0,12902950.0786066893,2,,AVAILABLE
112400000000,12,0,12-1-0,12902123.3152788859,2,,AVAILABLE
112500000000,12,0,12-1-0,12901295.4955735262,2,,AVAILABLE
112600000000,12,0,12-1-0,12900475.2941503283,2,,AVAILABLE
112700000000,12,0,12-1-0,12899660.2023439873,2,,AVAILABLE
112800000000,12,0,12-1-0,12898852.4547890052,2,,AVAILABLE
112900000000,12,0,12-1-0,12898043.9234101400,2,,AVAILABLE
113000000000,12,0,12-1-0,12897242.8827920873,2,,AVAILABLE
113100000000,12,0,12-1-0,12896446.6607858054,2,,AVAILABLE
113200000000,12,0,12-1-0,12895658.3460597172,2,,AVAILABLE
113300000000,12,0,12-1-0,12894874.0735298824,2,,AVAILABLE
113400000000,12,0,12-1-0,12894092.7412314583,2,,AVAILABLE
113500000000,12,0,12-1-0,12893315.2614109945,2,,AVAILABLE
113600000000,12,0,12-1-0,12892543.4353244696,2,,AVAILABLE
113700000000,12,0,12-1-0,12891775.2338699531,2,,AVAILABLE
113800000000,12,0,12-1-0,12891015.8591567371,2,,AVAILABLE
113900000000,12,0,12-1-0,12890254.8686929885,2,,AVAILABLE
114000000000,12,0,12-1-0,12889507.7149729133,2,,AVAILABLE
114100000000,12,0,12-1-0,12888759.4527480267,2,,AVAILABLE
114200000000,12,0,12-1-0,12888015.6456391644,2,,AVAILABLE
114300000000,12,0,12-1-0,12887277.3064407688,2,,AVAILABLE
114400000000,12,0,12-1-0,12886548.7500268258,2,,AVAILABLE
114500000000,12,0,12-1-0,12885817.1173961479,2,,AVAILABLE
114600000000,12,0,12-1-0,12885095.5436094049,2,,AVAILABLE
114700000000,12,0,12-1-0,12884376.6373739075,2,,AVAILABLE
114800000000,12,0,12-1-0,12883661.3528372217,2,,AVAILABLE
114900000000,12,0,12-1-0,12882954.8973360695,2,,AVAILABLE
115000000000,12,0,12-1-0,12882252.7554585822,2,,AVAILABLE
115100000000,12,0,12-1-0,12881555.5757190268,2,,AVAILABLE
115200000000,12,0,12-1-0,12880860.6477034390,2,,AVAILABLE
115300000000,12,0,12-1-0,12880172.9754907060,2,,AVAILABLE
115400000000,12,0,12-1-0,12879486.6299292464,2,,AVAILABLE
115500000000,12,0,12-1-0,12878809.8076870684,2,,AVAILABLE
115600000000,12,0,12-1-0,12878136.6071537547,2,,AVAILABLE
115700000000,12,0,12-1-0,12877462.2092859205,2,,AVAILABLE
115800000000,12,0,12-1-0,12876801.7326505594,2,,AVAILABLE
115900000000,12,0,12-1-0,12876143.4164620005,2,,AVAILABLE
116000000000,12,0,12-1-0,12875489.6453713831,2,,AVAILABLE
116100000000,12,0,12-1-0,12874835.3263365738,2,,AVAILABLE
116200000000,12,0,12-1-0,12874194.6982165091,2,,AVAILABLE
116300000000,12,0,12-1-0,12873552.4612447694,2,,AVAILABLE
116400000000,12,0,12-1-0,12872918.1217796020,2,,AVAILABLE
116500000000,12,0,12-1-0,12872288.7443202008,2,,AVAILABLE
116600000000,12,0,12-1-0,12871661.3921828121,2,,AVAILABLE
116700000000,12,0,12-1-0,12871041.9389352910,2,,AVAILABLE
116800000000,12,0,12-1-0,12870430.2495238595,2,,AVAILABLE
116900000000,12,0,12-1-0,12869819.6567476615,2,,AVAILABLE
117000000000,12,0,12-1-0,12869214.6745700799,2,,AVAILABLE
117100000000,12,0,12-1-0,12868611.7167111691,2,,AVAILABLE
117200000000,12,0,12-1-0,12868019.8754485212,2,,AVAILABLE
117300000000,12,0,12-1-0,12867426.4252165873,2,,AVAILABLE
117400000000,12,0,12-1-0,12866840.8721981626,2,,AVAILABLE
117500000000,12,0,12-1-0,12866262.8534866758,2,,AVAILABLE
117600000000,12,0,12-1-0,12865684.0053080041,2,,AVAILABLE
117700000000,12,0,12-1-0,12865113.6228564437,2,,AVAILABLE
117800000000,12,0,12-1-0,12864547.2731901500,2,,AVAILABLE
117900000000,12,0,12-1-0,12863989.3319748063,2,,AVAILABLE
118000000000,12,0,12-1-0,12863430.6170900818,2,,AVAILABLE
118100000000,12,0,12-1-0,12862881.9532829821,2,,AVAILABLE
118200000000,12,0,12-1-0,12862332.7458495926,2,,AVAILABLE
118300000000,12,0,12-1-0,12861793.7196212728,2,,AVAILABLE
118400000000,12,0,12-1-0,12861257.6554682087,2,,AVAILABLE
118500000000,12,0,12-1-0,12860723.3365590516,2,,AVAILABLE
118600000000,12,0,12-1-0,12860199.0655020680,2,,AVAILABLE
118700000000,12,0,12-1-0,12859680.1732311714,2,,AVAILABLE
118800000000,12,0,12-1-0,12859160.3216032181,2,,AVAILABLE
118900000000,12,0,12-1-0,12858650.9362230152,2,,AVAILABLE
119000000000,12,0,12-1-0,12858141.4258054458,2,,AVAILABLE
119100000000,12,0,12-1-0,12857641.9642335121,2,,AVAILABLE
119200000000,12,0,12-1-0,12857144.2472139820,2,,AVAILABLE
119300000000,12,0,12-1-0,12856652.4253893401,2,,AVAILABLE
119400000000,12,0,12-1-0,12856167.4323975164,2,,AVAILABLE
119500000000,12,0,12-1-0,12855687.8181162458,2,,AVAILABLE
119600000000,12,0,12-1-0,12855213.1655807626,2,,AVAILABLE
119700000000,12,0,12-1-0,12854737.9724799674,2,,AVAILABLE
119800000000,12,0,12-1-0,12854272.8266650513,2,,AVAILABLE
119900000000,12,0,12-1-0,12853806.9109469615,2,,AVAILABLE
120000000000,12,0,12-1-0,12853351.6908794884,2,,AVAILABLE
120100000000,12,0,12-1-0,12852901.8473511320,2,,AVAILABLE
120200000000,12,0,12-1-0,12852456.5485566258,2,,AVAILABLE
120300000000,12,0,12-1-0,12852013.2832840532,2,,AVAILABLE
120400000000,12,0,12-1-0,12851575.1054153144,2,,AVAILABLE
120500000000,12,0,12-1-0,12851147.9114684425,2,,AVAILABLE
120600000000,12,0,12-1-0,12850719.5320979338,2,,AVAILABLE
120700000000,12,0,12-1-0,12850295.8245078325,2,,AVAILABLE
120800000000,12,0,12-1-0,12849880.5887773745,2,,AVAILABLE
120900000000,12,0,12-1-0,12849466.8025096226,2,,AVAILABLE
121000000000,12,0,12-1-0,12849061.9077062067,2,,AVAILABLE
121100000000,12,0,12-1-0,12848658.0448401589,2,,AVAILABLE
121200000000,12,0,12-1-0,12848259.4372288883,2,,AVAILABLE
121300000000,12,0,12-1-0,12847871.9373214096,2,,AVAILABLE
121400000000,12,0,12-1-0,12847482.3147097193,2,,AVAILABLE
121500000000,12,0,12-1-0,12847098.5927396826,2,,AVAILABLE
121600000000,12,0,12-1-0,12846722.7579465993,2,,AVAILABLE
121700000000,12,0,12-1-0,12846352.1796675194,2,,AVAILABLE
121800000000,12,0,12-1-0,12845985.6214043126,2,,AVAILABLE
121900000000,12,0,12-1-0,12845624.6714696810,2,,AVAILABLE
122000000000,12,0,12-1-0,12845266.1757709086,2,,AVAILABLE
122100000000,12,0,12-1-0,12844917.7243788578,2,,AVAILABLE
122200000000,12,0,12-1-0,12844568.7354421914,2,,AVAILABLE
122300000000,12,0,12-1-0,12844226.9851680193,2,,AVAILABLE
122400000000,12,0,12-1-0,12843891.1399399936,2,,AVAILABLE
122500000000,12,0,12-1-0,12843559.0158651974,2,,AVAILABLE
122600000000,12,0,12-1-0,12843233.5110206623,2,,AVAILABLE
122700000000,12,0,12-1-0,12842911.6068323422,2,,AVAILABLE
122800000000,12,0,12-1-0,12842595.6086808443,2,,AVAILABLE
122900000000,12,0,12-1-0,12842280.8265237771,2,,AVAILABLE
123000000000,12,0,12-1-0,12841974.7519588731,2,,AVAILABLE
123100000000,12,0,12-1-0,12841673.1108894367,2,,AVAILABLE
123200000000,12,0,12-1-0,12841379.2344859056,2,,AVAILABLE
123300000000,12,0,12-1-0,12841082.3206249382,2,,AVAILABLE
123400000000,12,0,12-1-0,12840798.3675120547,2,,AVAILABLE
123500000000,12,0,12-1-0,12840516.5724703409,2,,AVAILABLE
123600000000,12,0,12-1-0,12840242.9612287786,2,,AVAILABLE
123700000000,12,0,12-1-0,12839968.8155038301,2,,AVAILABLE
123800000000,12,0,12-1-0,12839698.5677206293,2,,AVAILABLE
123900000000,12,0,12-1-0,12839443.0592985190,2,,AVAILABLE
124000000000,12,0,12-1-0,12839186.0714743715,2,,AVAILABLE
124100000000,12,0,12-1-0,12838937.2653860617,2,,AVAILABLE
124200000000,12,0,12-1-0,12838687.6979838498,2,,AVAILABLE
124300000000,12,0,12-1-0,12838448.8169108890,2,,AVAILABLE
124400000000,12,0,12-1-0,12838208.7558379713,2,,AVAILABLE
124500000000,12,0,12-1-0,12837979.7954823840,2,,AVAILABLE
124600000000,12,0,12-1-0,12837756.2133878320,2,,AVAILABLE
124700000000,12,0,12-1-0,12837531.0370649397,2,,AVAILABLE
124800000000,12,0,12-1-0,12837317.3777609225,2,,AVAILABLE
124900000000,12,0,12-1-0,12837105.7621846143,2,,AVAILABLE
125000000000,12,0,12-1-0,12836895.8877139501,2,,AVAILABLE
125100000000,12,0,12-1-0,12836696.6978282724,2,,AVAILABLE
125200000000,12,0,12-1-0,12836499.9671592079,2,,AVAILABLE
125300000000,12,0,12-1-0,12836311.1148139760,2,,AVAILABLE
125400000000,12,0,12-1-0,12836126.9936538823,2,,AVAILABLE
125500000000,12,0,12-1-0,12835945.1475904267,2,,AVAILABLE
125600000000,12,0,12-1-0,12835765.0424426422,2,,AVAILABLE
125700000000,12,0,12-1-0,12835599.6731269415,2,,AVAILABLE
125800000000,12,0,12-1-0,12835431.7616029214,2,,AVAILABLE
125900000000,12,0,12-1-0,12835273.3994614258,2,,AVAILABLE
126000000000,12,0,12-1-0,12835113.5573077369,2,,AVAILABLE
126100000000,12,0,12-1-0,12834964.1653399393,2,,AVAILABLE
126200000000,12,0,12-1-0,12834823.1854939274,2,,AVAILABLE
126300000000,12,0,12-1-0,12834680.9118746035,2,,AVAILABLE
126400000000,12,0,12-1-0,12834544.1362818386,2,,AVAILABLE
126500000000,12,0,12-1-0,12834414.5912098233,2,,AVAILABLE
126600000000,12,0,12-1-0,12834287.7385458387,2,,AVAILABLE
126700000000,12,0,12-1-0,12834168.5307278316,2,,AVAILABLE
126800000000,12,0,12-1-0,12834055.2389314584,2,,AVAILABLE
126900000000,12,0,12-1-0,12833942.3155351318,2,,AVAILABLE
127000000000,12,0,12-1-0,12833838.9466350451,2,,AVAILABLE
127100000000,12,0,12-1-0,12833736.6711305473,2,,AVAILABLE
127200000000,12,0,12-1-0,12833642.2693716306,2,,AVAILABLE
127300000000,12,0,12-1-0,12833553.7870236598,2,,AVAILABLE
127400000000,12,0,12-1-0,12833469.7245455924,2,,AVAILABLE
127500000000,12,0,12-1-0,12833390.2061334476,2,,AVAILABLE
127600000000,12,0,12-1-0,12833313.1543733235,2,,AVAILABLE
127700000000,12,0,12-1-0,12833244.9324225765,2,,AVAILABLE
127800000000,12,0,12-1-0,12833180.2975004166,2,,AVAILABLE
127900000000,12,0,12-1-0,12833121.0405163802,2,,AVAILABLE
128000000000,12,0,12-1-0,12833067.0575459022,2,,AVAILABLE
128100000000,12,0,12-1-0,12833018.1397051290,2,,AVAILABLE
128200000000,12,0,12-1-0,12832974.0772671662,2,,AVAILABLE
128300000000,12,0,12-1-0,12832934.6646211408,2,,AVAILABLE
128400000000,12,0,12-1-0,12832897.7204000317,2,,AVAILABLE
128500000000,12,0,12-1-0,12832871.8681971133,2,,AVAILABLE
128600000000,12,0,12-1-0,12832844.4295762945,2,,AVAILABLE
128700000000,12,0,12-1-0,12832825.2801961415,2,,AVAILABLE
128800000000,12,0,12-1-0,12832811.4024894368,2,,AVAILABLE
128900000000,12,0,12-1-0,12832805.3944857251,2,,AVAILABLE
129000000000,12,0,12-1-0,12832798.6347724702,2,,AVAILABLE
129100000000,12,0,12-1-0,12832799.6409652550,2,,AVAILABLE
129200000000,12,0,12-1-0,12832808.9330924191,2,,AVAILABLE
129300000000,12,0,12-1-0,12832816.6401995253,2,,AVAILABLE
129400000000,12,0,12-1-0,12832835.2092438675,2,,AVAILABLE
129500000000,12,0,12-1-0,12832859.3842267562,2,,AVAILABLE
129600000000,12,0,12-1-0,12832879.1701017171,2,,AVAILABLE
129700000000,12,0,12-1-0,12832910.3605307564,2,,AVAILABLE
129800000000,12,0,12-1-0,12832949.1882132497,2,,AVAILABLE
129900000000,12,0,12-1-0,12832990.3010129128,2,,AVAILABLE
130000000000,12,0,12-1-0,12833036.7920580748,2,,AVAILABLE
130100000000,12,0,12-1-0,12833086.8639540877,2,,AVAILABLE
130200000000,12,0,12-1-0,12833146.1847433243,2,,AVAILABLE
130300000000,12,0,12-1-0,12833209.8169160355,2,,AVAILABLE
130400000000,12,0,12-1-0,12833276.1522939373,2,,AVAILABLE
130500000000,12,0,12-1-0,12833344.2270758748,2,,AVAILABLE
130600000000,12,0,12-1-0,12833425.9638652522,2,,AVAILABLE
130700000000,12,0,12-1-0,12833503.7304895241,2,,AVAILABLE
130800000000,12,0,12-1-0,12833593.1324210856,2,,AVAILABLE
130900000000,12,0,12-1-0,12833683.7272393368,2,,AVAILABLE
131000000000,12,0,12-1-0,12833780.2463820484,2,,AVAILABLE
131100000000,12,0,12-1-0,12833883.9826225284,2,,AVAILABLE
131200000000,12,0,12-1-0,12833995.9015600849,2,,AVAILABLE
131300000000,12,0,12-1-0,12834101.1790026929,2,,AVAILABLE
131400000000,12,0,12-1-0,12834219.7977882661,2,,AVAILABLE
131500000000,12,0,12-1-0,12834343.3772487175,2,,AVAILABLE
131600000000,12,0,12-1-0,12834470.0817543287,2,,AVAILABLE
131700000000,12,0,12-1-0,12834600.6809369847,2,,AVAILABLE
131800000000,12,0,12-1-0,12834742.7819103394,2,,AVAILABLE
131900000000,12,0,12-1-0,12834883.7200450972,2,,AVAILABLE
132000000000,12,0,12-1-0,12835032.5204074606,2,,AVAILABLE
132100000000,12,0,12-1-0,12835183.0591970906,2,,AVAILABLE
132200000000,12,0,12-1-0,12835342.1022974495,2,,AVAILABLE
132300000000,12,0,12-1-0,12835503.5316411499,2,,AVAILABLE
132400000000,12,0,12-1-0,12835669.2768276092,2,,AVAILABLE
132500000000,12,0,12-1-0,12835842.8808789626,2,,AVAILABLE
132600000000,12,0,12-1-0,12836022.1850066055,2,,AVAILABLE
132700000000,12,0,12-1-0,12836203.2278770767,2,,AVAILABLE
132800000000,12,0,12-1-0,12836394.9364391007,2,,AVAILABLE
132900000000,12,0,12-1-0,12836584.9303984474,2,,AVAILABLE
133000000000,12,0,12-1-0,12836784.0782008767,2,,AVAILABLE
133100000000,12,0,12-1-0,12836987.8653763942,2,,AVAILABLE
133200000000,12,0,12-1-0,12837193.7125396933,2,,AVAILABLE
133300000000,12,0,12-1-0,12837407.7431258913,2,,AVAILABLE
133400000000,12,0,12-1-0,12837626.7347145434,2,,AVAILABLE
133500000000,12,0,12-1-0,12837853.0296436809,2,,AVAILABLE
133600000000,12,0,12-1-0,12838078.7201888170,2,,AVAILABLE
133700000000,12,0,12-1-0,12838309.3716626819,2,,AVAILABLE
133800000000,12,0,12-1-0,12838551.8483092636,2,,AVAILABLE
133900000000,12,0,12-1-0,12838794.6709360536,2,,AVAILABLE
134000000000,12,0,12-1-0,12839043.8445118815,2,,AVAILABLE
134100000000,12,0,12-1-0,12839294.7563879956,2,,AVAILABLE
134200000000,12,0,12-1-0,12839552.8777147569,2,,AVAILABLE
134300000000,12,0,12-1-0,12839816.9337834213,2,,AVAILABLE
134400000000,12,0,12-1-0,12840084.9761551414,2,,AVAILABLE
134500000000,12,0,12-1-0,12840358.9559326414,2,,AVAILABLE
134600000000,12,0,12-1-0,12840640.1420547552,2,,AVAILABLE
134700000000,12,0,12-1-0,12840920.8184281103,2,,AVAILABLE
134800000000,12,0,12-1-0,12841209.0309045557,2,,AVAILABLE
134900000000,12,0,12-1-0,12841502.8517439198,2,,AVAILABLE
135000000000,12,0,12-1-0,12841801.0742280986,2,,AVAILABLE
135100000000,12,0,12-1-0,12842110.2857879475,2,,AVAILABLE
135200000000,12,0,12-1-0,12842415.7657941524,2,,AVAILABLE
135300000000,12,0,12-1-0,12842729.2010642998,2,,AVAILABLE
135400000000,12,0,12-1-0,12843050.0712782927,2,,AVAILABLE
135500000000,12,0,12-1-0,12843374.0732857138,2,,AVAILABLE
135600000000,12,0,12-1-0,12843701.9715788309,2,,AVAILABLE
135700000000,12,0,12-1-0,12844034.9171834160,2,,AVAILABLE
135800000000,12,0,12-1-0,12844372.7367562987,2,,AVAILABLE
135900000000,12,0,12-1-0,12844718.8261469733,2,,AVAILABLE
136000000000,12,0,12-1-0,12845064.7418093495,2,,AVAILABLE
136100000000,12,0,12-1-0,12845420.3352626823,2,,AVAILABLE
136200000000,12,0,12-1-0,12845778.4145207964,2,,AVAILABLE
136300000000,12,0,12-1-0,12846144.3456744608,2,,AVAILABLE
136400000000,12,0,12-1-0,12846511.9291659445,2,,AVAILABLE
136500000000,12,0,12-1-0,12846887.7810269035,2,,AVAILABLE
136600000000,12,0,12-1-0,12847265.7026243396,2,,AVAILABLE
136700000000,12,0,12-1-0,12847648.1701185498,2,,AVAILABLE
136800000000,12,0,12-1-0,12848038.9030842651,2,,AVAILABLE
136900000000,12,0,12-1-0,12848431.7064535413,2,,AVAILABLE
137000000000,12,0,12-1-0,12848829.4704721905,2,,AVAILABLE
137100000000,12,0,12-1-0,12849237.2431642208,2,,AVAILABLE
137200000000,12,0,12-1-0,12849641.7049190123,2,,AVAILABLE
137300000000,12,0,12-1-0,12850060.4627935812,2,,AVAILABLE
137400000000,12,0,12-1-0,12850477.6519099567,2,,AVAILABLE
137500000000,12,0,12-1-0,12850900.2207603659,2,,AVAILABLE
137600000000,12,0,12-1-0,12851329.5715797171,2,,AVAILABLE
137700000000,12,0,12-1-0,12851765.2826178614,2,,AVAILABLE
137800000000,12,0,12-1-0,12852202.3138688058,2,,AVAILABLE
137900000000,12,0,12-1-0,12852646.9624351878,2,,AVAILABLE
138000000000,12,0,12-1-0,12853097.1380603127,2,,AVAILABLE
138100000000,12,0,12-1-0,12853549.4677135181,2,,AVAILABLE
138200000000,12,0,12-1-0,12854008.5822111741,2,,AVAILABLE
138300000000,12,0,12-1-0,12854470.4157329407,2,,AVAILABLE
138400000000,12,0,12-1-0,12854939.4483835138,2,,AVAILABLE
138500000000,12,0,12-1-0,12855417.6498978622,2,,AVAILABLE
138600000000,12,0,12-1-0,12855893.7170318104,2,,AVAILABLE
138700000000,12,0,12-1-0,12856378.6160128191,2,,AVAILABLE
138800000000,12,0,12-1-0,12856867.4895046968,2,,AVAILABLE
138900000000,12,0,12-1-0,12857359.0877501983,2,,AVAILABLE
139000000000,12,0,12-1-0,12857854.9965377729,2,,AVAILABLE
139100000000,12,0,12-1-0,12858359.3202875759,2,,AVAILABLE
139200000000,12,0,12-1-0,12858871.2581871543,2,,AVAILABLE
139300000000,12,0,12-1-0,12859384.8549068030,2,,AVAILABLE
139400000000,12,0,12-1-0,12859903.4892274160,2,,AVAILABLE
139500000000,12,0,12-1-0,12860427.6543561388,2,,AVAILABLE
139600000000,12,0,12-1-0,12860956.1343482062,2,,AVAILABLE
139700000000,12,0,12-1-0,12861489.2320106495,2,,AVAILABLE
139800000000,12,0,12-1-0,12862027.6304068845,2,,AVAILABLE
139900000000,12,0,12-1-0,12862568.4130826909,2,,AVAILABLE
140000000000,12,0,12-1-0,12863116.3153132834,2,,AVAILABLE
140100000000,12,0,12-1-0,12863672.4772571065,2,,AVAILABLE
140200000000,12,0,12-1-0,12864227.0760435592,2,,AVAILABLE
140300000000,12,0,12-1-0,12864789.8591572642,2,,AVAILABLE
140400000000,12,0,12-1-0,12865360.4864922818,2,,AVAILABLE
140500000000,12,0,12-1-0,12865933.1900848467,2,,AVAILABLE
140600000000,12,0,12-1-0,12866507.6299513169,2,,AVAILABLE
140700000000,12,0,12-1-0,12867093.1351729799,2,,AVAILABLE
140800000000,12,0,12-1-0,12867683.5266629159,2,,AVAILABLE
140900000000,12,0,12-1-0,12868275.6543766353,2,,AVAILABLE
141000000000,12,0,12-1-0,12868869.5182373542,2,,AVAILABLE
141100000000,12,0,12-1-0,12869471.5687168837,2,,AVAILABLE
141200000000,12,0,12-1-0,12870080.4648717307,2,,AVAILABLE
141300000000,12,0,12-1-0,12870695.6574476361,2,,AVAILABLE
141400000000,12,0,12-1-0,12871312.1691358984,2,,AVAILABLE
141500000000,12,0,12-1-0,12871933.6410805602,2,,AVAILABLE
141600000000,12,0,12-1-0,12872560.0732721854,2,,AVAILABLE
141700000000,12,0,12-1-0,12873193.6964751985,2,,AVAILABLE
141800000000,12,0,12-1-0,12873829.6341308579,2,,AVAILABLE
141900000000,12,0,12-1-0,12874470.5298126806,2,,AVAILABLE
142000000000,12,0,12-1-0,12875118.6157656200,2,,AVAILABLE
142100000000,12,0,12-1-0,12875772.6560153309,2,,AVAILABLE
142200000000,12,0,12-1-0,12876421.9132094327,2,,AVAILABLE
142300000000,12,0,12-1-0,12877088.1034532152,2,,AVAILABLE
142400000000,12,0,12-1-0,12877753.3829080854,2,,AVAILABLE
142500000000,12,0,12-1-0,12878429.0758835021,2,,AVAILABLE
142600000000,12,0,12-1-0,12879100.6361669265,2,,AVAILABLE
142700000000,12,0,12-1-0,12879779.7309481893,2,,AVAILABLE
142800000000,12,0,12-1-0,12880464.4337937385,2,,AVAILABLE
142900000000,12,0,12-1-0,12881162.7738342248,2,,AVAILABLE
143000000000,12,0,12-1-0,12881856.3318148069,2,,AVAILABLE
143100000000,12,0,12-1-0,12882555.4978479557,2,,AVAILABLE
143200000000,12,0,12-1-0,12883261.8511854298,2,,AVAILABLE
143300000000,12,0,12-1-0,12883973.5160528813,2,,AVAILABLE
143400000000,12,0,12-1-0,12884687.1451669093,2,,AVAILABLE
143500000000,12,0,12-1-0,12885405.0863677859,2,,AVAILABLE
143600000000,12,0,12-1-0,12886133.6696326844,2,,AVAILABLE
143700000000,12,0,12-1-0,12886861.5307060983,2,,AVAILABLE
143800000000,12,0,12-1-0,12887594.5828483310,2,,AVAILABLE
143900000000,12,0,12-1-0,12888334.7548579518,2,,AVAILABLE
144000000000,12,0,12-1-0,12889079.8891215101,2,,AVAILABLE
144100000000,12,0,12-1-0,12889829.6294686031,2,,AVAILABLE
144200000000,12,0,12-1-0,12890584.6813534983,2,,AVAILABLE
144300000000,12,0,12-1-0,12891344.2763080951,2,,AVAILABLE
144400000000,12,0,12-1-0,12892108.4787556790,2,,AVAILABLE
144500000000,12,0,12-1-0,12892877.5765199233,2,,AVAILABLE
144600000000,12,0,12-1-0,12893648.4093302004,2,,AVAILABLE
144700000000,12,0,12-1-0,12894424.2042866778,2,,AVAILABLE
144800000000,12,0,12-1-0,12895210.6364668254,2,,AVAILABLE
144900000000,12,0,12-1-0,12895999.1569258142,2,,AVAILABLE
145000000000,12,0,12-1-0,12896788.9953505676,2,,AVAILABLE
145100000000,12,0,12-1-0,12897590.2437992543,2,,AVAILABLE
145200000000,12,0,12-1-0,12898390.0020671934,2,,AVAILABLE
145300000000,12,0,12-1-0,12899199.7505847532,2,,AVAILABLE
145400000000,12,0,12-1-0,12900012.2365689483,2,,AVAILABLE
145500000000,12,0,12-1-0,12900826.0425670519,2,,AVAILABLE
145600000000,12,0,12-1-0,12901648.0313864592,2,,AVAILABLE
145700000000,12,0,12-1-0,12902476.7844068464,2,,AVAILABLE
145800000000,12,0,12-1-0,12903308.2758065891,2,,AVAILABLE
145900000000,12,0,12-1-0,12904144.7270795684,2,,AVAILABLE
146000000000,12,0,12-1-0,12904987.9418122414,2,,AVAILABLE
146100000000,12,0,12-1-0,12905827.3849403113,2,,AVAILABLE
146200000000,12,0,12-1-0,12906677.8840460051,2,,AVAILABLE
146300000000,12,0,12-1-0,12907538.7859381624,2,,AVAILABLE
146400000000,12,0,12-1-0,12908398.7853247542,2,,AVAILABLE
146500000000,12,0,12-1-0,12909259.4540615305,2,,AVAILABLE
146600000000,12,0,12-1-0,12910132.1814789735,2,,AVAILABLE
146700000000,12,0,12-1-0,12911005.6367966328,2,,AVAILABLE
146800000000,12,0,12-1-0,12911884.9998450950,2,,AVAILABLE
146900000000,12,0,12-1-0,12912770.7679585312,2,,AVAILABLE
147000000000,12,0,12-1-0,12913661.4931568448,2,,AVAILABLE
147100000000,12,0,12-1-0,12914551.6766415052,2,,AVAILABLE
147200000000,12,0,12-1-0,12915451.9039109871,2,,AVAILABLE
147300000000,12,0,12-1-0,12916357.0333920252,2,,AVAILABLE
147400000000,12,0,12-1-0,12917264.5452619605,2,,AVAILABLE
147500000000,12,0,12-1-0,12918175.9517013524,2,,AVAILABLE
147600000000,12,0,12-1-0,12919094.7658312097,2,,AVAILABLE
147700000000,12,0,12-1-0,12920015.6766893864,2,,AVAILABLE
147800000000,12,0,12-1-0,12920938.9117960557,2,,AVAILABLE
147900000000,12,0,12-1-0,12921872.1873238739,2,,AVAILABLE
148000000000,12,0,12-1-0,12922810.3667805567,2,,AVAILABLE
148100000000,12,0,12-1-0,12923750.2802144382,2,,AVAILABLE
148200000000,12,0,12-1-0,12924700.4086736590,2,,AVAILABLE
148300000000,12,0,12-1-0,12925649.4072655458,2,,AVAILABLE
148400000000,12,0,12-1-0,12926606.5934866965,2,,AVAILABLE
148500000000,12,0,12-1-0,12927561.8685783949,2,,AVAILABLE
148600000000,12,0,12-1-0,12928528.1379393041,2,,AVAILABLE
148700000000,12,0,12-1-0,12929501.8123713601,2,,AVAILABLE
148800000000,12,0,12-1-0,12930474.3579421062,2,,AVAILABLE
148900000000,12,0,12-1-0,12931454.6720328294,2,,AVAILABLE
149000000000,12,0,12-1-0,12932439.9457370695,2,,AVAILABLE
149100000000,12,0,12-1-0,12933426.5383664016,2,,AVAILABLE
149200000000,12,0,12-1-0,12934417.6713718437,2,,AVAILABLE
149300000000,12,0,12-1-0,12935418.7856422402,2,,AVAILABLE
149400000000,12,0,12-1-0,12936419.4205473866,2,,AVAILABLE
149500000000,12,0,12-1-0,12937424.1810641456,2,,AVAILABLE
149600000000,12,0,12-1-0,12938440.7701499555,2,,AVAILABLE
149700000000,12,0,12-1-0,12939454.3844535686,2,,AVAILABLE
149800000000,12,0,12-1-0,12940476.4179233629,2,,AVAILABLE
149900000000,12,0,12-1-0,12941500.1825816743,2,,AVAILABLE
150000000000,12,0,12-1-0,12942533.9269246776,2,,AVAILABLE
150100000000,12,0,12-0,8403429.3818025272,1,,AVAILABLE
150200000000,12,0,12-0,8399463.3047106210,1,,AVAILABLE
150300000000,12,0,12-0,8395498.0615289528,1,,AVAILABLE
150400000000,12,0,12-0,8391533.6522575226,1,,AVAILABLE
150500000000,12,0,12-0,8387570.0768963303,1,,AVAILABLE
150600000000,12,0,12-0,8383607.3354453770,1,,AVAILABLE
150700000000,12,0,12-0,8379644.5939944228,1,,AVAILABLE
150800000000,12,0,12-0,8375682.6864537066,1,,AVAILABLE
150900000000,12,0,12-0,8371721.6128232284,1,,AVAILABLE
151000000000,12,0,12-0,8367760.5391927501,1,,AVAILABLE
151100000000,12,0,12-0,8363800.2994725108,1,,AVAILABLE
151200000000,12,0,12-0,8359840.8936625086,1,,AVAILABLE
151300000000,12,0,12-0,8355882.3217627443,1,,AVAILABLE
151400000000,12,0,12-0,8351924.5837732181,1,,AVAILABLE
151500000000,12,0,12-0,8347966.8457836919,1,,AVAILABLE
151600000000,12,0,12-0,8344009.9417044036,1,,AVAILABLE
151700000000,12,0,12-0,8340053.8715353543,1,,AVAILABLE
151800000000,12,0,12-0,8336098.6352765420,1,,AVAILABLE
151900000000,12,0,12-0,8332143.3990177298,1,,AVAILABLE
152000000000,12,0,12-0,8328188.9966691555,1,,AVAILABLE
152100000000,12,0,12-0,8324235.4282308193,1,,AVAILABLE
152200000000,12,0,12-0,8320282.6937027210,1,,AVAILABLE
152300000000,12,0,12-0,8316329.9591746237,1,,AVAILABLE
152400000000,12,0,12-0,8312378.0585567635,1,,AVAILABLE
152500000000,12,0,12-0,8308426.9918491412,1,,AVAILABLE
152600000000,12,0,12-0,8304476.7590517569,1,,AVAILABLE
152700000000,12,0,12-0,8300527.3601646107,1,,AVAILABLE
152800000000,12,0,12-0,8296577.9612774644,1,,AVAILABLE
152900000000,12,0,12-0,8292629.3963005571,1,,AVAILABLE
153000000000,12,0,12-0,8288681.6652338868,1,,AVAILABLE
153100000000,12,0,12-0,8284733.9341672165,1,,AVAILABLE
153200000000,12,0,12-0,8280787.8709210223,1,,AVAILABLE
153300000000,12,0,12-0,8276841.8076748280,1,,AVAILABLE
153400000000,12,0,12-0,8272896.5783388717,1,,AVAILABLE
153500000000,12,0,12-0,8268952.1829131534,1,,AVAILABLE
153600000000,12,0,12-0,8265007.7874874361,1,,AVAILABLE
153700000000,12,0,12-0,8261065.0598821938,1,,AVAILABLE
153800000000,12,0,12-0,8257122.3322769515,1,,AVAILABLE
153900000000,12,0,12-0,8253180.4385819472,1,,AVAILABLE
154000000000,12,0,12-0,8249239.3787971810,1,,AVAILABLE
154100000000,12,0,12-0,8245298.3190124147,1,,AVAILABLE
154200000000,12,0,12-0,8241358.0931378864,1,,AVAILABLE
154300000000,12,0,12-0,8237419.5350838350,1,,AVAILABLE
154400000000,12,0,12-0,8233480.1431195447,1,,AVAILABLE
154500000000,12,0,12-0,8229542.4189757304,1,,AVAILABLE
154600000000,12,0,12-0,8225605.5287421541,1,,AVAILABLE
154700000000,12,0,12-0,8221668.6385085778,1,,AVAILABLE
154800000000,12,0,12-0,8217732.5821852395,1,,AVAILABLE
154900000000,12,0,12-0,8213797.3597721392,1,,AVAILABLE
155000000000,12,0,12-0,8209862.9712692769,1,,AVAILABLE
155100000000,12,0,12-0,8205928.5827664146,1,,AVAILABLE
155200000000,12,0,12-0,8201995.0281737912,1,,AVAILABLE
155300000000,12,0,12-0,8198062.3074914049,1,,AVAILABLE
155400000000,12,0,12-0,8194130.4207192566,1,,AVAILABLE
155500000000,12,0,12-0,8190199.3678573463,1,,AVAILABLE
155600000000,12,0,12-0,8186269.1489056740,1,,AVAILABLE
155700000000,12,0,12-0,8182338.9299540017,1,,AVAILABLE
155800000000,12,0,12-0,8178409.5449125674,1,,AVAILABLE
155900000000,12,0,12-0,8174480.9937813710,1,,AVAILABLE
156000000000,12,0,12-0,8170553.2765604127,1,,AVAILABLE
156100000000,12,0,12-0,8166625.5593394544,1,,AVAILABLE
156200000000,12,0,12-0,8162699.5099389721,1,,AVAILABLE
156300000000,12,0,12-0,8158773.4605384907,1,,AVAILABLE
156400000000,12,0,12-0,8154848.2450482463,1,,AVAILABLE
156500000000,12,0,12-0,8150923.8634682400,1,,AVAILABLE
156600000000,12,0,12-0,8147000.3157984717,1,,AVAILABLE
156700000000,12,0,12-0,8143076.7681287033,1,,AVAILABLE
156800000000,12,0,12-0,8139154.8882794110,1,,AVAILABLE
156900000000,12,0,12-0,8135233.0084301187,1,,AVAILABLE
157000000000,12,0,12-0,8131311.9624910643,1,,AVAILABLE
157100000000,12,0,12-0,8127391.7504622480,1,,AVAILABLE
157200000000,12,0,12-0,8123471.5384334316,1,,AVAILABLE
157300000000,12,0,12-0,8119552.9942250913,1,,AVAILABLE
157400000000,12,0,12-0,8115634.4500167510,1,,AVAILABLE
157500000000,12,0,12-0,8111716.7397186486,1,,AVAILABLE
157600000000,12,0,12-0,8107799.8633307843,1,,AVAILABLE
157700000000,12,0,12-0,8103883.8208531579,1,,AVAILABLE
157800000000,12,0,12-0,8099968.6122857705,1,,AVAILABLE
157900000000,12,0,12-0,8096053.4037183821,1,,AVAILABLE
158000000000,12,0,12-0,8092139.0290612318,1,,AVAILABLE
158100000000,12,0,12-0,8088226.3222245574,1,,AVAILABLE
158200000000,12,0,12-0,8084313.6153878830,1,,AVAILABLE
158300000000,12,0,12-0,8080400.9085512087,1,,AVAILABLE
158400000000,12,0,12-0,8076489.8695350103,1,,AVAILABLE
158500000000,12,0,12-0,8072579.6644290499,1,,AVAILABLE
158600000000,12,0,12-0,8068669.4593230896,1,,AVAILABLE
158700000000,12,0,12-0,8064760.0881273672,1,,AVAILABLE
158800000000,12,0,12-0,8060851.5508418828,1,,AVAILABLE
158900000000,12,0,12-0,8056943.8474666364,1,,AVAILABLE
159000000000,12,0,12-0,8053036.9780016281,1,,AVAILABLE
159100000000,12,0,12-0,8049130.9424468577,1,,AVAILABLE
159200000000,12,0,12-0,8045224.9068920873,1,,AVAILABLE
159300000000,12,0,12-0,8041320.5391577929,1,,AVAILABLE
159400000000,12,0,12-0,8037416.1714234985,1,,AVAILABLE
159500000000,12,0,12-0,8033512.6375994422,1,,AVAILABLE
159600000000,12,0,12-0,8029609.9376856238,1,,AVAILABLE
159700000000,12,0,12-0,8025708.0716820434,1,,AVAILABLE
159800000000,12,0,12-0,8021806.2056784630,1,,AVAILABLE
159900000000,12,0,12-0,8017906.0074953586,1,,AVAILABLE
160000000000,12,0,12-0,8014005.8093122542,1,,AVAILABLE
160100000000,12,0,12-0,8010107.2789496258,1,,AVAILABLE
160200000000,12,0,12-0,8006208.7485869974,1,,AVAILABLE
160300000000,12,0,12-0,8002311.0521346070,1,,AVAILABLE
160400000000,12,0,12-0,7998414.1895924546,1,,AVAILABLE
160500000000,12,0,12-0,7994517.3270503022,1,,AVAILABLE
160600000000,12,0,12-0,7990622.1323286258,1,,AVAILABLE
160700000000,12,0,12-0,7986726.9376069494,1,,AVAILABLE
160800000000,12,0,12-0,7982833.4107057489,1,,AVAILABLE
160900000000,12,0,12-0,7978939.8838045485,1,,AVAILABLE
161000000000,12,0,12-0,7975047.1908135861,1,,AVAILABLE
161100000000,12,0,12-0,7971155.3317328617,1,,AVAILABLE
161200000000,12,0,12-0,7967264.3065623753,1,,AVAILABLE
161300000000,12,0,12-0,7963374.1153021269,1,,AVAILABLE
161400000000,12,0,12-0,7959483.9240418784,1,,AVAILABLE
161500000000,12,0,12-0,7955595.4006021060,1,,AVAILABLE
161600000000,12,0,12-0,7951706.8771623336,1,,AVAILABLE
161700000000,12,0,12-0,7947820.0215430371,1,,AVAILABLE
161800000000,12,0,12-0,7943933.1659237407,1,,AVAILABLE
161900000000,12,0,12-0,7940047.1442146823,1,,AVAILABLE
162000000000,12,0,12-0,7936161.9564158618,1,,AVAILABLE
162100000000,12,0,12-0,7932277.6025272794,1,,AVAILABLE
162200000000,12,0,12-0,7928394.0825489350,1,,AVAILABLE
162300000000,12,0,12-0,7924510.5625705905,1,,AVAILABLE
162400000000,12,0,12-0,7920628.7104127211,1,,AVAILABLE
162500000000,12,0,12-0,7916746.8582548527,1,,AVAILABLE
162600000000,12,0,12-0,7912866.6739174603,1,,AVAILABLE
162700000000,12,0,12-0,7908986.4895800678,1,,AVAILABLE
162800000000,12,0,12-0,7905107.1391529134,1,,AVAILABLE
162900000000,12,0,12-0,7901228.6226359969,1,,AVAILABLE
163000000000,12,0,12-0,7897350.9400293184,1,,AVAILABLE
163100000000,12,0,12-0,7893474.0913328780,1,,AVAILABLE
163200000000,12,0,12-0,7889598.0765466755,1,,AVAILABLE
163300000000,12,0,12-0,7885722.0617604731,1,,AVAILABLE
163400000000,12,0,12-0,7881847.7147947466,1,,AVAILABLE
163500000000,12,0,12-0,7877973.3678290201,1,,AVAILABLE
163600000000,12,0,12-0,7874100.6886837697,1,,AVAILABLE
163700000000,12,0,12-0,7870228.0095385192,1,,AVAILABLE
163800000000,12,0,12-0,7866356.9982137438,1,,AVAILABLE
163900000000,12,0,12-0,7862485.9868889693,1,,AVAILABLE
164000000000,12,0,12-0,7858615.8094744328,1,,AVAILABLE
164100000000,12,0,12-0,7854746.4659701344,1,,AVAILABLE
164200000000,12,0,12-0,7850877.9563760739,1,,AVAILABLE
164300000000,12,0,12-0,7847010.2806922514,1,,AVAILABLE
164400000000,12,0,12-0,7843142.6050084289,1,,AVAILABLE
164500000000,12,0,12-0,7839276.5971450824,1,,AVAILABLE
164600000000,12,0,12-0,7835411.4231919739,1,,AVAILABLE
164700000000,12,0,12-0,7831546.2492388655,1,,AVAILABLE
164800000000,12,0,12-0,7827682.7431062330,1,,AVAILABLE
164900000000,12,0,12-0,7823819.2369735995,1,,AVAILABLE
165000000000,12,0,12-0,7819957.3986614430,1,,AVAILABLE
165100000000,12,0,12-0,7816095.5603492865,1,,AVAILABLE
165200000000,12,0,12-0,7812234.5559473680,1,,AVAILABLE
165300000000,12,0,12-0,7808374.3854556875,1,,AVAILABLE
165400000000,12,0,12-0,7804515.8827844830,1,,AVAILABLE
165500000000,12,0,12-0,7800657.3801132785,1,,AVAILABLE
165600000000,12,0,12-0,7796799.7113523120,1,,AVAILABLE
165700000000,12,0,12-0,7792942.8765015826,1,,AVAILABLE
165800000000,12,0,12-0,7789086.8755610920,1,,AVAILABLE
165900000000,12,0,12-0,7785230.8746206015,1,,AVAILABLE
166000000000,12,0,12-0,7781376.5415005870,1,,AVAILABLE
166100000000,12,0,12-0,7777523.0422908105,1,,AVAILABLE
166200000000,12,0,12-0,7773670.3769912720,1,,AVAILABLE
166300000000,12,0,12-0,7769817.7116917334,1,,AVAILABLE
166400000000,12,0,12-0,7765966.7142126700,1,,AVAILABLE
166500000000,12,0,12-0,7762115.7167336075,1,,AVAILABLE
166600000000,12,0,12-0,7758266.3870750209,1,,AVAILABLE
166700000000,12,0,12-0,7754417.0574164344,1,,AVAILABLE
166800000000,12,0,12-0,7750569.3955783239,1,,AVAILABLE
166900000000,12,0,12-0,7746721.7337402133,1,,AVAILABLE
167000000000,12,0,12-0,7742875.7397225788,1,,AVAILABLE
167100000000,12,0,12-0,7739029.7457049433,1,,AVAILABLE
167200000000,12,0,12-0,7735184.5855975468,1,,AVAILABLE
167300000000,12,0,12-0,7731341.0933106262,1,,AVAILABLE
167400000000,12,0,12-0,7727497.6010237057,1,,AVAILABLE
167500000000,12,0,12-0,7723654.9426470231,1,,AVAILABLE
167600000000,12,0,12-0,7719813.1181805786,1,,AVAILABLE
167700000000,12,0,12-0,7715972.1276243711,1,,AVAILABLE
167800000000,12,0,12-0,7712131.9709784025,1,,AVAILABLE
167900000000,12,0,12-0,7708292.6482426720,1,,AVAILABLE
168000000000,12,0,12-0,7704454.9933274174,1,,AVAILABLE
168100000000,12,0,12-0,7700617.3384121628,1,,AVAILABLE
168200000000,12,0,12-0,7696780.5174071454,1,,AVAILABLE
168300000000,12,0,12-0,7692944.5303123668,1,,AVAILABLE
168400000000,12,0,12-0,7689109.3771278262,1,,AVAILABLE
168500000000,12,0,12-0,7685275.0578535236,1,,AVAILABLE
168600000000,12,0,12-0,7681441.5724894591,1,,AVAILABLE
168700000000,12,0,12-0,7677608.9210356316,1,,AVAILABLE
168800000000,12,0,12-0,7673777.1034920430,1,,AVAILABLE
168900000000,12,0,12-0,7669946.1198586924,1,,AVAILABLE
169000000000,12,0,12-0,7666115.1362253418,1,,AVAILABLE
169100000000,12,0,12-0,7662285.8204124672,1,,AVAILABLE
169200000000,12,0,12-0,7658457.3385098297,1,,AVAILABLE
169300000000,12,0,12-0,7654629.6905174311,1,,AVAILABLE
169400000000,12,0,12-0,7650802.8764352705,1,,AVAILABLE
169500000000,12,0,12-0,7646976.8962633479,1,,AVAILABLE
169600000000,12,0,12-0,7643151.7500016624,1,,AVAILABLE
169700000000,12,0,12-0,7639327.4376502158,1,,AVAILABLE
169800000000,12,0,12-0,7635503.9592090072,1,,AVAILABLE
169900000000,12,0,12-0,7631681.3146780366,1,,AVAILABLE
170000000000,12,0,12-0,7627859.5040573031,1,,AVAILABLE
170100000000,12,0,12-0,7624038.5273468085,1,,AVAILABLE
170200000000,12,0,12-0,7620218.3845465519,1,,AVAILABLE
170300000000,12,0,12-0,7616399.0756565332,1,,AVAILABLE
170400000000,12,0,12-0,7612580.6006767526,1,,AVAILABLE
170500000000,12,0,12-0,7608762.9596072091,1,,AVAILABLE
170600000000,12,0,12-0,7604946.1524479045,1,,AVAILABLE
170700000000,12,0,12-0,7601130.1791988378,1,,AVAILABLE
170800000000,12,0,12-0,7597315.0398600092,1,,AVAILABLE
170900000000,12,0,12-0,7593500.7344314177,1,,AVAILABLE
171000000000,12,0,12-0,7589687.2629130650,1,,AVAILABLE
171100000000,12,0,12-0,7585874.6253049504,1,,AVAILABLE
171200000000,12,0,12-0,7582063.6555173108,1,,AVAILABLE
171300000000,12,0,12-0,7578252.6857296722,1,,AVAILABLE
171400000000,12,0,12-0,7574442.5498522716,1,,AVAILABLE
171500000000,12,0,12-0,7570633.2478851089,1,,AVAILABLE
171600000000,12,0,12-0,7566825.6137384214,1,,AVAILABLE
171700000000,12,0,12-0,7563017.9795917347,1,,AVAILABLE
171800000000,12,0,12-0,7559211.1793552861,1,,AVAILABLE
171900000000,12,0,12-0,7555406.0469393125,1,,AVAILABLE
172000000000,12,0,12-0,7551600.9145233398,1,,AVAILABLE
172100000000,12,0,12-0,7547797.4499278432,1,,AVAILABLE
172200000000,12,0,12-0,7543993.9853323465,1,,AVAILABLE
172300000000,12,0,12-0,7540192.1885573249,1,,AVAILABLE
172400000000,12,0,12-0,7536391.2256925423,1,,AVAILABLE
172500000000,12,0,12-0,7532590.2628277596,1,,AVAILABLE
172600000000,12,0,12-0,7528790.9677834520,1,,AVAILABLE
172700000000,12,0,12-0,7524992.5066493833,1,,AVAILABLE
172800000000,12,0,12-0,7521194.8794255527,1,,AVAILABLE
172900000000,12,0,12-0,7517398.0861119591,1,,AVAILABLE
173000000000,12,0,12-0,7513601.2927983664,1,,AVAILABLE
173100000000,12,0,12-0,7509807.0012154877,1,,AVAILABLE
173200000000,12,0,12-0,7506012.7096326081,1,,AVAILABLE
173300000000,12,0,12-0,7502219.2519599674,1,,AVAILABLE
173400000000,12,0,12-0,7498426.6281975647,1,,AVAILABLE
173500000000,12,0,12-0,7494634.8383454001,1,,AVAILABLE
173600000000,12,0,12-0,7490844.7163137104,1,,AVAILABLE
173700000000,12,0,12-0,7487054.5942820217,1,,AVAILABLE
173800000000,12,0,12-0,7483265.3061605711,1,,AVAILABLE
173900000000,12,0,12-0,7479477.6858595954,1,,AVAILABLE
174000000000,12,0,12-0,7475690.8994688587,1,,AVAILABLE
174100000000,12,0,12-0,7471904.1130781211,1,,AVAILABLE
174200000000,12,0,12-0,7468118.9945078604,1,,AVAILABLE
174300000000,12,0,12-0,7464334.7098478377,1,,AVAILABLE
174400000000,12,0,12-0,7460551.2590980520,1,,AVAILABLE
174500000000,12,0,12-0,7456768.6422585053,1,,AVAILABLE
174600000000,12,0,12-0,7452986.8593291966,1,,AVAILABLE
174700000000,12,0,12-0,7449205.9103101250,1,,AVAILABLE
174800000000,12,0,12-0,7445425.7952012923,1,,AVAILABLE
174900000000,12,0,12-0,7441647.3479129355,1,,AVAILABLE
175000000000,12,0,12-0,7437868.9006245779,1,,AVAILABLE
175100000000,12,0,12-0,7434092.1211566972,1,,AVAILABLE
175200000000,12,0,12-0,7430315.3416888155,1,,AVAILABLE
175300000000,12,0,12-0,7426540.2300414108,1,,AVAILABLE
175400000000,12,0,12-0,7422765.9523042440,1,,AVAILABLE
175500000000,12,0,12-0,7418992.5084773144,1,,AVAILABLE
175600000000,12,0,12-0,7415219.8985606236,1,,AVAILABLE
175700000000,12,0,12-0,7411448.1225541709,1,,AVAILABLE
175800000000,12,0,12-0,7407677.1804579552,1,,AVAILABLE
175900000000,12,0,12-0,7403907.9061822165,1,,AVAILABLE
176000000000,12,0,12-0,7400138.6319064768,1,,AVAILABLE
176100000000,12,0,12-0,7396371.0254512141,1,,AVAILABLE
176200000000,12,0,12-0,7392603.4189959513,1,,AVAILABLE
176300000000,12,0,12-0,7388837.4803611636,1,,AVAILABLE
176400000000,12,0,12-0,7385072.3756366149,1,,AVAILABLE
176500000000,12,0,12-0,7381308.1048223032,1,,AVAILABLE
176600000000,12,0,12-0,7377544.6679182304,1,,AVAILABLE
176700000000,12,0,12-0,7373782.8988346327,1,,AVAILABLE
176800000000,12,0,12-0,7370021.1297510359,1,,AVAILABLE
176900000000,12,0,12-0,7366260.1945776772,1,,AVAILABLE
177000000000,12,0,12-0,7362500.9272247935,1,,AVAILABLE
177100000000,12,0,12-0,7358742.4937821487,1,,AVAILABLE
177200000000,12,0,12-0,7354984.8942497410,1,,AVAILABLE
177300000000,12,0,12-0,7351228.1286275722,1,,AVAILABLE
177400000000,12,0,12-0,7347472.1969156405,1,,AVAILABLE
177500000000,12,0,12-0,7343717.0991139477,1,,AVAILABLE
177600000000,12,0,12-0,7339963.6691327309,1,,AVAILABLE
177700000000,12,0,12-0,7336210.2391515132,1,,AVAILABLE
177800000000,12,0,12-0,7332458.4769907724,1,,AVAILABLE
177900000000,12,0,12-0,7328707.5487402687,1,,AVAILABLE
178000000000,12,0,12-0,7324957.4544000039,1,,AVAILABLE
178100000000,12,0,12-0,7321208.1939699762,1,,AVAILABLE
178200000000,12,0,12-0,7317459.7674501874,1,,AVAILABLE
178300000000,12,0,12-0,7313713.0087508736,1,,AVAILABLE
178400000000,12,0,12-0,7309966.2500515608,1,,AVAILABLE
178500000000,12,0,12-0,7306221.1591727231,1,,AVAILABLE
178600000000,12,0,12-0,7302476.9022041243,1,,AVAILABLE
178700000000,12,0,12-0,7298733.4791457625,1,,AVAILABLE
178800000000,12,0,12-0,7294990.8899976397,1,,AVAILABLE
178900000000,12,0,12-0,7291249.1347597539,1,,AVAILABLE
179000000000,12,0,12-0,7287509.0473423451,1,,AVAILABLE
179100000000,12,0,12-0,7283769.7938351734,1,,AVAILABLE
179200000000,12,0,12-0,7280030.5403280025,1,,AVAILABLE
179300000000,12,0,12-0,7276292.9546413068,1,,AVAILABLE
179400000000,12,0,12-0,7272557.0367750879,1,,AVAILABLE
179500000000,12,0,12-0,7268821.1189088682,1,,AVAILABLE
179600000000,12,0,12-0,7265086.0349528873,1,,AVAILABLE
179700000000,12,0,12-0,7261352.6188173816,1,,AVAILABLE
179800000000,12,0,12-0,7257620.0365921147,1,,AVAILABLE
179900000000,12,0,12-0,7253888.2882770849,1,,AVAILABLE
180000000000,12,0,12-0,7250157.3738722941,1,,AVAILABLE
180100000000,12,0,12-0,7246428.1272879783,1,,AVAILABLE
180200000000,12,0,12-0,7242698.8807036635,1,,AVAILABLE
180300000000,12,0,12-0,7238971.3019398237,1,,AVAILABLE
180400000000,12,0,12-0,7235244.5570862228,1,,AVAILABLE
180500000000,12,0,12-0,7231518.6461428590,1,,AVAILABLE
180600000000,12,0,12-0,7227794.4030199721,1,,AVAILABLE
180700000000,12,0,12-0,7224070.1598970843,1,,AVAILABLE
180800000000,12,0,12-0,7220347.5845946735,1,,AVAILABLE
180900000000,12,0,12-0,7216625.8432024997,1,,AVAILABLE
181000000000,12,0,12-0,7212904.9357205648,1,,AVAILABLE
181100000000,12,0,12-0,7209184.8621488670,1,,AVAILABLE
181200000000,12,0,12-0,7205466.4563976452,1,,AVAILABLE
181300000000,12,0,12-0,7201748.8845566623,1,,AVAILABLE
181400000000,12,0,12-0,7198032.1466259165,1,,AVAILABLE
181500000000,12,0,12-0,7194316.2426054096,1,,AVAILABLE
181600000000,12,0,12-0,7190601.1724951398,1,,AVAILABLE
181700000000,12,0,12-0,7186887.7702053469,1,,AVAILABLE
181800000000,12,0,12-0,7183175.2018257910,1,,AVAILABLE
181900000000,12,0,12-0,7179463.4673564732,1,,AVAILABLE
182000000000,12,0,12-0,7175752.5667973943,1,,AVAILABLE
182100000000,12,0,12-0,7172042.5001485525,1,,AVAILABLE
182200000000,12,0,12-0,7168334.1013201876,1,,AVAILABLE
182300000000,12,0,12-0,7164626.5364020597,1,,AVAILABLE
182400000000,12,0,12-0,7160919.8053941708,1,,AVAILABLE
182500000000,12,0,12-0,7157213.9082965190,1,,AVAILABLE
182600000000,12,0,12-0,7153509.6790193431,1,,AVAILABLE
182700000000,12,0,12-0,7149806.2836524062,1,,AVAILABLE
182800000000,12,0,12-0,7146103.7221957063,1,,AVAILABLE
182900000000,12,0,12-0,7142401.9946492454,1,,AVAILABLE
183000000000,12,0,12-0,7138701.9349232595,1,,AVAILABLE
183100000000,12,0,12-0,7135001.8751972737,1,,AVAILABLE
183200000000,12,0,12-0,7131303.4832917647,1,,AVAILABLE
183300000000,12,0,12-0,7127606.7592067309,1,,AVAILABLE
183400000000,12,0,12-0,7123910.0351216970,1,,AVAILABLE
183500000000,12,0,12-0,7120214.9788571401,1,,AVAILABLE
183600000000,12,0,12-0,7116520.7565028202,1,,AVAILABLE
183700000000,12,0,12-0,7112827.3680587392,1,,AVAILABLE
183800000000,12,0,12-0,7109135.6474351333,1,,AVAILABLE
183900000000,12,0,12-0,7105443.9268115275,1,,AVAILABLE
184000000000,12,0,12-0,7101753.8740083985,1,,AVAILABLE
184100000000,12,0,12-0,7098065.4890257446,1,,AVAILABLE
184200000000,12,0,12-0,7094377.1040430907,1,,AVAILABLE
184300000000,12,0,12-0,7090690.3868809137,1,,AVAILABLE
184400000000,12,0,12-0,7087004.5036289738,1,,AVAILABLE
184500000000,12,0,12-0,7083319.4542872719,1,,AVAILABLE
184600000000,12,0,12-0,7079636.0727660470,1,,AVAILABLE
184700000000,12,0,12-0,7075953.5251550591,1,,AVAILABLE
184800000000,12,0,12-0,7072271.8114543092,1,,AVAILABLE
184900000000,12,0,12-0,7068590.9316637982,1,,AVAILABLE
185000000000,12,0,12-0,7064911.7196937623,1,,AVAILABLE
185100000000,12,0,12-0,7061233.3416339643,1,,AVAILABLE
185200000000,12,0,12-0,7057555.7974844053,1,,AVAILABLE
185300000000,12,0,12-0,7053879.9211553214,1,,AVAILABLE
185400000000,12,0,12-0,7050204.8787364755,1,,AVAILABLE
185500000000,12,0,12-0,7046530.6702278685,1,,AVAILABLE
185600000000,12,0,12-0,7042857.2956294985,1,,AVAILABLE
185700000000,12,0,12-0,7039185.5888516046,1,,AVAILABLE
185800000000,12,0,12-0,7035514.7159839487,1,,AVAILABLE
185900000000,12,0,12-0,7031844.6770265317,1,,AVAILABLE
186000000000,12,0,12-0,7028176.3058895897,1,,AVAILABLE
186100000000,12,0,12-0,7024508.7686628858,1,,AVAILABLE
186200000000,12,0,12-0,7020842.0653464207,1,,AVAILABLE
186300000000,12,0,12-0,7017176.1959401928,1,,AVAILABLE
186400000000,12,0,12-0,7013511.9943544408,1,,AVAILABLE
186500000000,12,0,12-0,7009848.6266789269,1,,AVAILABLE
186600000000,12,0,12-0,7006186.9268238898,1,,AVAILABLE
186700000000,12,0,12-0,7002525.2269688519,1,,AVAILABLE
186800000000,12,0,12-0,6998865.1949342899,1,,AVAILABLE
186900000000,12,0,12-0,6995206.8307202049,1,,AVAILABLE
187000000000,12,0,12-0,6991548.8834612379,1,,AVAILABLE
187100000000,12,0,12-0,6987892.1870676279,1,,AVAILABLE
187200000000,12,0,12-0,6984236.7415393749,1,,AVAILABLE
187300000000,12,0,12-0,6980582.1299213609,1,,AVAILABLE
187400000000,12,0,12-0,6976928.7691687029,1,,AVAILABLE
187500000000,12,0,12-0,6973276.6592814019,1,,AVAILABLE
187600000000,12,0,12-0,6969625.3833043389,1,,AVAILABLE
187700000000,12,0,12-0,6965975.3581926338,1,,AVAILABLE
187800000000,12,0,12-0,6962326.5839462848,1,,AVAILABLE
187900000000,12,0,12-0,6958678.6436101738,1,,AVAILABLE
188000000000,12,0,12-0,6955031.9541394198,1,,AVAILABLE
188100000000,12,0,12-0,6951386.5155340228,1,,AVAILABLE
188200000000,12,0,12-0,6947741.9108388647,1,,AVAILABLE
188300000000,12,0,12-0,6944098.5570090627,1,,AVAILABLE
188400000000,12,0,12-0,6940456.4540446177,1,,AVAILABLE
188500000000,12,0,12-0,6936815.1849904107,1,,AVAILABLE
188600000000,12,0,12-0,6933175.5837566797,1,,AVAILABLE
188700000000,12,0,12-0,6929536.3994780686,1,,AVAILABLE
188800000000,12,0,12-0,6925898.8830199325,1,,AVAILABLE
188900000000,12,0,12-0,6922262.2004720345,1,,AVAILABLE
189000000000,12,0,12-0,6918626.7687894935,1,,AVAILABLE
189100000000,12,0,12-0,6914992.5879723094,1,,AVAILABLE
189200000000,12,0,12-0,6911359.6580204833,1,,AVAILABLE
189300000000,12,0,12-0,6907727.5619788943,1,,AVAILABLE
189400000000,12,0,12-0,6904096.7168026622,1,,AVAILABLE
189500000000,12,0,12-0,6900467.1224917872,1,,AVAILABLE
189600000000,12,0,12-0,6896838.3620911501,1,,AVAILABLE
189700000000,12,0,12-0,6893210.8525558701,1,,AVAILABLE
189800000000,12,0,12-0,6889584.5938859480,1,,AVAILABLE
189900000000,12,0,12-0,6885959.5860813819,1,,AVAILABLE
190000000000,12,0,12-0,6882335.8291421728,1,,AVAILABLE
190100000000,12,0,12-0,6878712.9061132018,1,,AVAILABLE
190200000000,12,0,12-0,6875091.2339495877,1,,AVAILABLE
190300000000,12,0,12-0,6871470.8126513306,1,,AVAILABLE
190400000000,12,0,12-0,6867851.6422184305,1,,AVAILABLE
190500000000,12,0,12-0,6864233.3056957694,1,,AVAILABLE
190600000000,12,0,12-0,6860616.6369935833,1,,AVAILABLE
190700000000,12,0,12-0,6857000.8022016352,1,,AVAILABLE
190800000000,12,0,12-0,6853386.2182750441,1,,AVAILABLE
190900000000,12,0,12-0,6849772.4682586910,1,,AVAILABLE
191000000000,12,0,12-0,6846160.3860628139,1,,AVAILABLE
191100000000,12,0,12-0,6842549.1377771748,1,,AVAILABLE
191200000000,12,0,12-0,6838939.1403568927,1,,AVAILABLE
191300000000,12,0,12-0,6835330.3938019685,1,,AVAILABLE
191400000000,12,0,12-0,6831722.8981124004,1,,AVAILABLE
191500000000,12,0,12-0,6828116.6532881893,1,,AVAILABLE
191600000000,12,0,12-0,6824511.2423742162,1,,AVAILABLE
191700000000,12,0,12-0,6820907.0823256001,1,,AVAILABLE
191800000000,12,0,12-0,6817304.5900974600,1,,AVAILABLE
191900000000,12,0,12-0,6813702.9317795578,1,,AVAILABLE
192000000000,12,0,12-0,6810102.1073718937,1,,AVAILABLE
192100000000,12,0,12-0,6806502.9507847056,1,,AVAILABLE
192200000000,12,0,12-0,6802905.0450628744,1,,AVAILABLE
192300000000,12,0,12-0,6799307.9732512813,1,,AVAILABLE
192400000000,12,0,12-0,6795712.5692601651,1,,AVAILABLE
192500000000,12,0,12-0,6792117.9991792860,1,,AVAILABLE
192600000000,12,0,12-0,6788524.6799637638,1,,AVAILABLE
192700000000,12,0,12-0,6784932.6116135987,1,,AVAILABLE
192800000000,12,0,12-0,6781341.7941287905,1,,AVAILABLE
192900000000,12,0,12-0,6777752.2275093393,1,,AVAILABLE
193000000000,12,0,12-0,6774163.9117552452,1,,AVAILABLE
193100000000,12,0,12-0,6770576.4299113890,1,,AVAILABLE
193200000000,12,0,12-0,6766990.6158880088,1,,AVAILABLE
193300000000,12,0,12-0,6763405.6357748667,1,,AVAILABLE
193400000000,12,0,12-0,6759822.3234822005,1,,AVAILABLE
193500000000,12,0,12-0,6756239.8450997723,1,,AVAILABLE
193600000000,12,0,12-0,6752659.0345378201,1,,AVAILABLE
193700000000,12,0,12-0,6749079.0578861060,1,,AVAILABLE
193800000000,12,0,12-0,6745500.3320997488,1,,AVAILABLE
193900000000,12,0,12-0,6741922.8571787486,1,,AVAILABLE
194000000000,12,0,12-0,6738346.6331231054,1,,AVAILABLE
194100000000,12,0,12-0,6734771.6599328192,1,,AVAILABLE
194200000000,12,0,12-0,6731197.9376078900,1,,AVAILABLE
194300000000,12,0,12-0,6727625.4661483178,1,,AVAILABLE
194400000000,12,0,12-0,6724054.2455541026,1,,AVAILABLE
194500000000,12,0,12-0,6720484.2758252444,1,,AVAILABLE
194600000000,12,0,12-0,6716915.5569617432,1,,AVAILABLE
194700000000,12,0,12-0,6713348.0889635989,1,,AVAILABLE
194800000000,12,0,12-0,6709781.8718308117,1,,AVAILABLE
194900000000,12,0,12-0,6706216.9055633815,1,,AVAILABLE
195000000000,12,0,12-0,6702653.1901613083,1,,AVAILABLE
195100000000,12,0,12-0,6699090.7256245920,1,,AVAILABLE
195200000000,12,0,12-0,6695529.0949981138,1,,AVAILABLE
195300000000,12,0,12-0,6691969.1321921116,1,,AVAILABLE
195400000000,12,0,12-0,6688410.4202514663,1,,AVAILABLE
195500000000,12,0,12-0,6684852.9591761781,1,,AVAILABLE
195600000000,12,0,12-0,6681296.7489662468,1,,AVAILABLE
195700000000,12,0,12-0,6677741.7896216726,1,,AVAILABLE
195800000000,12,0,12-0,6674188.4980975743,1,,AVAILABLE
195900000000,12,0,12-0,6670636.0404837132,1,,AVAILABLE
196000000000,12,0,12-0,6667084.8337352099,1,,AVAILABLE
196100000000,12,0,12-0,6663534.8778520636,1,,AVAILABLE
196200000000,12,0,12-0,6659986.1728342744,1,,AVAILABLE
196300000000,12,0,12-0,6656439.1356369611,1,,AVAILABLE
196400000000,12,0,12-0,6652892.9323498858,1,,AVAILABLE
196500000000,12,0,12-0,6649348.3968832865,1,,AVAILABLE
196600000000,12,0,12-0,6645804.6953269253,1,,AVAILABLE
196700000000,12,0,12-0,6642262.6615910400,1,,AVAILABLE
196800000000,12,0,12-0,6638721.8787205117,1,,AVAILABLE
196900000000,12,0,12-0,6635182.3467153404,1,,AVAILABLE
197000000000,12,0,12-0,6631644.0655755252,1,,AVAILABLE
197100000000,12,0,12-0,6628107.0353010679,1,,AVAILABLE
197200000000,12,0,12-0,6624571.2558919676,1,,AVAILABLE
197300000000,12,0,12-0,6621036.7273482243,1,,AVAILABLE
197400000000,12,0,12-0,6617503.8666249570,1,,AVAILABLE
197500000000,12,0,12-0,6613972.2567670466,1,,AVAILABLE
197600000000,12,0,12-0,6610441.4808193743,1,,AVAILABLE
197700000000,12,0,12-0,6606912.3726921780,1,,AVAILABLE
197800000000,12,0,12-0,6603384.5154303377,1,,AVAILABLE
197900000000,12,0,12-0,6599857.9090338554,1,,AVAILABLE
198000000000,12,0,12-0,6596332.9704578491,1,,AVAILABLE
198100000000,12,0,12-0,6592808.8657920808,1,,AVAILABLE
198200000000,12,0,12-0,6589286.4289467884,1,,AVAILABLE
198300000000,12,0,12-0,6585764.8260117341,1,,AVAILABLE
198400000000,12,0,12-0,6582244.8908971548,1,,AVAILABLE
198500000000,12,0,12-0,6578726.2066479335,1,,AVAILABLE
198600000000,12,0,12-0,6575209.1902191881,1,,AVAILABLE
198700000000,12,0,12-0,6571693.0077006808,1,,AVAILABLE
198800000000,12,0,12-0,6568178.4930026494,1,,AVAILABLE
198900000000,12,0,12-0,6564665.2291699750,1,,AVAILABLE
199000000000,12,0,12-0,6561153.2162026567,1,,AVAILABLE
199100000000,12,0,12-0,6557642.4541006964,1,,AVAILABLE
199200000000,12,0,12-0,6554133.3598192120,1,,AVAILABLE
199300000000,12,0,12-0,6550625.5164030846,1,,AVAILABLE
199400000000,12,0,12-0,6547118.9238523142,1,,AVAILABLE
199500000000,12,0,12-0,6543613.5821668999,1,,AVAILABLE
199600000000,12,0,12-0,6540109.4913468435,1,,AVAILABLE
199700000000,12,0,12-0,6536607.0683472631,1,,AVAILABLE
199800000000,12,0,12-0,6533105.8962130398,1,,AVAILABLE
199900000000,12,0,12-0,6529605.9749441724,1,,AVAILABLE
0,12,3,,,0,,UNREACHABLE
100000000,12,3,12-1-0-3,21227188.3872767426,3,,AVAILABLE
200000000,12,3,12-1-0-3,21223897.0904231630,3,,AVAILABLE
300000000,12,3,12-1-0-3,21220602.5569935255,3,,AVAILABLE
400000000,12,3,12-1-0-3,21217309.6494352892,3,,AVAILABLE
500000000,12,3,12-1-0-3,21214016.6938069128,3,,AVAILABLE
600000000,12,3,12-1-0-3,21210725.9489877410,3,,AVAILABLE
700000000,12,3,12-1-0-3,21207436.7153171748,3,,AVAILABLE
800000000,12,3,12-1-0-3,21204142.7156062163,3,,AVAILABLE
900000000,12,3,12-1-0-3,21200857.5342406221,3,,AVAILABLE
1000000000,12,3,12-1-0-3,21197571.5055539720,3,,AVAILABLE
1100000000,12,3,12-1-0-3,21194286.2689393684,3,,AVAILABLE
1200000000,12,3,12-1-0-3,21190996.0141555332,3,,AVAILABLE
1300000000,12,3,12-1-0-3,21187712.3565216959,3,,AVAILABLE
1400000000,12,3,12-1-0-3,21184430.0716566704,3,,AVAILABLE
1500000000,12,3,12-1-0-3,21181143.7449255697,3,,AVAILABLE
1600000000,12,3,12-1-0-3,21177863.8744009547,3,,AVAILABLE
1700000000,12,3,12-1-0-3,21174583.3779569380,3,,AVAILABLE
1800000000,12,3,12-1-0-3,21171300.8388265371,3,,AVAILABLE
1900000000,12,3,12-1-0-3,21168027.7044987418,3,,AVAILABLE
2000000000,12,3,12-1-0-3,21164743.1039142199,3,,AVAILABLE
2100000000,12,3,12-1-0-3,21161468.0177349448,3,,AVAILABLE
2200000000,12,3,12-1-0-3,21158191.8333882429,3,,AVAILABLE
2300000000,12,3,12-1-0-3,21154920.8033748120,3,,AVAILABLE
2400000000,12,3,12-1-0-3,21151640.1985779367,3,,AVAILABLE
2500000000,12,3,12-1-0-3,21148366.3854532614,3,,AVAILABLE
2600000000,12,3,12-1-0-3,21145094.1983071715,3,,AVAILABLE
2700000000,12,3,12-1-0-3,21141824.1014918350,3,,AVAILABLE
2800000000,12,3,12-1-0-3,21138549.7194638923,3,,AVAILABLE
2900000000,12,3,12-1-0-3,21135283.3426928930,3,,AVAILABLE
3000000000,12,3,12-1-0-3,21132011.9555061795,3,,AVAILABLE
3100000000,12,3,12-1-0-3,21128740.9116007090,3,,AVAILABLE
3200000000,12,3,12-1-0-3,21125477.3532952331,3,,AVAILABLE
3300000000,12,3,12-1-0-3,21122211.9177290387,3,,AVAILABLE
3400000000,12,3,12-1-0-3,21118950.5186576024,3,,AVAILABLE
3500000000,12,3,12-1-0-3,21115683.3298479132,3,,AVAILABLE
3600000000,12,3,12-1-0-3,21112418.8253906891,3,,AVAILABLE
3700000000,12,3,12-1-0-3,21109157.2444553375,3,,AVAILABLE
3800000000,12,3,12-1-0-3,21105891.5148064494,3,,AVAILABLE
3900000000,12,3,12-1-0-3,21102632.0928712413,3,,AVAILABLE
4000000000,12,3,12-1-0-3,21099378.8817214780,3,,AVAILABLE
4100000000,12,3,12-1-0-3,21096116.3589456640,3,,AVAILABLE
4200000000,12,3,12-1-0-3,21092859.5623966716,3,,AVAILABLE
4300000000,12,3,12-1-0-3,21089602.2478850372,3,,AVAILABLE
4400000000,12,3,12-1-0-3,21086353.0303543955,3,,AVAILABLE
4500000000,12,3,12-1-0-3,21083093.1931700371,3,,AVAILABLE
4600000000,12,3,12-1-0-3,21079840.3904459849,3,,AVAILABLE
4700000000,12,3,12-1-0-3,21076587.0746250935,3,,AVAILABLE
4800000000,12,3,12-1-0-3,21073333.9680539742,3,,AVAILABLE
4900000000,12,3,12-1-0-3,21070085.4208306968,3,,AVAILABLE
5000000000,12,3,12-1-0-3,21066836.6118317954,3,,AVAILABLE
5100000000,12,3,12-1-0-3,21063587.2903104797,3,,AVAILABLE
5200000000,12,3,12-1-0-3,21060340.0612376407,3,,AVAILABLE
5300000000,12,3,12-1-0-3,21057087.6375358067,3,,AVAILABLE
5400000000,12,3,12-1-0-3,21053841.5205953903,3,,AVAILABLE
5500000000,12,3,12-1-0-3,21050601.5108511336,3,,AVAILABLE
5600000000,12,3,12-1-0-3,21047358.2753886878,3,,AVAILABLE
5700000000,12,3,12-1-0-3,21044113.9524516240,3,,AVAILABLE
5800000000,12,3,12-1-0-3,21040873.1308664791,3,,AVAILABLE
5900000000,12,3,12-1-0-3,21037631.7979103848,3,,AVAILABLE
6000000000,12,3,12-1-0-3,21034389.7526439875,3,,AVAILABLE
6100000000,12,3,12-1-0-3,21031148.9490532577,3,,AVAILABLE
6200000000,12,3,12-1-0-3,21027911.2888995335,3,,AVAILABLE
6300000000,12,3,12-1-0-3,21024679.2707483992,3,,AVAILABLE
6400000000,12,3,12-1-0-3,21021441.6711979508,3,,AVAILABLE
6500000000,12,3,12-1-0-3,21018205.3281991445,3,,AVAILABLE
6600000000,12,3,12-1-0-3,21014969.7004845366,3,,AVAILABLE
6700000000,12,3,12-1-0-3,21011739.3994368315,3,,AVAILABLE
6800000000,12,3,12-1-0-3,21008506.1756688245,3,,AVAILABLE
6900000000,12,3,12-1-0-3,21005274.4107063375,3,,AVAILABLE
7000000000,12,3,12-1-0-3,21002047.7062877044,3,,AVAILABLE
7100000000,12,3,12-1-0-3,20998811.7848050483,3,,AVAILABLE
7200000000,12,3,12-1-0-3,20995593.4775494635,3,,AVAILABLE
7300000000,12,3,12-1-0-3,20992363.7380392961,3,,AVAILABLE
7400000000,12,3,12-1-0-3,20989133.8228751644,3,,AVAILABLE
7500000000,12,3,12-1-0-3,20985910.0157721266,3,,AVAILABLE
7600000000,12,3,12-1-0-3,20982683.0636210218,3,,AVAILABLE
7700000000,12,3,12-1-0-3,20979464.4733908139,3,,AVAILABLE
7800000000,12,3,12-1-0-3,20976244.8590371385,3,,AVAILABLE
7900000000,12,3,12-1-0-3,20973020.5382248759,3,,AVAILABLE
8000000000,12,3,12-1-0-3,20969802.5032237284,3,,AVAILABLE
8100000000,12,3,12-1-0-3,20966580.5967159830,3,,AVAILABLE
8200000000,12,3,12-1-0-3,20963363.0916272402,3,,AVAILABLE
8300000000,12,3,12-1-0-3,20960151.0601003766,3,,AVAILABLE
8400000000,12,3,12-1-0-3,20956938.1757295094,3,,AVAILABLE
8500000000,12,3,12-1-0-3,20953718.9517867938,3,,AVAILABLE
8600000000,12,3,12-1-0-3,20950504.1419289485,3,,AVAILABLE
8700000000,12,3,12-1-0-3,20947294.4594162144,3,,AVAILABLE
8800000000,12,3,12-1-0-3,20944083.3597914055,3,,AVAILABLE
8900000000,12,3,12-1-0-3,20940868.1298323832,3,,AVAILABLE
9000000000,12,3,12-1-0-3,20937659.0421264730,3,,AVAILABLE
9100000000,12,3,12-1-0-3,20934451.5404055044,3,,AVAILABLE
9200000000,12,3,12-1-0-3,20931244.4349632300,3,,AVAILABLE
9300000000,12,3,12-1-0-3,20928036.6679905988,3,,AVAILABLE
9400000000,12,3,12-1-0-3,20924834.7518748902,3,,AVAILABLE
9500000000,12,3,12-1-0-3,20921631.2641070411,3,,AVAILABLE
9600000000,12,3,12-1-0-3,20918423.4842457362,3,,AVAILABLE
9700000000,12,3,12-1-0-3,20915225.1876793690,3,,AVAILABLE
9800000000,12,3,12-1-0-3,20912022.6208549514,3,,AVAILABLE
9900000000,12,3,12-1-0-3,20908824.4399487600,3,,AVAILABLE
10000000000,12,3,12-1-0-3,20905621.4879237227,3,,AVAILABLE
10100000000,12,3,12-1-0-3,20902425.3016067855,3,,AVAILABLE
10200000000,12,3,12-1-0-3,20899224.3465810940,3,,AVAILABLE
10300000000,12,3,12-1-0-3,20896032.8803707771,3,,AVAILABLE
10400000000,12,3,12-1-0-3,20892843.0917123817,3,,AVAILABLE
10500000000,12,3,12-1-0-3,20889645.3401296474,3,,AVAILABLE
10600000000,12,3,12-1-0-3,20886452.1636810936,3,,AVAILABLE
10700000000,12,3,12-1-0-3,20883260.8981834836,3,,AVAILABLE
10800000000,12,3,12-1-0-3,20880071.8310578540,3,,AVAILABLE
10900000000,12,3,12-1-0-3,20876879.4062721655,3,,AVAILABLE
11000000000,12,3,12-1-0-3,20873690.4675114527,3,,AVAILABLE
11100000000,12,3,12-1-0-3,20870509.1102536581,3,,AVAILABLE
11200000000,12,3,12-1-0-3,20867320.8537859768,3,,AVAILABLE
11300000000,12,3,12-1-0-3,20864138.1498702578,3,,AVAILABLE
11400000000,12,3,12-1-0-3,20860951.4918371923,3,,AVAILABLE
11500000000,12,3,12-1-0-3,20857766.2890045829,3,,AVAILABLE
11600000000,12,3,12-1-0-3,20854587.3527072929,3,,AVAILABLE
11700000000,12,3,12-1-0-3,20851404.7131201513,3,,AVAILABLE
11800000000,12,3,12-1-0-3,20848227.7724646665,3,,AVAILABLE
11900000000,12,3,12-1-0-3,20845046.9801542386,3,,AVAILABLE
12000000000,12,3,12-1-0-3,20841873.3680482209,3,,AVAILABLE
12100000000,12,3,12-1-0-3,20838700.0479106382,3,,AVAILABLE
12200000000,12,3,12-1-0-3,20835521.1439320147,3,,AVAILABLE
12300000000,12,3,12-1-0-3,20832349.8176466823,3,,AVAILABLE
12400000000,12,3,12-1-0-3,20829178.2339195721,3,,AVAILABLE
12500000000,12,3,12-1-0-3,20825999.3614786007,3,,AVAILABLE
12600000000,12,3,12-1-0-3,20822832.9694322385,3,,AVAILABLE
12700000000,12,3,12-1-0-3,20819664.5878721066,3,,AVAILABLE
12800000000,12,3,12-1-0-3,20816489.2962915599,3,,AVAILABLE
12900000000,12,3,12-1-0-3,20813323.3526682146,3,,AVAILABLE
13000000000,12,3,12-1-0-3,20810158.1733015962,3,,AVAILABLE
13100000000,12,3,12-1-0-3,20806997.3958694860,3,,AVAILABLE
13200000000,12,3,12-1-0-3,20803829.5789249279,3,,AVAILABLE
13300000000,12,3,12-1-0-3,20800670.7971131541,3,,AVAILABLE
13400000000,12,3,12-1-0-3,20797504.6241988987,3,,AVAILABLE
13500000000,12,3,12-1-0-3,20794341.8916366547,3,,AVAILABLE
13600000000,12,3,12-1-0-3,20791185.2661329284,3,,AVAILABLE
13700000000,12,3,12-1-0-3,20788024.0296351835,3,,AVAILABLE
13800000000,12,3,12-1-0-3,20784869.3998375386,3,,AVAILABLE
13900000000,12,3,12-1-0-3,20781712.3909253106,3,,AVAILABLE
14000000000,12,3,12-1-0-3,20778557.9422025234,3,,AVAILABLE
14100000000,12,3,12-1-0-3,20775403.7632909939,3,,AVAILABLE
14200000000,12,3,12-1-0-3,20772253.0425302014,3,,AVAILABLE
14300000000,12,3,12-1-0-3,20769104.0288060196,3,,AVAILABLE
14400000000,12,3,12-1-0-3,20765951.2373696417,3,,AVAILABLE
14500000000,12,3,12-1-0-3,20762800.1502128690,3,,AVAILABLE
14600000000,12,3,12-1-0-3,20759655.1560865156,3,,AVAILABLE
14700000000,12,3,12-1-0-3,20756503.2713359669,3,,AVAILABLE
14800000000,12,3,12-1-0-3,20753362.5802625902,3,,AVAILABLE
14900000000,12,3,12-1-0-3,20750216.1601433121,3,,AVAILABLE
15000000000,12,3,12-1-0-3,20747071.4795762375,3,,AVAILABLE
15100000000,12,3,12-1-0-3,20743930.4099809080,3,,AVAILABLE
15200000000,12,3,12-1-0-3,20740789.8710180670,3,,AVAILABLE
15300000000,12,3,12-1-0-3,20737648.4211560003,3,,AVAILABLE
15400000000,12,3,12-1-0-3,20734512.5132078640,3,,AVAILABLE
15500000000,12,3,12-1-0-3,20731373.0725939795,3,,AVAILABLE
15600000000,12,3,12-1-0-3,20728235.6591688208,3,,AVAILABLE
15700000000,12,3,12-1-0-3,20725102.0536005870,3,,AVAILABLE
15800000000,12,3,12-1-0-3,20721966.6360919252,3,,AVAILABLE
15900000000,12,3,12-1-0-3,20718837.3190222420,3,,AVAILABLE
16000000000,12,3,12-1-0-3,20715702.4363234714,3,,AVAILABLE
16100000000,12,3,12-1-0-3,20712574.2127325013,3,,AVAILABLE
16200000000,12,3,12-1-0-3,20709443.6206897199,3,,AVAILABLE
16300000000,12,3,12-1-0-3,20706314.0867366195,3,,AVAILABLE
16400000000,12,3,12-1-0-3,20703188.5050623529,3,,AVAILABLE
16500000000,12,3,12-1-0-3,20700059.6563847698,3,,AVAILABLE
16600000000,12,3,12-1-0-3,20696937.4623330720,3,,AVAILABLE
16700000000,12,3,12-1-0-3,20693816.3209362589,3,,AVAILABLE
16800000000,12,3,12-1-0-3,20690686.0502465293,3,,AVAILABLE
16900000000,12,3,12-1-0-3,20687567.4739985503,3,,AVAILABLE
17000000000,12,3,12-1-0-3,20684452.7421457954,3,,AVAILABLE
17100000000,12,3,12-1-0-3,20681331.5386611782,3,,AVAILABLE
17200000000,12,3,12-1-0-3,20678211.5407811739,3,,AVAILABLE
17300000000,12,3,12-1-0-3,20675095.3892815448,3,,AVAILABLE
17400000000,12,3,12-1-0-3,20671980.5483431965,3,,AVAILABLE
17500000000,12,3,12-1-0-3,20668869.6133834906,3,,AVAILABLE
17600000000,12,3,12-1-0-3,20665757.4974345602,3,,AVAILABLE
17700000000,12,3,12-1-0-3,20662643.9007242396,3,,AVAILABLE
17800000000,12,3,12-1-0-3,20659534.3369003385,3,,AVAILABLE
17900000000,12,3,12-1-0-3,20656422.6347293444,3,,AVAILABLE
18000000000,12,3,12-4-3,17035547.9367748611,2,,AVAILABLE
18100000000,12,3,12-4-3,17033236.2553908639,2,,AVAILABLE
18200000000,12,3,12-4-3,17030920.4395287484,2,,AVAILABLE
18300000000,12,3,12-4-3,17028613.3195426688,2,,AVAILABLE
18400000000,12,3,12-4-3,17026300.7678248473,2,,AVAILABLE
18500000000,12,3,12-4-3,17023994.3144297786,2,,AVAILABLE
18600000000,12,3,12-4-3,17021691.0313240588,2,,AVAILABLE
18700000000,12,3,12-4-3,17019382.9113168903,2,,AVAILABLE
18800000000,12,3,12-4-3,17017084.7829478644,2,,AVAILABLE
18900000000,12,3,12-4-3,17014782.4985364676,2,,AVAILABLE
19000000000,12,3,12-4-3,17012485.2763965055,2,,AVAILABLE
19100000000,12,3,12-4-3,17010190.3050168268,2,,AVAILABLE
19200000000,12,3,12-4-3,17007896.3463209160,2,,AVAILABLE
19300000000,12,3,12-4-3,17005604.0193215869,2,,AVAILABLE
19400000000,12,3,12-4-3,17003312.0272872113,2,,AVAILABLE
19500000000,12,3,12-4-3,17001026.9867050312,2,,AVAILABLE
19600000000,12,3,12-4-3,16998739.0899430476,2,,AVAILABLE
19700000000,12,3,12-4-3,16996454.1232227907,2,,AVAILABLE
19800000000,12,3,12-4-3,16994169.4896861725,2,,AVAILABLE
19900000000,12,3,12-4-3,16991888.6200990565,2,,AVAILABLE
20000000000,12,3,12-4-3,16989609.8466664925,2,,AVAILABLE
20100000000,12,3,12-4-3,16987330.9434656315,2,,AVAILABLE
20200000000,12,3,12-4-3,16985054.5040419139,2,,AVAILABLE
20300000000,12,3,12-4-3,16982781.4592497498,2,,AVAILABLE
20400000000,12,3,12-4-3,16980510.8799340799,2,,AVAILABLE
20500000000,12,3,12-4-3,16978239.3351017907,2,,AVAILABLE
20600000000,12,3,12-4-3,16975973.2875926048,2,,AVAILABLE
20700000000,12,3,12-4-3,16973705.2502998263,2,,AVAILABLE
20800000000,12,3,12-4-3,16971438.1369258016,2,,AVAILABLE
20900000000,12,3,12-4-3,16969176.5490464903,2,,AVAILABLE
21000000000,12,3,12-4-3,16966917.8603167273,2,,AVAILABLE
21100000000,12,3,12-4-3,16964656.3499014340,2,,AVAILABLE
21200000000,12,3,12-4-3,16962399.1916828454,2,,AVAILABLE
21300000000,12,3,12-4-3,16960148.8276511692,2,,AVAILABLE
21400000000,12,3,12-4-3,16957891.7475408837,2,,AVAILABLE
21500000000,12,3,12-4-3,16955642.8824276440,2,,AVAILABLE
21600000000,12,3,12-4-3,16953389.9011447467,2,,AVAILABLE
21700000000,12,3,12-4-3,16951146.8956137821,2,,AVAILABLE
21800000000,12,3,12-4-3,16948900.3593348525,2,,AVAILABLE
21900000000,12,3,12-4-3,16946656.9677411392,2,,AVAILABLE
22000000000,12,3,12-4-3,16944411.3450293615,2,,AVAILABLE
22100000000,12,3,12-4-3,16942174.3990399279,2,,AVAILABLE
22200000000,12,3,12-4-3,16939938.0340245068,2,,AVAILABLE
22300000000,12,3,12-4-3,16937701.7886152565,2,,AVAILABLE
22400000000,12,3,12-4-3,16935464.7898419537,2,,AVAILABLE
22500000000,12,3,12-4-3,16933234.1525589377,2,,AVAILABLE
22600000000,12,3,12-4-3,16931003.6331421435,2,,AVAILABLE
22700000000,12,3,12-4-3,16928774.9595394470,2,,AVAILABLE
22800000000,12,3,12-4-3,16926547.9171419032,2,,AVAILABLE
22900000000,12,3,12-4-3,16924322.0409987718,2,,AVAILABLE
23000000000,12,3,12-4-3,16922101.6942709647,2,,AVAILABLE
23100000000,12,3,12-4-3,16919883.5595890991,2,,AVAILABLE
23200000000,12,3,12-4-3,16917660.0160168186,2,,AVAILABLE
23300000000,12,3,12-4-3,16915445.3950575702,2,,AVAILABLE
23400000000,12,3,12-4-3,16913227.6746215560,2,,AVAILABLE
23500000000,12,3,12-4-3,16911017.1498616897,2,,AVAILABLE
23600000000,12,3,12-4-3,16908803.5255174190,2,,AVAILABLE
23700000000,12,3,12-4-3,16906594.9657242447,2,,AVAILABLE
23800000000,12,3,12-4-3,16904388.0353314765,2,,AVAILABLE
23900000000,12,3,12-4-3,16902186.1287718378,2,,AVAILABLE
24000000000,12,3,12-4-3,16899980.6961838715,2,,AVAILABLE
24100000000,12,3,12-4-3,16897776.3148088567,2,,AVAILABLE
24200000000,12,3,12-4-3,16895576.7424975783,2,,AVAILABLE
24300000000,12,3,12-4-3,16893379.6351118907,2,,AVAILABLE
24400000000,12,3,12-4-3,16891182.8596844934,2,,AVAILABLE
24500000000,12,3,12-4-3,16888990.9945958965,2,,AVAILABLE
24600000000,12,3,12-4-3,16886798.3150157295,2,,AVAILABLE
24700000000,12,3,12-4-3,16884608.5654500946,2,,AVAILABLE
24800000000,12,3,12-4-3,16882421.7042789236,2,,AVAILABLE
24900000000,12,3,12-4-3,16880234.1735304184,2,,AVAILABLE
25000000000,12,3,12-4-3,16878048.8515315838,2,,AVAILABLE
25100000000,12,3,12-4-3,16875868.4382805377,2,,AVAILABLE
25200000000,12,3,12-4-3,16873688.5127965696,2,,AVAILABLE
25300000000,12,3,12-4-3,16871508.2977837101,2,,AVAILABLE
25400000000,12,3,12-4-3,16869332.9314873591,2,,AVAILABLE
25500000000,12,3,12-4-3,16867159.4104068764,2,,AVAILABLE
25600000000,12,3,12-4-3,16864988.1397351399,2,,AVAILABLE
25700000000,12,3,12-4-3,16862816.5811094344,2,,AVAILABLE
25800000000,12,3,12-4-3,16860646.2324211039,2,,AVAILABLE
25900000000,12,3,12-4-3,16858481.9445417747,2,,AVAILABLE
26000000000,12,3,12-4-3,16856316.9460615404,2,,AVAILABLE
26100000000,12,3,12-4-3,16854151.4904613793,2,,AVAILABLE
26200000000,12,3,12-4-3,16851992.9262924865,2,,AVAILABLE
26300000000,12,3,12-4-3,16849833.6539173089,2,,AVAILABLE
26400000000,12,3,12-4-3,16847678.6108463109,2,,AVAILABLE
26500000000,12,3,12-4-3,16845522.5998733081,2,,AVAILABLE
26600000000,12,3,12-4-3,16843368.2662938870,2,,AVAILABLE
26700000000,12,3,12-4-3,16841215.0531848744,2,,AVAILABLE
26800000000,12,3,12-4-3,16839071.3720639236,2,,AVAILABLE
26900000000,12,3,12-4-3,16836925.3163675219,2,,AVAILABLE
27000000000,12,3,12-4-3,16834777.8270926923,2,,AVAILABLE
27100000000,12,3,12-4-3,16832635.4010879397,2,,AVAILABLE
27200000000,12,3,12-4-3,16830495.0711871795,2,,AVAILABLE
27300000000,12,3,12-4-3,16828352.7365377732,2,,AVAILABLE
27400000000,12,3,12-4-3,16826216.0381771848,2,,AVAILABLE
27500000000,12,3,12-4-3,16824080.9686786532,2,,AVAILABLE
27600000000,12,3,12-4-3,16821947.5297272839,2,,AVAILABLE
27700000000,12,3,12-4-3,16819819.1541681066,2,,AVAILABLE
27800000000,12,3,12-4-3,16817689.8102039136,2,,AVAILABLE
27900000000,12,3,12-4-3,16815561.4769830927,2,,AVAILABLE
28000000000,12,3,12-4-3,16813438.8269421160,2,,AVAILABLE
28100000000,12,3,12-4-3,16811313.9105491042,2,,AVAILABLE
28200000000,12,3,12-4-3,16809195.3554186225,2,,AVAILABLE
28300000000,12,3,12-4-3,16807073.9123326987,2,,AVAILABLE
28400000000,12,3,12-4-3,16804957.3185692690,2,,AVAILABLE
28500000000,12,3,12-4-3,16802841.3218623474,2,,AVAILABLE
28600000000,12,3,12-4-3,16800728.7707657814,2,,AVAILABLE
28700000000,12,3,12-4-3,16798617.9021750502,2,,AVAILABLE
28800000000,12,3,12-4-3,16796506.3334655687,2,,AVAILABLE
28900000000,12,3,12-4-3,16794402.9397690445,2,,AVAILABLE
29000000000,12,3,12-4-3,16792294.6305961348,2,,AVAILABLE
29100000000,12,3,12-4-3,16790192.1656247042,2,,AVAILABLE
29200000000,12,3,12-4-3,16788089.8172638975,2,,AVAILABLE
29300000000,12,3,12-4-3,16785993.2122886442,2,,AVAILABLE
29400000000,12,3,12-4-3,16783891.7938117124,2,,AVAILABLE
29500000000,12,3,12-4-3,16781799.8486175910,2,,AVAILABLE
29600000000,12,3,12-4-3,16779708.5043879449,2,,AVAILABLE
29700000000,12,3,12-4-3,16777612.8113557063,2,,AVAILABLE
29800000000,12,3,12-4-3,16775526.0259379242,2,,AVAILABLE
29900000000,12,3,12-4-3,16773440.9688201137,2,,AVAILABLE
30000000000,12,3,12-4-3,16771356.9777831193,2,,AVAILABLE
30100000000,12,3,12-4-3,16769272.0739997476,2,,AVAILABLE
30200000000,12,3,12-4-3,16767192.1775522623,2,,AVAILABLE
30300000000,12,3,12-4-3,16765110.0135607012,2,,AVAILABLE
30400000000,12,3,12-4-3,16763034.2113485690,2,,AVAILABLE
30500000000,12,3,12-4-3,16760960.0392968319,2,,AVAILABLE
30600000000,12,3,12-4-3,16758886.1975372210,2,,AVAILABLE
30700000000,12,3,12-4-3,16756818.7193925381,2,,AVAILABLE
30800000000,12,3,12-4-3,16754746.4306077044,2,,AVAILABLE
30900000000,12,3,12-4-3,16752679.1472338215,2,,AVAILABLE
31000000000,12,3,12-4-3,16750616.8702019211,2,,AVAILABLE
31100000000,12,3,12-4-3,16748556.7464357931,2,,AVAILABLE
31200000000,12,3,12-4-3,16746495.1868945044,2,,AVAILABLE
31300000000,12,3,12-4-3,16744434.2312962916,2,,AVAILABLE
31400000000,12,3,12-4-3,16742376.7659456357,2,,AVAILABLE
31500000000,12,3,12-4-3,16740324.3644345812,2,,AVAILABLE
31600000000,12,3,12-4-3,16738270.4337679427,2,,AVAILABLE
31700000000,12,3,12-4-3,16736217.3925483301,2,,AVAILABLE
31800000000,12,3,12-4-3,16734173.2555079851,2,,AVAILABLE
31900000000,12,3,12-4-3,16732123.7494112402,2,,AVAILABLE
32000000000,12,3,12-4-3,16730081.1658877824,2,,AVAILABLE
32100000000,12,3,12-4-3,16728038.9122663252,2,,AVAILABLE
32200000000,12,3,12-4-3,16725998.5023522135,2,,AVAILABLE
32300000000,12,3,12-4-3,16723960.3424401861,2,,AVAILABLE
32400000000,12,3,12-4-3,16721926.6263663340,2,,AVAILABLE
32500000000,12,3,12-4-3,16719889.4049017262,2,,AVAILABLE
32600000000,12,3,12-4-3,16717857.8026767075,2,,AVAILABLE
32700000000,12,3,12-4-3,16715829.8103900068,2,,AVAILABLE
32800000000,12,3,12-4-3,16713801.4678428005,2,,AVAILABLE
32900000000,12,3,12-4-3,16711776.2689962965,2,,AVAILABLE
33000000000,12,3,12-4-3,16709752.2336961925,2,,AVAILABLE
33100000000,12,3,12-4-3,16707731.7485262826,2,,AVAILABLE
33200000000,12,3,12-4-3,16705714.4087738823,2,,AVAILABLE
33300000000,12,3,12-4-3,16703694.8621252999,2,,AVAILABLE
33400000000,12,3,12-4-3,16701676.8797925897,2,,AVAILABLE
33500000000,12,3,12-4-3,16699663.9615125600,2,,AVAILABLE
33600000000,12,3,12-4-3,16697650.1389639191,2,,AVAILABLE
33700000000,12,3,12-4-3,16695647.0687461030,2,,AVAILABLE
33800000000,12,3,12-4-3,16693640.7074202411,2,,AVAILABLE
33900000000,12,3,12-4-3,16691635.9774873015,2,,AVAILABLE
34000000000,12,3,12-4-3,16689632.8754877225,2,,AVAILABLE
34100000000,12,3,12-4-3,16687628.4040265009,2,,AVAILABLE
34200000000,12,3,12-4-3,16685632.8300054800,2,,AVAILABLE
34300000000,12,3,12-4-3,16683634.9846366774,2,,AVAILABLE
34400000000,12,3,12-4-3,16681639.5176645536,2,,AVAILABLE
34500000000,12,3,12-4-3,16679645.7656187005,2,,AVAILABLE
34600000000,12,3,12-4-3,16677657.0777769871,2,,AVAILABLE
34700000000,12,3,12-4-3,16675670.0212393627,2,,AVAILABLE
34800000000,12,3,12-4-3,16673684.5925400667,2,,AVAILABLE
34900000000,12,3,12-4-3,16671695.8754874840,2,,AVAILABLE
35000000000,12,3,12-4-3,16669715.3739132397,2,,AVAILABLE
35100000000,12,3,12-4-3,16667739.0319910813,2,,AVAILABLE
35200000000,12,3,12-4-3,16665761.3226403445,2,,AVAILABLE
35300000000,12,3,12-4-3,16663783.3932305202,2,,AVAILABLE
35400000000,12,3,12-4-3,16661812.8462229185,2,,AVAILABLE
35500000000,12,3,12-4-3,16659838.5438490026,2,,AVAILABLE
35600000000,12,3,12-4-3,16657870.7155698054,2,,AVAILABLE
35700000000,12,3,12-4-3,16655904.4079777282,2,,AVAILABLE
35800000000,12,3,12-4-3,16653938.1435847357,2,,AVAILABLE
35900000000,12,3,12-4-3,16651974.5559693128,2,,AVAILABLE
36000000000,12,3,12-4-3,16650015.8192416970,2,,AVAILABLE
36100000000,12,3,12-4-3,16648055.5656445362,2,,AVAILABLE
36200000000,12,3,12-4-3,16646100.8479912356,2,,AVAILABLE
36300000000,12,3,12-4-3,16644143.3851869181,2,,AVAILABLE
36400000000,12,3,12-4-3,16642192.2135216985,2,,AVAILABLE
36500000000,12,3,12-4-3,16640244.1255554408,2,,AVAILABLE
36600000000,12,3,12-4-3,16638295.7457989957,2,,AVAILABLE
36700000000,12,3,12-4-3,16636348.6038473751,2,,AVAILABLE
36800000000,12,3,12-4-3,16634404.3167867083,2,,AVAILABLE
36900000000,12,3,12-4-3,16632459.9690995924,2,,AVAILABLE
37000000000,12,3,12-4-3,16630522.9204213228,2,,AVAILABLE
37100000000,12,3,12-4-3,16628589.0909619816,2,,AVAILABLE
37200000000,12,3,12-4-3,16626651.2977972683,2,,AVAILABLE
37300000000,12,3,12-4-3,16624716.3580735903,2,,AVAILABLE
37400000000,12,3,12-4-3,16622786.9497114494,2,,AVAILABLE
37500000000,12,3,12-4-3,16620857.4029487595,2,,AVAILABLE
37600000000,12,3,12-4-3,16618932.9224997051,2,,AVAILABLE
37700000000,12,3,12-4-3,16617006.2452512439,2,,AVAILABLE
37800000000,12,3,12-4-3,16615083.2539554220,2,,AVAILABLE
37900000000,12,3,12-4-3,16613164.0264646057,2,,AVAILABLE
38000000000,12,3,12-4-3,16611244.5856223442,2,,AVAILABLE
38100000000,12,3,12-4-3,16609328.6165743694,2,,AVAILABLE
38200000000,12,3,12-4-3,16607415.9444156624,2,,AVAILABLE
38300000000,12,3,12-4-3,16605504.0691384077,2,,AVAILABLE
38400000000,12,3,12-4-3,16603595.4889829010,2,,AVAILABLE
38500000000,12,3,12-4-3,16601685.3958250638,2,,AVAILABLE
38600000000,12,3,12-4-3,16599782.6757484637,2,,AVAILABLE
38700000000,12,3,12-4-3,16597879.8168041147,2,,AVAILABLE
38800000000,12,3,12-4-3,16595974.9785462040,2,,AVAILABLE
38900000000,12,3,12-4-3,16594078.8135669585,2,,AVAILABLE
39000000000,12,3,12-4-3,16592180.5897141919,2,,AVAILABLE
39100000000,12,3,12-4-3,16590289.3504963052,2,,AVAILABLE
39200000000,12,3,12-4-3,16588398.4392730184,2,,AVAILABLE
39300000000,12,3,12-4-3,16586504.2488759309,2,,AVAILABLE
39400000000,12,3,12-4-3,16584616.8089260999,2,,AVAILABLE
39500000000,12,3,12-4-3,16582732.4524840247,2,,AVAILABLE
39600000000,12,3,12-4-3,16580846.5856420305,2,,AVAILABLE
39700000000,12,3,12-4-3,16578968.8394232448,2,,AVAILABLE
39800000000,12,3,12-4-3,16577087.9003594853,2,,AVAILABLE
39900000000,12,3,12-4-3,16575211.1066855490,2,,AVAILABLE
40000000000,12,3,12-4-3,16573336.0954044349,2,,AVAILABLE
40100000000,12,3,12-4-3,16571464.2271504682,2,,AVAILABLE
40200000000,12,3,12-4-3,16569594.0728686806,2,,AVAILABLE
40300000000,12,3,12-4-3,16567724.9952304997,2,,AVAILABLE
40400000000,12,3,12-4-3,16565857.6320775896,2,,AVAILABLE
40500000000,12,3,12-4-3,16563996.6187659800,2,,AVAILABLE
40600000000,12,3,12-4-3,16562134.6486850679,2,,AVAILABLE
40700000000,12,3,12-4-3,16560273.7540016975,2,,AVAILABLE
40800000000,12,3,12-4-3,16558417.9242652636,2,,AVAILABLE
40900000000,12,3,12-4-3,16556560.7407190986,2,,AVAILABLE
41000000000,12,3,12-4-3,16554709.0025227852,2,,AVAILABLE
41100000000,12,3,12-4-3,16552859.7269076668,2,,AVAILABLE
41200000000,12,3,12-4-3,16551012.0816966388,2,,AVAILABLE
41300000000,12,3,12-4-3,16549163.9157551564,2,,AVAILABLE
41400000000,12,3,12-4-3,16547320.3602163568,2,,AVAILABLE
41500000000,12,3,12-4-3,16545475.6652782205,2,,AVAILABLE
41600000000,12,3,12-4-3,16543635.7337106727,2,,AVAILABLE
41700000000,12,3,12-4-3,16541797.4306985233,2,,AVAILABLE
41800000000,12,3,12-4-3,16539965.0266794544,2,,AVAILABLE
41900000000,12,3,12-4-3,16538131.6485783048,2,,AVAILABLE
42000000000,12,3,12-4-3,16536299.3701142147,2,,AVAILABLE
42100000000,12,3,12-4-3,16534470.9171120208,2,,AVAILABLE
42200000000,12,3,12-4-3,16532646.6953271944,2,,AVAILABLE
42300000000,12,3,12-4-3,16530820.9694992658,2,,AVAILABLE
42400000000,12,3,12-4-3,16528996.9347057026,2,,AVAILABLE
42500000000,12,3,12-4-3,16527176.1343947612,2,,AVAILABLE
42600000000,12,3,12-4-3,16525359.6273534037,2,,AVAILABLE
42700000000,12,3,12-4-3,16523545.4309548046,2,,AVAILABLE
42800000000,12,3,12-4-3,16521733.0146744754,2,,AVAILABLE
42900000000,12,3,12-4-3,16519919.9296407811,2,,AVAILABLE
43000000000,12,3,12-4-3,16518111.6043044347,2,,AVAILABLE
43100000000,12,3,12-4-3,16516307.7232134938,2,,AVAILABLE
43200000000,12,3,12-4-3,16514503.4885305315,2,,AVAILABLE
43300000000,12,3,12-4-3,16512699.4199405052,2,,AVAILABLE
43400000000,12,3,12-4-3,16510902.0937661789,2,,AVAILABLE
43500000000,12,3,12-4-3,16509099.9810382929,2,,AVAILABLE
43600000000,12,3,12-4-3,16507310.7071413379,2,,AVAILABLE
43700000000,12,3,12-4-3,16505513.5192839466,2,,AVAILABLE
43800000000,12,3,12-4-3,16503724.3726524040,2,,AVAILABLE
43900000000,12,3,12-4-3,16501934.7130387221,2,,AVAILABLE
44000000000,12,3,12-4-3,16500149.1894225031,2,,AVAILABLE
44100000000,12,3,12-4-3,16498362.7870549038,2,,AVAILABLE
44200000000,12,3,12-4-3,16496582.7142800465,2,,AVAILABLE
44300000000,12,3,12-4-3,16494803.8399263900,2,,AVAILABLE
44400000000,12,3,12-4-3,16493027.3311310522,2,,AVAILABLE
44500000000,12,3,12-4-3,16491252.4505045246,2,,AVAILABLE
44600000000,12,3,12-4-3,16489478.3601566721,2,,AVAILABLE
44700000000,12,3,12-4-3,16487706.2682931945,2,,AVAILABLE
44800000000,12,3,12-4-3,16485938.2511467654,2,,AVAILABLE
44900000000,12,3,12-4-3,16484171.0853309985,2,,AVAILABLE
45000000000,12,3,12-4-3,16482410.2849356830,2,,AVAILABLE
45100000000,12,3,12-4-3,16480645.5369314235,2,,AVAILABLE
45200000000,12,3,12-4-3,16478888.3590577859,2,,AVAILABLE
45300000000,12,3,12-4-3,16477127.0806324352,2,,AVAILABLE
45400000000,12,3,12-4-3,16475373.9930229466,2,,AVAILABLE
45500000000,12,3,12-4-3,16473622.5334568452,2,,AVAILABLE
45600000000,12,3,12-4-3,16471874.3715033010,2,,AVAILABLE
45700000000,12,3,12-4-3,16470124.7117186282,2,,AVAILABLE
45800000000,12,3,12-4-3,16468380.6381706744,2,,AVAILABLE
45900000000,12,3,12-4-3,16466633.7671726719,2,,AVAILABLE
46000000000,12,3,12-4-3,16464893.7837202959,2,,AVAILABLE
46100000000,12,3,12-4-3,16463154.9602521360,2,,AVAILABLE
46200000000,12,3,12-4-3,16461420.5811262336,2,,AVAILABLE
46300000000,12,3,12-4-3,16459684.0284798685,2,,AVAILABLE
46400000000,12,3,12-4-3,16457951.7567993421,2,,AVAILABLE
46500000000,12,3,12-4-3,16456221.4286719207,2,,AVAILABLE
46600000000,12,3,12-4-3,16454494.0808016695,2,,AVAILABLE
46700000000,12,3,12-4-3,16452770.3433768768,2,,AVAILABLE
46800000000,12,3,12-4-3,16451046.5676946342,2,,AVAILABLE
46900000000,12,3,12-4-3,16449327.0733792335,2,,AVAILABLE
47000000000,12,3,12-4-3,16447608.1174670644,2,,AVAILABLE
47100000000,12,3,12-4-3,16445890.8958484512,2,,AVAILABLE
47200000000,12,3,12-4-3,16444174.8326608166,2,,AVAILABLE
47300000000,12,3,12-4-3,16442466.8504707385,2,,AVAILABLE
47400000000,12,3,12-4-3,16440757.0131643731,2,,AVAILABLE
47500000000,12,3,12-4-3,16439052.6044030804,2,,AVAILABLE
47600000000,12,3,12-4-3,16437345.5552025288,2,,AVAILABLE
47700000000,12,3,12-4-3,16435643.4658222664,2,,AVAILABLE
47800000000,12,3,12-4-3,16433943.0058918055,2,,AVAILABLE
47900000000,12,3,12-4-3,16432245.9467103332,2,,AVAILABLE
48000000000,12,3,12-4-3,16430550.4084202144,2,,AVAILABLE
48100000000,12,3,12-4-3,16428856.1371401474,2,,AVAILABLE
48200000000,12,3,12-4-3,16427167.2925832607,2,,AVAILABLE
48300000000,12,3,12-4-3,16425479.1391685046,2,,AVAILABLE
48400000000,12,3,12-4-3,16423793.9155187625,2,,AVAILABLE
48500000000,12,3,12-4-3,16422108.6595084164,2,,AVAILABLE
48600000000,12,3,12-4-3,16420426.5444798283,2,,AVAILABLE
48700000000,12,3,12-4-3,16418747.8719129115,2,,AVAILABLE
48800000000,12,3,12-4-3,16417072.4947175886,2,,AVAILABLE
48900000000,12,3,12-4-3,16415398.7450580858,2,,AVAILABLE
49000000000,12,3,12-4-3,16413723.5070765149,2,,AVAILABLE
49100000000,12,3,12-4-3,16412054.6805115417,2,,AVAILABLE
49200000000,12,3,12-4-3,16410390.9199131690,2,,AVAILABLE
49300000000,12,3,12-4-3,16408720.5753579363,2,,AVAILABLE
49400000000,12,3,12-4-3,16407058.1882683448,2,,AVAILABLE
49500000000,12,3,12-4-3,16405397.0296905134,2,,AVAILABLE
49600000000,12,3,12-4-3,16403739.6765860561,2,,AVAILABLE
49700000000,12,3,12-4-3,16402080.8368020281,2,,AVAILABLE
49800000000,12,3,12-4-3,16400431.0113005172,2,,AVAILABLE
49900000000,12,3,12-4-3,16398779.6996426638,2,,AVAILABLE
50000000000,12,3,12-4-3,16397127.9214730039,2,,AVAILABLE
50100000000,12,3,12-4-3,16395481.5331556574,2,,AVAILABLE
50200000000,12,3,12-4-3,16393836.6591516230,2,,AVAILABLE
50300000000,12,3,12-4-3,16392194.8679608274,2,,AVAILABLE
50400000000,12,3,12-4-3,16390555.0305210184,2,,AVAILABLE
50500000000,12,3,12-4-3,16388917.6548364293,2,,AVAILABLE
50600000000,12,3,12-4-3,16387282.6261752415,2,,AVAILABLE
50700000000,12,3,12-4-3,16385652.4531283006,2,,AVAILABLE
50800000000,12,3,12-4-3,16384024.1178691555,2,,AVAILABLE
50900000000,12,3,12-4-3,16382393.1493266821,2,,AVAILABLE
51000000000,12,3,12-4-3,16380764.6424092688,2,,AVAILABLE
51100000000,12,3,12-4-3,16379143.6910915989,2,,AVAILABLE
51200000000,12,3,12-4-3,16377521.8783225920,2,,AVAILABLE
51300000000,12,3,12-4-3,16375903.2443902008,2,,AVAILABLE
51400000000,12,3,12-4-3,16374288.8445203323,2,,AVAILABLE
51500000000,12,3,12-4-3,16372674.4160517640,2,,AVAILABLE
51600000000,12,3,12-4-3,16371062.3316127695,2,,AVAILABLE
51700000000,12,3,12-4-3,16369451.9921016432,2,,AVAILABLE
51800000000,12,3,12-4-3,16367847.4351761583,2,,AVAILABLE
51900000000,12,3,12-4-3,16366244.5053623989,2,,AVAILABLE
52000000000,12,3,12-4-3,16364638.9446504191,2,,AVAILABLE
52100000000,12,3,12-4-3,16363040.4342975505,2,,AVAILABLE
52200000000,12,3,12-4-3,16361444.8897501621,2,,AVAILABLE
52300000000,12,3,12-4-3,16359849.1989998333,2,,AVAILABLE
52400000000,12,3,12-4-3,16358260.3460361604,2,,AVAILABLE
52500000000,12,3,12-4-3,16356665.6361047123,2,,AVAILABLE
52600000000,12,3,12-4-3,16355076.6147742253,2,,AVAILABLE
52700000000,12,3,12-4-3,16353495.1451372765,2,,AVAILABLE
52800000000,12,3,12-4-3,16351907.8190811928,2,,AVAILABLE
52900000000,12,3,12-4-3,16350328.6677535232,2,,AVAILABLE
53000000000,12,3,12-4-3,16348748.8696480487,2,,AVAILABLE
53100000000,12,3,12-4-3,16347176.4101434927,2,,AVAILABLE
53200000000,12,3,12-4-3,16345600.7005621400,2,,AVAILABLE
53300000000,12,3,12-4-3,16344031.3912853133,2,,AVAILABLE
53400000000,12,3,12-4-3,16342460.6040499099,2,,AVAILABLE
53500000000,12,3,12-4-3,16340897.0315009598,2,,AVAILABLE
53600000000,12,3,12-4-3,16339333.7737979125,2,,AVAILABLE
53700000000,12,3,12-4-3,16337770.3698584437,2,,AVAILABLE
53800000000,12,3,12-4-3,16336211.6970766094,2,,AVAILABLE
53900000000,12,3,12-4-3,16334652.3814189006,2,,AVAILABLE
54000000000,12,3,12-4-3,16333098.8423095383,2,,AVAILABLE
54100000000,12,3,12-4-3,16331547.0546192117,2,,AVAILABLE
54200000000,12,3,12-4-3,16329997.7281506658,2,,AVAILABLE
54300000000,12,3,12-4-3,16328450.4004291687,2,,AVAILABLE
54400000000,12,3,12-4-3,16326905.9975834209,2,,AVAILABLE
54500000000,12,3,12-4-3,16325361.4481669124,2,,AVAILABLE
54600000000,12,3,12-4-3,16323823.6118104216,2,,AVAILABLE
54700000000,12,3,12-4-3,16322283.9843564704,2,,AVAILABLE
54800000000,12,3,12-4-3,16320751.0694667641,2,,AVAILABLE
54900000000,12,3,12-4-3,16319215.5300032031,2,,AVAILABLE
55000000000,12,3,12-4-3,16317687.5365184471,2,,AVAILABLE
55100000000,12,3,12-4-3,16316159.5267988723,2,,AVAILABLE
55200000000,12,3,12-4-3,16314633.8485504724,2,,AVAILABLE
55300000000,12,3,12-4-3,16313112.4030317925,2,,AVAILABLE
55400000000,12,3,12-4-3,16311586.0680989511,2,,AVAILABLE
55500000000,12,3,12-4-3,16310069.5440784469,2,,AVAILABLE
55600000000,12,3,12-4-3,16308553.7082186863,2,,AVAILABLE
55700000000,12,3,12-4-3,16307042.2343459446,2,,AVAILABLE
55800000000,12,3,12-4-3,16305533.0937959589,2,,AVAILABLE
55900000000,12,3,12-4-3,16304020.7069864776,2,,AVAILABLE
56000000000,12,3,12-4-3,16302516.4857227560,2,,AVAILABLE
56100000000,12,3,12-4-3,16301014.7248678412,2,,AVAILABLE
56200000000,12,3,12-4-3,16299512.3265724443,2,,AVAILABLE
56300000000,12,3,12-4-3,16298013.0112420134,2,,AVAILABLE
56400000000,12,3,12-4-3,16296512.0943394005,2,,AVAILABLE
56500000000,12,3,12-4-3,16295020.1774954591,2,,AVAILABLE
56600000000,12,3,12-4-3,16293526.7884409484,2,,AVAILABLE
56700000000,12,3,12-4-3,16292039.7906893604,2,,AVAILABLE
56800000000,12,3,12-4-3,16290551.3229997307,2,,AVAILABLE
56900000000,12,3,12-4-3,16289068.4121709168,2,,AVAILABLE
57000000000,12,3,12-4-3,16287584.8657839391,2,,AVAILABLE
57100000000,12,3,12-4-3,16286106.2535750754,2,,AVAILABLE
57200000000,12,3,12-4-3,16284633.3304018844,2,,AVAILABLE
57300000000,12,3,12-4-3,16283157.1675506588,2,,AVAILABLE
57400000000,12,3,12-4-3,16281680.8568936475,2,,AVAILABLE
57500000000,12,3,12-4-3,16280212.7081833985,2,,AVAILABLE
57600000000,12,3,12-4-3,16278748.1703048684,2,,AVAILABLE
57700000000,12,3,12-4-3,16277281.8478712495,2,,AVAILABLE
57800000000,12,3,12-4-3,16275820.5928950850,2,,AVAILABLE
57900000000,12,3,12-4-3,16274358.3578521404,2,,AVAILABLE
58000000000,12,3,12-4-3,16272901.8902369589,2,,AVAILABLE
58100000000,12,3,12-4-3,16271444.5761463661,2,,AVAILABLE
58200000000,12,3,12-4-3,16269994.8001326863,2,,AVAILABLE
58300000000,12,3,12-4-3,16268543.2408681475,2,,AVAILABLE
58400000000,12,3,12-4-3,16267095.7783057969,2,,AVAILABLE
58500000000,12,3,12-4-3,16265650.9129524101,2,,AVAILABLE
58600000000,12,3,12-4-3,16264208.3706949092,2,,AVAILABLE
58700000000,12,3,12-4-3,16262768.4279962368,2,,AVAILABLE
58800000000,12,3,12-4-3,16261330.8059814759,2,,AVAILABLE
58900000000,12,3,12-4-3,16259895.7822523583,2,,AVAILABLE
59000000000,12,3,12-4-3,16258463.0804175902,2,,AVAILABLE
59100000000,12,3,12-4-3,16257032.3550922889,2,,AVAILABLE
59200000000,12,3,12-4-3,16255602.1053747684,2,,AVAILABLE
59300000000,12,3,12-4-3,16254179.3910032287,2,,AVAILABLE
59400000000,12,3,12-4-3,16252756.5293334406,2,,AVAILABLE
59500000000,12,3,12-4-3,16251337.4203755427,2,,AVAILABLE
59600000000,12,3,12-4-3,16249917.0117573664,2,,AVAILABLE
59700000000,12,3,12-4-3,16248498.4411254432,2,,AVAILABLE
59800000000,12,3,12-4-3,16247087.1930413712,2,,AVAILABLE
59900000000,12,3,12-4-3,16245679.2387196403,2,,AVAILABLE
60000000000,12,3,12-4-3,16244270.6559237950,2,,AVAILABLE
60100000000,12,3,12-4-3,16242866.7875978258,2,,AVAILABLE
60200000000,12,3,12-4-3,16241463.1269946229,2,,AVAILABLE
60300000000,12,3,12-4-3,16240058.4834903218,2,,AVAILABLE
60400000000,12,3,12-4-3,16238662.8289146516,2,,AVAILABLE
60500000000,12,3,12-4-3,16237265.7131301984,2,,AVAILABLE
60600000000,12,3,12-4-3,16235872.3707624897,2,,AVAILABLE
60700000000,12,3,12-4-3,16234482.7827380430,2,,AVAILABLE
60800000000,12,3,12-4-3,16233093.8812944461,2,,AVAILABLE
60900000000,12,3,12-4-3,16231706.6079569291,2,,AVAILABLE
61000000000,12,3,12-4-3,16230323.1050431058,2,,AVAILABLE
61100000000,12,3,12-4-3,16228945.8206989113,2,,AVAILABLE
61200000000,12,3,12-4-3,16227566.7594341245,2,,AVAILABLE
61300000000,12,3,12-4-3,16226189.3243926167,2,,AVAILABLE
61400000000,12,3,12-4-3,16224815.1833792068,2,,AVAILABLE
61500000000,12,3,12-4-3,16223445.1305929925,2,,AVAILABLE
61600000000,12,3,12-4-3,16222075.0774196964,2,,AVAILABLE
61700000000,12,3,12-4-3,16220710.9242353160,2,,AVAILABLE
61800000000,12,3,12-4-3,16219348.2506489269,2,,AVAILABLE
61900000000,12,3,12-4-3,16217986.4094941299,2,,AVAILABLE
62000000000,12,3,12-4-3,16216631.2631013077,2,,AVAILABLE
62100000000,12,3,12-4-3,16215274.3417435810,2,,AVAILABLE
62200000000,12,3,12-4-3,16213921.5066903345,2,,AVAILABLE
62300000000,12,3,12-4-3,16212569.5050405469,2,,AVAILABLE
62400000000,12,3,12-4-3,16211221.5909725688,2,,AVAILABLE
62500000000,12,3,12-4-3,16209877.1170057282,2,,AVAILABLE
62600000000,12,3,12-4-3,16208531.0384474546,2,,AVAILABLE
62700000000,12,3,12-4-3,16207193.9433214422,2,,AVAILABLE
62800000000,12,3,12-4-3,16205853.4069301337,2,,AVAILABLE
62900000000,12,3,12-4-3,16204518.1498506349,2,,AVAILABLE
63000000000,12,3,12-4-3,16203184.9913749434,2,,AVAILABLE
63100000000,12,3,12-4-3,16201857.7361653503,2,,AVAILABLE
63200000000,12,3,12-4-3,16200524.7923600171,2,,AVAILABLE
63300000000,12,3,12-4-3,16199199.0123684332,2,,AVAILABLE
63400000000,12,3,12-4-3,16197876.0540655963,2,,AVAILABLE
63500000000,12,3,12-4-3,16196558.6351131722,2,,AVAILABLE
63600000000,12,3,12-4-3,16195240.5961890277,2,,AVAILABLE
63700000000,12,3,12-4-3,16193924.6538204700,2,,AVAILABLE
63800000000,12,3,12-4-3,16192611.5360153485,2,,AVAILABLE
63900000000,12,3,12-4-3,16191303.9546647333,2,,AVAILABLE
64000000000,12,3,12-4-3,16189995.7542811502,2,,AVAILABLE
64100000000,12,3,12-4-3,16188687.4051702823,2,,AVAILABLE
64200000000,12,3,12-4-3,16187387.2019725367,2,,AVAILABLE
64300000000,12,3,12-4-3,16186086.3804479335,2,,AVAILABLE
64400000000,12,3,12-4-3,16184785.4100708440,2,,AVAILABLE
64500000000,12,3,12-4-3,16183489.5078657754,2,,AVAILABLE
64600000000,12,3,12-4-3,16182198.6757306457,2,,AVAILABLE
64700000000,12,3,12-4-3,16180911.6032576151,2,,AVAILABLE
64800000000,12,3,12-4-3,16179622.9245757144,2,,AVAILABLE
64900000000,12,3,12-4-3,16178336.8603601623,2,,AVAILABLE
65000000000,12,3,12-4-3,16177054.0896410868,2,,AVAILABLE
65100000000,12,3,12-4-3,16175772.9445818774,2,,AVAILABLE
65200000000,12,3,12-4-3,16174497.5454356335,2,,AVAILABLE
65300000000,12,3,12-4-3,16173223.9298135787,2,,AVAILABLE
65400000000,12,3,12-4-3,16171950.8401819374,2,,AVAILABLE
65500000000,12,3,12-4-3,16170682.9754544999,2,,AVAILABLE
65600000000,12,3,12-4-3,16169414.1275133975,2,,AVAILABLE
65700000000,12,3,12-4-3,16168151.0241104029,2,,AVAILABLE
65800000000,12,3,12-4-3,16166884.8550024722,2,,AVAILABLE
65900000000,12,3,12-4-3,16165626.6699725781,2,,AVAILABLE
66000000000,12,3,12-4-3,16164368.4953167904,2,,AVAILABLE
66100000000,12,3,12-4-3,16163117.8373253644,2,,AVAILABLE
66200000000,12,3,12-4-3,16161864.7904231027,2,,AVAILABLE
66300000000,12,3,12-4-3,16160613.9918730184,2,,AVAILABLE
66400000000,12,3,12-4-3,16159370.7110787295,2,,AVAILABLE
66500000000,12,3,12-4-3,16158125.0420009959,2,,AVAILABLE
66600000000,12,3,12-4-3,16156881.6212522872,2,,AVAILABLE
66700000000,12,3,12-4-3,16155646.5532636009,2,,AVAILABLE
66800000000,12,3,12-4-3,16154407.4279578365,2,,AVAILABLE
66900000000,12,3,12-4-3,16153177.2760048527,2,,AVAILABLE
67000000000,12,3,12-4-3,16151941.4551230036,2,,AVAILABLE
67100000000,12,3,12-4-3,16150716.2212400883,2,,AVAILABLE
67200000000,12,3,12-4-3,16149487.7666295692,2,,AVAILABLE
67300000000,12,3,12-4-3,16148264.3805140648,2,,AVAILABLE
67400000000,12,3,12-4-3,16147046.5233690143,2,,AVAILABLE
67500000000,12,3,12-4-3,16145826.2818784416,2,,AVAILABLE
67600000000,12,3,12-4-3,16144610.2731595561,2,,AVAILABLE
67700000000,12,3,12-4-3,16143400.6265196633,2,,AVAILABLE
67800000000,12,3,12-4-3,16142186.9264967870,2,,AVAILABLE
67900000000,12,3,12-4-3,16140979.1289405413,2,,AVAILABLE
68000000000,12,3,12-4-3,16139771.1810563821,2,,AVAILABLE
68100000000,12,3,12-4-3,16138571.3697178774,2,,AVAILABLE
68200000000,12,3,12-4-3,16137370.9511178900,2,,AVAILABLE
68300000000,12,3,12-4-3,16136175.4341757093,2,,AVAILABLE
68400000000,12,3,12-4-3,16134979.9316470735,2,,AVAILABLE
68500000000,12,3,12-4-3,16133784.2785804830,2,,AVAILABLE
68600000000,12,3,12-4-3,16132594.5280507226,2,,AVAILABLE
68700000000,12,3,12-4-3,16131411.4556689318,2,,AVAILABLE
68800000000,12,3,12-4-3,16130224.0132737458,2,,AVAILABLE
68900000000,12,3,12-4-3,16129041.6413860694,2,,AVAILABLE
69000000000,12,3,12-4-3,16127864.1692248639,2,,AVAILABLE
69100000000,12,3,12-4-3,16126686.7131819632,2,,AVAILABLE
69200000000,12,3,12-4-3,16125514.1581660435,2,,AVAILABLE
69300000000,12,3,12-4-3,16124338.5547995064,2,,AVAILABLE
69400000000,12,3,12-4-3,16123171.0854010172,2,,AVAILABLE
69500000000,12,3,12-4-3,16122006.7402952872,2,,AVAILABLE
69600000000,12,3,12-4-3,16120842.2436723448,2,,AVAILABLE
69700000000,12,3,12-4-3,16119679.0884034522,2,,AVAILABLE
69800000000,12,3,12-4-3,16118522.1188725904,2,,AVAILABLE
69900000000,12,3,12-4-3,16117365.1674102284,2,,AVAILABLE
70000000000,12,3,12-4-3,16116210.0515748356,2,,AVAILABLE
70100000000,12,3,12-4-3,16115063.9014053140,2,,AVAILABLE
70200000000,12,3,12-4-3,16113911.2634408493,2,,AVAILABLE
70300000000,12,3,12-4-3,16112770.0303917751,2,,AVAILABLE
70400000000,12,3,12-4-3,16111625.2033849005,2,,AVAILABLE
70500000000,12,3,12-4-3,16110483.2147966083,2,,AVAILABLE
70600000000,12,3,12-4-3,16109346.4667895883,2,,AVAILABLE
70700000000,12,3,12-4-3,16108212.4573524687,2,,AVAILABLE
70800000000,12,3,12-4-3,16107078.6788257025,2,,AVAILABLE
70900000000,12,3,12-4-3,16105949.5859823972,2,,AVAILABLE
71000000000,12,3,12-4-3,16104819.8906080183,2,,AVAILABLE
71100000000,12,3,12-4-3,16103698.7101975586,2,,AVAILABLE
71200000000,12,3,12-4-3,16102577.8262090236,2,,AVAILABLE
71300000000,12,3,12-4-3,16101458.9507291969,2,,AVAILABLE
71400000000,12,3,12-4-3,16100339.9235263858,2,,AVAILABLE
71500000000,12,3,12-4-3,16099223.3548928313,2,,AVAILABLE
71600000000,12,3,12-4-3,16098112.6891336702,2,,AVAILABLE
71700000000,12,3,12-4-3,16097004.4819639530,2,,AVAILABLE
71800000000,12,3,12-4-3,16095900.9581187796,2,,AVAILABLE
71900000000,12,3,12-4-3,16094797.6696876343,2,,AVAILABLE
72000000000,12,3,12-4-3,16093696.6622187011,2,,AVAILABLE
72100000000,12,3,12-4-3,16092599.1226148084,2,,AVAILABLE
72200000000,12,3,12-4-3,16091503.2076091617,2,,AVAILABLE
72300000000,12,3,12-4-3,16090407.9744111542,2,,AVAILABLE
72400000000,12,3,12-4-3,16089318.9635764118,2,,AVAILABLE
72500000000,12,3,12-4-3,16088228.6472540777,2,,AVAILABLE
72600000000,12,3,12-4-3,16087140.7911885567,2,,AVAILABLE
72700000000,12,3,12-4-3,16086063.8799220230,2,,AVAILABLE
72800000000,12,3,12-4-3,16084983.5492446441,2,,AVAILABLE
72900000000,12,3,12-4-3,16083906.3325840700,2,,AVAILABLE
73000000000,12,3,12-4-3,16082830.4735301286,2,,AVAILABLE
73100000000,12,3,12-4-3,16081760.7838332616,2,,AVAILABLE
73200000000,12,3,12-4-3,16080691.9541938603,2,,AVAILABLE
73300000000,12,3,12-4-3,16079624.1273762155,2,,AVAILABLE
73400000000,12,3,12-4-3,16078559.3804652784,2,,AVAILABLE
73500000000,12,3,12-4-3,16077500.3566640355,2,,AVAILABLE
73600000000,12,3,12-4-3,16076440.7364942376,2,,AVAILABLE
73700000000,12,3,12-4-3,16075384.1980730388,2,,AVAILABLE
73800000000,12,3,12-4-3,16074332.1053827237,2,,AVAILABLE
73900000000,12,3,12-4-3,16073283.7472357862,2,,AVAILABLE
74000000000,12,3,12-4-3,16072228.9209836256,2,,AVAILABLE
74100000000,12,3,12-4-3,16071188.0897659268,2,,AVAILABLE
74200000000,12,3,12-4-3,16070146.6636481322,2,,AVAILABLE
74300000000,12,3,12-4-3,16069105.5258717407,2,,AVAILABLE
74400000000,12,3,12-4-3,16068069.0158431847,2,,AVAILABLE
74500000000,12,3,12-4-3,16067030.7584299594,2,,AVAILABLE
74600000000,12,3,12-4-3,16065999.9988781847,2,,AVAILABLE
74700000000,12,3,12-4-3,16064972.1376037411,2,,AVAILABLE
74800000000,12,3,12-4-3,16063946.2959116567,2,,AVAILABLE
74900000000,12,3,12-4-3,16062920.2991825063,2,,AVAILABLE
75000000000,12,3,12-4-3,16061897.5944042187,2,,AVAILABLE
75100000000,12,3,12-4-3,16060879.9589752555,2,,AVAILABLE
75200000000,12,3,12-4-3,16059867.8317049481,2,,AVAILABLE
75300000000,12,3,12-4-3,16058854.9269718416,2,,AVAILABLE
75400000000,12,3,12-4-3,16057842.0537323691,2,,AVAILABLE
75500000000,12,3,12-4-3,16056835.0856656767,2,,AVAILABLE
75600000000,12,3,12-4-3,16055830.5737201609,2,,AVAILABLE
75700000000,12,3,12-4-3,16054825.9082724098,2,,AVAILABLE
75800000000,12,3,12-4-3,16053826.3122427519,2,,AVAILABLE
75900000000,12,3,12-4-3,16052831.5988209508,2,,AVAILABLE
76000000000,12,3,12-4-3,16051834.7042340133,2,,AVAILABLE
76100000000,12,3,12-4-3,16050843.3158985544,2,,AVAILABLE
76200000000,12,3,12-4-3,16049854.1996041983,2,,AVAILABLE
76300000000,12,3,12-4-3,16048867.7267613020,2,,AVAILABLE
76400000000,12,3,12-4-3,16047884.5456944816,2,,AVAILABLE
76500000000,12,3,12-4-3,16046900.5870620441,2,,AVAILABLE
76600000000,12,3,12-4-3,16045921.4877327699,2,,AVAILABLE
76700000000,12,3,12-4-3,16044948.9366194289,2,,AVAILABLE
76800000000,12,3,12-4-3,16043972.5404905323,2,,AVAILABLE
76900000000,12,3,12-4-3,16043004.9044321850,2,,AVAILABLE
77000000000,12,3,12-4-3,16042037.3057050295,2,,AVAILABLE
77100000000,12,3,12-4-3,16041071.5390762091,2,,AVAILABLE
77200000000,12,3,12-4-3,16040111.2752263136,2,,AVAILABLE
77300000000,12,3,12-4-3,16039148.8366596773,2,,AVAILABLE
77400000000,12,3,12-4-3,16038196.9335371908,2,,AVAILABLE
77500000000,12,3,12-4-3,16037241.8313796967,2,,AVAILABLE
77600000000,12,3,12-4-3,16036289.8106897697,2,,AVAILABLE
77700000000,12,3,12-4-3,16035339.6257161740,2,,AVAILABLE
77800000000,12,3,12-4-3,16034392.7303910386,2,,AVAILABLE
77900000000,12,3,12-4-3,16033451.3359654639,2,,AVAILABLE
78000000000,12,3,12-4-3,16032511.9676635526,2,,AVAILABLE
78100000000,12,3,12-4-3,16031573.2787892912,2,,AVAILABLE
78200000000,12,3,12-4-3,16030632.0166646447,2,,AVAILABLE
78300000000,12,3,12-4-3,16029703.8975637835,2,,AVAILABLE
78400000000,12,3,12-4-3,16028775.1953905057,2,,AVAILABLE
78500000000,12,3,12-4-3,16027846.3366787694,2,,AVAILABLE
78600000000,12,3,12-4-3,16026920.7693684902,2,,AVAILABLE
78700000000,12,3,12-4-3,16026000.2717976049,2,,AVAILABLE
78800000000,12,3,12-4-3,16025079.6194469947,2,,AVAILABLE
78900000000,12,3,12-4-3,16024167.2876166943,2,,AVAILABLE
79000000000,12,3,12-4-3,16023251.5498996675,2,,AVAILABLE
79100000000,12,3,12-4-3,16022341.7177597173,2,,AVAILABLE
79200000000,12,3,12-4-3,16021431.7287821528,2,,AVAILABLE
79300000000,12,3,12-4-3,16020525.0310921595,2,,AVAILABLE
79400000000,12,3,12-4-3,16019626.0156557802,2,,AVAILABLE
79500000000,12,3,12-4-3,16018726.6480118465,2,,AVAILABLE
79600000000,12,3,12-4-3,16017827.3221461587,2,,AVAILABLE
79700000000,12,3,12-4-3,16016930.8612745646,2,,AVAILABLE
79800000000,12,3,12-4-3,16016041.4773522057,2,,AVAILABLE
79900000000,12,3,12-4-3,16015150.3592182137,2,,AVAILABLE
80000000000,12,3,12-4-3,16014265.1429673824,2,,AVAILABLE
80100000000,12,3,12-4-3,16013380.9260899778,2,,AVAILABLE
80200000000,12,3,12-4-3,16012500.6244114712,2,,AVAILABLE
80300000000,12,3,12-4-3,16011625.1932057478,2,,AVAILABLE
80400000000,12,3,12-4-3,16010747.6027060468,2,,AVAILABLE
80500000000,12,3,12-4-3,16009874.4727188759,2,,AVAILABLE
80600000000,12,3,12-4-3,16009001.7990340777,2,,AVAILABLE
80700000000,12,3,12-4-3,16008137.0295513812,2,,AVAILABLE
80800000000,12,3,12-4-3,16007272.5146663692,2,,AVAILABLE
80900000000,12,3,12-4-3,16006411.0810118187,2,,AVAILABLE
81000000000,12,3,12-4-3,16005551.4804204851,2,,AVAILABLE
81100000000,12,3,12-4-3,16004697.3721672669,2,,AVAILABLE
81200000000,12,3,12-4-3,16003841.1085900906,2,,AVAILABLE
81300000000,12,3,12-4-3,16002989.7151203845,2,,AVAILABLE
81400000000,12,3,12-4-3,16002143.8112834152,2,,AVAILABLE
81500000000,12,3,12-4-3,16001297.3297852185,2,,AVAILABLE
81600000000,12,3,12-4-3,16000451.7294134591,2,,AVAILABLE
81700000000,12,3,12-4-3,15999610.9961423315,2,,AVAILABLE
81800000000,12,3,12-4-3,15998778.3663959485,2,,AVAILABLE
81900000000,12,3,12-4-3,15997943.3807981554,2,,AVAILABLE
82000000000,12,3,12-4-3,15997113.4652956948,2,,AVAILABLE
82100000000,12,3,12-4-3,15996283.3955490030,2,,AVAILABLE
82200000000,12,3,12-4-3,15995455.7808396537,2,,AVAILABLE
82300000000,12,3,12-4-3,15994631.4569617417,2,,AVAILABLE
82400000000,12,3,12-4-3,15993809.5899887439,2,,AVAILABLE
82500000000,12,3,12-4-3,15992992.7931581084,2,,AVAILABLE
82600000000,12,3,12-4-3,15992176.6738811191,2,,AVAILABLE
82700000000,12,3,12-4-3,15991365.6247665770,2,,AVAILABLE
82800000000,12,3,12-4-3,15990556.8278056290,2,,AVAILABLE
82900000000,12,3,12-4-3,15989751.5260794852,2,,AVAILABLE
83000000000,12,3,12-4-3,15988946.0678268224,2,,AVAILABLE
83100000000,12,3,12-4-3,15988145.6797744688,2,,AVAILABLE
83200000000,12,3,12-4-3,15987344.5108455457,2,,AVAILABLE
83300000000,12,3,12-4-3,15986549.8703028541,2,,AVAILABLE
83400000000,12,3,12-4-3,15985755.0730633587,2,,AVAILABLE
83500000000,12,3,12-4-3,15984967.7528386991,2,,AVAILABLE
83600000000,12,3,12-4-3,15984178.2873409018,2,,AVAILABLE
83700000000,12,3,12-4-3,15983391.6941767894,2,,AVAILABLE
83800000000,12,3,12-4-3,15982609.5469674021,2,,AVAILABLE
83900000000,12,3,12-4-3,15981828.7010634877,2,,AVAILABLE
84000000000,12,3,12-4-3,15981055.3290111013,2,,AVAILABLE
84100000000,12,3,12-4-3,15980278.9821672700,2,,AVAILABLE
84200000000,12,3,12-4-3,15979510.5248307772,2,,AVAILABLE
84300000000,12,3,12-4-3,15978739.9256996512,2,,AVAILABLE
84400000000,12,3,12-4-3,15977974.1862227004,2,,AVAILABLE
84500000000,12,3,12-4-3,15977214.7638798933,2,,AVAILABLE
84600000000,12,3,12-4-3,15976452.3692334890,2,,AVAILABLE
84700000000,12,3,12-4-3,15975697.8595320676,2,,AVAILABLE
84800000000,12,3,12-4-3,15974940.1661452670,2,,AVAILABLE
84900000000,12,3,12-4-3,15974185.9758079164,2,,AVAILABLE
85000000000,12,3,12-4-3,15973442.2846436650,2,,AVAILABLE
85100000000,12,3,12-4-3,15972692.7946326528,2,,AVAILABLE
85200000000,12,3,12-4-3,15971951.8228745535,2,,AVAILABLE
85300000000,12,3,12-4-3,15971208.0796626452,2,,AVAILABLE
85400000000,12,3,12-4-3,15970472.0208641943,2,,AVAILABLE
85500000000,12,3,12-4-3,15969734.2387703490,2,,AVAILABLE
85600000000,12,3,12-4-3,15969001.3130005952,2,,AVAILABLE
85700000000,12,3,12-4-3,15968276.4832253549,2,,AVAILABLE
85800000000,12,3,12-4-3,15967549.3039143607,2,,AVAILABLE
85900000000,12,3,12-4-3,15966824.5809662193,2,,AVAILABLE
86000000000,12,3,12-4-3,15966102.3143640850,2,,AVAILABLE
86100000000,12,3,12-4-3,15965382.7135042865,2,,AVAILABLE
86200000000,12,3,12-4-3,15964666.1934474856,2,,AVAILABLE
86300000000,12,3,12-4-3,15963954.7439314630,2,,AVAILABLE
86400000000,12,3,12-4-3,15963243.9723049477,2,,AVAILABLE
86500000000,12,3,12-4-3,15962538.2693210244,2,,AVAILABLE
86600000000,12,3,12-4-3,15961832.4083128609,2,,AVAILABLE
86700000000,12,3,12-4-3,15961134.8483168185,2,,AVAILABLE
86800000000,12,3,12-4-3,15960431.7126115318,2,,AVAILABLE
86900000000,12,3,12-4-3,15959734.0541721266,2,,AVAILABLE
87000000000,12,3,12-4-3,15959042.3002500143,2,,AVAILABLE
87100000000,12,3,12-4-3,15958352.3779658861,2,,AVAILABLE
87200000000,12,3,12-4-3,15957662.9238921050,2,,AVAILABLE
87300000000,12,3,12-4-3,15956981.7674009930,2,,AVAILABLE
87400000000,12,3,12-4-3,15956295.0380280409,2,,AVAILABLE
87500000000,12,3,12-4-3,15955619.8473300580,2,,AVAILABLE
87600000000,12,3,12-4-3,15954940.4251184836,2,,AVAILABLE
87700000000,12,3,12-4-3,15954265.7514025345,2,,AVAILABLE
87800000000,12,3,12-4-3,15953597.3044614848,2,,AVAILABLE
87900000000,12,3,12-4-3,15952926.9201480076,2,,AVAILABLE
88000000000,12,3,12-4-3,15952262.2292482480,2,,AVAILABLE
88100000000,12,3,12-4-3,15951597.5889355857,2,,AVAILABLE
88200000000,12,3,12-4-3,15950937.8100833409,2,,AVAILABLE
88300000000,12,3,12-4-3,15950281.5303934738,2,,AVAILABLE
88400000000,12,3,12-4-3,15949626.8727765623,2,,AVAILABLE
88500000000,12,3,12-4-3,15948975.5050366484,2,,AVAILABLE
88600000000,12,3,12-4-3,15948327.2198718693,2,,AVAILABLE
88700000000,12,3,12-4-3,15947681.5979339089,2,,AVAILABLE
88800000000,12,3,12-4-3,15947038.4319125898,2,,AVAILABLE
88900000000,12,3,12-4-3,15946395.1068692654,2,,AVAILABLE
89000000000,12,3,12-4-3,15945760.3014632408,2,,AVAILABLE
89100000000,12,3,12-4-3,15945125.3370019235,2,,AVAILABLE
89200000000,12,3,12-4-3,15944493.6623009238,2,,AVAILABLE
89300000000,12,3,12-4-3,15943861.2217195295,2,,AVAILABLE
89400000000,12,3,12-4-3,15943237.9078937694,2,,AVAILABLE
89500000000,12,3,12-4-3,15942613.6009294037,2,,AVAILABLE
89600000000,12,3,12-4-3,15941992.3575029355,2,,AVAILABLE
89700000000,12,3,12-4-3,15941376.4108419158,2,,AVAILABLE
89800000000,12,3,12-4-3,15940761.1387365758,2,,AVAILABLE
89900000000,12,3,12-4-3,15940148.3223642800,2,,AVAILABLE
90000000000,12,3,12-4-3,15939540.5769171193,2,,AVAILABLE
90100000000,12,3,12-4-3,15938930.4953659866,2,,AVAILABLE
90200000000,12,3,12-4-3,15938328.4955437500,2,,AVAILABLE
90300000000,12,3,12-4-3,15937729.5571835097,2,,AVAILABLE
90400000000,12,3,12-4-3,15937130.6870902795,2,,AVAILABLE
90500000000,12,3,12-4-3,15936533.8765179515,2,,AVAILABLE
90600000000,12,3,12-4-3,15935939.9179517925,2,,AVAILABLE
90700000000,12,3,12-4-3,15935351.2394198831,2,,AVAILABLE
90800000000,12,3,12-4-3,15934763.8618092984,2,,AVAILABLE
90900000000,12,3,12-4-3,15934180.4894758686,2,,AVAILABLE
91000000000,12,3,12-4-3,15933598.4599771760,2,,AVAILABLE
91100000000,12,3,12-4-3,15933021.0625923723,2,,AVAILABLE
91200000000,12,3,12-4-3,15932446.3297784794,2,,AVAILABLE
91300000000,12,3,12-4-3,15931869.0524429511,2,,AVAILABLE
91400000000,12,3,12-4-3,15931303.0739960708,2,,AVAILABLE
91500000000,12,3,12-4-3,15930733.9279656298,2,,AVAILABLE
91600000000,12,3,12-4-3,15930170.4759953506,2,,AVAILABLE
91700000000,12,3,12-4-3,15929609.6884712987,2,,AVAILABLE
91800000000,12,3,12-4-3,15929046.3575177658,2,,AVAILABLE
91900000000,12,3,12-4-3,15928493.9307291154,2,,AVAILABLE
92000000000,12,3,12-4-3,15927941.7355989721,2,,AVAILABLE
92100000000,12,3,12-4-3,15927391.6036697235,2,,AVAILABLE
92200000000,12,3,12-4-3,15926839.7630944569,2,,AVAILABLE
92300000000,12,3,12-4-3,15926297.9938106686,2,,AVAILABLE
92400000000,12,3,12-4-3,15925756.0621538516,2,,AVAILABLE
92500000000,12,3,12-4-3,15925217.4197404124,2,,AVAILABLE
92600000000,12,3,12-4-3,15924681.2326434441,2,,AVAILABLE
92700000000,12,3,12-4-3,15924145.9539083540,2,,AVAILABLE
92800000000,12,3,12-4-3,15923612.8956257869,2,,AVAILABLE
92900000000,12,3,12-4-3,15923084.9085226059,2,,AVAILABLE
93000000000,12,3,12-4-3,15922562.8285140581,2,,AVAILABLE
93100000000,12,3,12-4-3,15922040.5858288500,2,,AVAILABLE
93200000000,12,3,12-4-3,15921521.6322695389,2,,AVAILABLE
93300000000,12,3,12-4-3,15921005.1339087114,2,,AVAILABLE
93400000000,12,3,12-4-3,15920496.0858459752,2,,AVAILABLE
93500000000,12,3,12-4-3,15919982.7153866719,2,,AVAILABLE
93600000000,12,3,12-4-3,15919474.0287186485,2,,AVAILABLE
93700000000,12,3,12-4-3,15918969.0207699221,2,,AVAILABLE
93800000000,12,3,12-4-3,15918469.0821887292,2,,AVAILABLE
93900000000,12,3,12-4-3,15917965.9796965308,2,,AVAILABLE
94000000000,12,3,12-4-3,15917471.5467328466,2,,AVAILABLE
94100000000,12,3,12-4-3,15916977.1911225729,2,,AVAILABLE
94200000000,12,3,12-4-3,15916485.7386974189,2,,AVAILABLE
94300000000,12,3,12-4-3,15915999.5040200315,2,,AVAILABLE
94400000000,12,3,12-4-3,15915512.9641646463,2,,AVAILABLE
94500000000,12,3,12-4-3,15915030.0967588555,2,,AVAILABLE
94600000000,12,3,12-4-3,15914551.6755610239,2,,AVAILABLE
94700000000,12,3,12-4-3,15914074.5520256385,2,,AVAILABLE
94800000000,12,3,12-4-3,15913601.8747005239,2,,AVAILABLE
94900000000,12,3,12-4-3,15913126.6607579142,2,,AVAILABLE
95000000000,12,3,12-4-3,15912662.7275377214,2,,AVAILABLE
95100000000,12,3,12-4-3,15912193.2578368764,2,,AVAILABLE
95200000000,12,3,12-4-3,15911732.0702607408,2,,AVAILABLE
95300000000,12,3,12-4-3,15911273.9608650729,2,,AVAILABLE
95400000000,12,3,12-4-3,15910815.0645056628,2,,AVAILABLE
95500000000,12,3,12-4-3,15910362.0735101141,2,,AVAILABLE
95600000000,12,3,12-4-3,15909912.3712714054,2,,AVAILABLE
95700000000,12,3,12-4-3,15909461.9169495814,2,,AVAILABLE
95800000000,12,3,12-4-3,15909017.5059118494,2,,AVAILABLE
95900000000,12,3,12-4-3,15908578.6207062919,2,,AVAILABLE
96000000000,12,3,12-4-3,15908136.9548308682,2,,AVAILABLE
96100000000,12,3,12-4-3,15907697.9885054547,2,,AVAILABLE
96200000000,12,3,12-4-3,15907264.6830551494,2,,AVAILABLE
96300000000,12,3,12-4-3,15906833.8323328774,2,,AVAILABLE
96400000000,12,3,12-4-3,15906406.2702320423,2,,AVAILABLE
96500000000,12,3,12-4-3,15905981.1628253274,2,,AVAILABLE
96600000000,12,3,12-4-3,15905558.5120549556,2,,AVAILABLE
96700000000,12,3,12-4-3,15905136.1521612797,2,,AVAILABLE
96800000000,12,3,12-4-3,15904719.2428994700,2,,AVAILABLE
96900000000,12,3,12-4-3,15904305.6221741717,2,,AVAILABLE
97000000000,12,3,12-4-3,15903897.0730920881,2,,AVAILABLE
97100000000,12,3,12-4-3,15903482.7498163544,2,,AVAILABLE
97200000000,12,3,12-4-3,15903079.9441177770,2,,AVAILABLE
97300000000,12,3,12-4-3,15902680.1786441933,2,,AVAILABLE
97400000000,12,3,12-4-3,15902280.5005972497,2,,AVAILABLE
97500000000,12,3,12-4-3,15901880.2814068925,2,,AVAILABLE
97600000000,12,3,12-4-3,15901488.1278731730,2,,AVAILABLE
97700000000,12,3,12-4-3,15901096.0201483723,2,,AVAILABLE
97800000000,12,3,12-4-3,15900707.8262277730,2,,AVAILABLE
97900000000,12,3,12-4-3,15900321.7113419436,2,,AVAILABLE
98000000000,12,3,12-4-3,15899940.7935808487,2,,AVAILABLE
98100000000,12,3,12-4-3,15899560.4240091052,2,,AVAILABLE
98200000000,12,3,12-4-3,15899182.8820203114,2,,AVAILABLE
98300000000,12,3,12-4-3,15898808.0028550178,2,,AVAILABLE
98400000000,12,3,12-4-3,15898435.8295074422,2,,AVAILABLE
98500000000,12,3,12-4-3,15898068.8504896853,2,,AVAILABLE
98600000000,12,3,12-4-3,15897702.4203207865,2,,AVAILABLE
98700000000,12,3,12-4-3,15897338.1927070096,2,,AVAILABLE
98800000000,12,3,12-4-3,15896980.4982767310,2,,AVAILABLE
98900000000,12,3,12-4-3,15896622.0131662078,2,,AVAILABLE
99000000000,12,3,12-4-3,15896269.4337727372,2,,AVAILABLE
99100000000,12,3,12-4-3,15895916.9445643686,2,,AVAILABLE
99200000000,12,3,12-4-3,15895569.2739924155,2,,AVAILABLE
99300000000,12,3,12-4-3,15895222.2739527132,2,,AVAILABLE
99400000000,12,3,12-4-3,15894881.1796666849,2,,AVAILABLE
99500000000,12,3,12-4-3,15894539.3426363189,2,,AVAILABLE
99600000000,12,3,12-4-3,15894203.9929167163,2,,AVAILABLE
99700000000,12,3,12-4-3,15893870.2615021821,2,,AVAILABLE
99800000000,12,3,12-4-3,15893537.2004044708,2,,AVAILABLE
99900000000,12,3,12-4-3,15893212.6628943421,2,,AVAILABLE
100000000000,12,3,12-4-3,15892885.3439416606,2,,AVAILABLE
100100000000,12,3,12-4-3,15892563.0968957059,2,,AVAILABLE
100200000000,12,3,12-4-3,15892246.7557277642,2,,AVAILABLE
100300000000,12,3,12-4-3,15891927.6348838601,2,,AVAILABLE
100400000000,12,3,12-4-3,15891614.4179100897,2,,AVAILABLE
100500000000,12,3,12-4-3,15891300.6688955165,2,,AVAILABLE
100600000000,12,3,12-4-3,15890993.1941674557,2,,AVAILABLE
100700000000,12,3,12-4-3,15890688.1734548509,2,,AVAILABLE
100800000000,12,3,12-4-3,15890382.6214135382,2,,AVAILABLE
100900000000,12,3,12-4-3,15890085.9608927183,2,,AVAILABLE
101000000000,12,3,12-4-3,15889789.1382898707,2,,AVAILABLE
101100000000,12,3,12-4-3,15889494.9758684896,2,,AVAILABLE
101200000000,12,3,12-4-3,15889203.8930686340,2,,AVAILABLE
101300000000,12,3,12-4-3,15888913.1140351035,2,,AVAILABLE
101400000000,12,3,12-4-3,15888630.3913859092,2,,AVAILABLE
101500000000,12,3,12-4-3,15888350.3308470491,2,,AVAILABLE
101600000000,12,3,12-4-3,15888068.1134815533,2,,AVAILABLE
101700000000,12,3,12-4-3,15887790.6053636577,2,,AVAILABLE
101800000000,12,3,12-4-3,15887516.1223096848,2,,AVAILABLE
101900000000,12,3,12-4-3,15887247.3371226508,2,,AVAILABLE
102000000000,12,3,12-4-3,15886978.5955840666,2,,AVAILABLE
102100000000,12,3,12-4-3,15886709.9515620563,2,,AVAILABLE
102200000000,12,3,12-4-3,15886449.5700849444,2,,AVAILABLE
102300000000,12,3,12-4-3,15886192.2681804728,2,,AVAILABLE
102400000000,12,3,12-4-3,15885934.1758096199,2,,AVAILABLE
102500000000,12,3,12-4-3,15885681.9914889820,2,,AVAILABLE
102600000000,12,3,12-4-3,15885428.1193970796,2,,AVAILABLE
102700000000,12,3,12-4-3,15885181.6746743750,2,,AVAILABLE
102800000000,12,3,12-4-3,15884935.0650999490,2,,AVAILABLE
102900000000,12,3,12-4-3,15884692.0074817128,2,,AVAILABLE
103000000000,12,3,12-4-3,15884453.7579281796,2,,AVAILABLE
103100000000,12,3,12-4-3,15884218.7959249765,2,,AVAILABLE
103200000000,12,3,12-4-3,15883986.2895310968,2,,AVAILABLE
103300000000,12,3,12-4-3,15883751.2629866488,2,,AVAILABLE
103400000000,12,3,12-4-3,15883524.4959470332,2,,AVAILABLE
103500000000,12,3,12-4-3,15883301.0163890515,2,,AVAILABLE
103600000000,12,3,12-4-3,15883077.3716338426,2,,AVAILABLE
103700000000,12,3,12-4-3,15882861.4179189652,2,,AVAILABLE
103800000000,12,3,12-4-3,15882643.5140786525,2,,AVAILABLE
103900000000,12,3,12-4-3,15882430.3258903958,2,,AVAILABLE
104000000000,12,3,12-4-3,15882218.1631498188,2,,AVAILABLE
104100000000,12,3,12-4-3,15882013.6915898863,2,,AVAILABLE
104200000000,12,3,12-4-3,15881806.9118518215,2,,AVAILABLE
104300000000,12,3,12-4-3,15881605.5624840073,2,,AVAILABLE
104400000000,12,3,12-4-3,15881404.0475726482,2,,AVAILABLE
104500000000,12,3,12-4-3,15881205.4629854802,2,,AVAILABLE
104600000000,12,3,12-4-3,15881015.4915526863,2,,AVAILABLE
104700000000,12,3,12-4-3,15880827.8881904799,2,,AVAILABLE
104800000000,12,3,12-4-3,15880640.4738254286,2,,AVAILABLE
104900000000,12,3,12-4-3,15880450.7527080160,2,,AVAILABLE
105000000000,12,3,12-4-3,15880271.4277644176,2,,AVAILABLE
105100000000,12,3,12-4-3,15880092.6858716607,2,,AVAILABLE
105200000000,12,3,12-4-3,15879913.7786526680,2,,AVAILABLE
105300000000,12,3,12-4-3,15879745.2661328185,2,,AVAILABLE
105400000000,12,3,12-4-3,15879572.1018494070,2,,AVAILABLE
105500000000,12,3,12-4-3,15879404.5705438461,2,,AVAILABLE
105600000000,12,3,12-4-3,15879242.7377625965,2,,AVAILABLE
105700000000,12,3,12-4-3,15879080.1128610950,2,,AVAILABLE
105800000000,12,3,12-4-3,15878921.0478132740,2,,AVAILABLE
105900000000,12,3,12-4-3,15878764.9973205831,2,,AVAILABLE
106000000000,12,3,12-4-3,15878610.8394055068,2,,AVAILABLE
106100000000,12,3,12-4-3,15878460.5313401707,2,,AVAILABLE
106200000000,12,3,12-4-3,15878317.4314837325,2,,AVAILABLE
106300000000,12,3,12-4-3,15878170.5160367042,2,,AVAILABLE
106400000000,12,3,12-4-3,15878030.1847074348,2,,AVAILABLE
106500000000,12,3,12-4-3,15877893.1403786652,2,,AVAILABLE
106600000000,12,3,12-4-3,15877754.4190577529,2,,AVAILABLE
106700000000,12,3,12-4-3,15877623.1150029469,2,,AVAILABLE
106800000000,12,3,12-4-3,15877491.2959189247,2,,AVAILABLE
106900000000,12,3,12-4-3,15877365.7320877500,2,,AVAILABLE
107000000000,12,3,12-4-3,15877240.8355329614,2,,AVAILABLE
107100000000,12,3,12-4-3,15877118.6684482936,2,,AVAILABLE
107200000000,12,3,12-4-3,15876998.6780328583,2,,AVAILABLE
107300000000,12,3,12-4-3,15876887.2138573881,2,,AVAILABLE
107400000000,12,3,12-4-3,15876772.6143866964,2,,AVAILABLE
107500000000,12,3,12-4-3,15876661.6507696006,2,,AVAILABLE
107600000000,12,3,12-4-3,15876555.7617983613,2,,AVAILABLE
107700000000,12,3,12-4-3,15876451.9757486992,2,,AVAILABLE
107800000000,12,3,12-4-3,15876349.2048644330,2,,AVAILABLE
107900000000,12,3,12-4-3,15876254.3341893479,2,,AVAILABLE
108000000000,12,3,12-4-3,15876159.9227315616,2,,AVAILABLE
108100000000,12,3,12-4-3,15876065.3441636153,2,,AVAILABLE
108200000000,12,3,12-4-3,15875976.3256422840,2,,AVAILABLE
108300000000,12,3,12-4-3,15875890.9426526893,2,,AVAILABLE
108400000000,12,3,12-4-3,15875804.2105118800,2,,AVAILABLE
108500000000,12,3,12-4-3,15875723.9388949797,2,,AVAILABLE
108600000000,12,3,12-4-3,15875645.9123750702,2,,AVAILABLE
108700000000,12,3,12-4-3,15875569.0411530100,2,,AVAILABLE
108800000000,12,3,12-4-3,15875496.1278848480,2,,AVAILABLE
108900000000,12,3,12-4-3,15875429.7476365268,2,,AVAILABLE
109000000000,12,3,12-4-3,15875363.4095321000,2,,AVAILABLE
109100000000,12,3,12-4-3,15875299.8043471836,2,,AVAILABLE
109200000000,12,3,12-4-3,15875236.8660474103,2,,AVAILABLE
109300000000,12,3,12-4-3,15875184.3021488748,2,,AVAILABLE
109400000000,12,3,12-4-3,15875126.2695655599,2,,AVAILABLE
109500000000,12,3,12-4-3,15875076.4810856488,2,,AVAILABLE
109600000000,12,3,12-4-3,15875023.9045662750,2,,AVAILABLE
109700000000,12,3,12-4-3,15874977.5188015345,2,,AVAILABLE
109800000000,12,3,12-4-3,15874935.9241677262,2,,AVAILABLE
109900000000,12,3,12-4-3,15874895.2781934068,2,,AVAILABLE
110000000000,12,3,12-4-3,15874856.8003540710,2,,AVAILABLE
110100000000,12,3,12-4-3,15874824.2293195911,2,,AVAILABLE
110200000000,12,3,12-4-3,15874791.4902987126,2,,AVAILABLE
110300000000,12,3,12-4-3,15874762.3233734947,2,,AVAILABLE
110400000000,12,3,12-4-3,15874735.3233621009,2,,AVAILABLE
110500000000,12,3,12-4-3,15874713.0581976809,2,,AVAILABLE
110600000000,12,3,12-4-3,15874694.4177185539,2,,AVAILABLE
110700000000,12,3,12-4-3,15874676.4429450016,2,,AVAILABLE
110800000000,12,3,12-4-3,15874663.5411262643,2,,AVAILABLE
110900000000,12,3,12-4-3,15874650.1320412345,2,,AVAILABLE
111000000000,12,3,12-4-3,15874640.3484137077,2,,AVAILABLE
111100000000,12,3,12-4-3,15874635.6377659645,2,,AVAILABLE
111200000000,12,3,12-4-3,15874631.2564930674,2,,AVAILABLE
111300000000,12,3,12-4-3,15874632.2846110966,2,,AVAILABLE
111400000000,12,3,12-4-3,15874636.5989139993,2,,AVAILABLE
111500000000,12,3,12-4-3,15874640.4073741008,2,,AVAILABLE
111600000000,12,3,12-4-3,15874650.4603374042,2,,AVAILABLE
111700000000,12,3,12-4-3,15874660.0079339687,2,,AVAILABLE
111800000000,12,3,12-4-3,15874677.5864651911,2,,AVAILABLE
111900000000,12,3,12-4-3,15874693.4186931811,2,,AVAILABLE
112000000000,12,3,12-4-3,15874713.7787111402,2,,AVAILABLE
112100000000,12,3,12-4-3,15874737.7609561980,2,,AVAILABLE
112200000000,12,3,12-4-3,15874761.2390228268,2,,AVAILABLE
112300000000,12,3,12-4-3,15874790.3330932725,2,,AVAILABLE
112400000000,12,3,12-4-3,15874825.9607999139,2,,AVAILABLE
112500000000,12,3,12-4-3,15874857.6301119123,2,,AVAILABLE
112600000000,12,3,12-4-3,15874895.7484971415,2,,AVAILABLE
112700000000,12,3,12-4-3,15874933.1586134899,2,,AVAILABLE
112800000000,12,3,12-4-3,15874978.8024536800,2,,AVAILABLE
112900000000,12,3,12-4-3,15875022.7831894532,2,,AVAILABLE
113000000000,12,3,12-4-3,15875077.1195283197,2,,AVAILABLE
113100000000,12,3,12-4-3,15875124.2174460106,2,,AVAILABLE
113200000000,12,3,12-4-3,15875181.3373858016,2,,AVAILABLE
113300000000,12,3,12-4-3,15875238.5824644864,2,,AVAILABLE
113400000000,12,3,12-4-3,15875301.4425446112,2,,AVAILABLE
113500000000,12,3,12-4-3,15875362.3437901270,2,,AVAILABLE
113600000000,12,3,12-4-3,15875428.6135159880,2,,AVAILABLE
113700000000,12,3,12-4-3,15875496.7089764308,2,,AVAILABLE
113800000000,12,3,12-4-3,15875571.0429786295,2,,AVAILABLE
113900000000,12,3,12-4-3,15875645.2074195351,2,,AVAILABLE
114000000000,12,3,12-4-3,15875722.6575754378,2,,AVAILABLE
114100000000,12,3,12-4-3,15875805.4797825105,2,,AVAILABLE
114200000000,12,3,12-4-3,15875885.7165029924,2,,AVAILABLE
114300000000,12,3,12-4-3,15875973.9779782016,2,,AVAILABLE
114400000000,12,3,12-4-3,15876062.0696753282,2,,AVAILABLE
114500000000,12,3,12-4-3,15876155.7397295907,2,,AVAILABLE
114600000000,12,3,12-4-3,15876253.0245815329,2,,AVAILABLE
114700000000,12,3,12-4-3,15876352.7611658499,2,,AVAILABLE
114800000000,12,3,12-4-3,15876449.3781136181,2,,AVAILABLE
114900000000,12,3,12-4-3,15876552.2325903773,2,,AVAILABLE
115000000000,12,3,12-4-3,15876659.8309254758,2,,AVAILABLE
115100000000,12,3,12-4-3,15876771.0425655674,2,,AVAILABLE
115200000000,12,3,12-4-3,15876881.7571892161,2,,AVAILABLE
115300000000,12,3,12-4-3,15876998.7062646393,2,,AVAILABLE
115400000000,12,3,12-4-3,15877117.4801129848,2,,AVAILABLE
115500000000,12,3,12-4-3,15877237.2183947098,2,,AVAILABLE
115600000000,12,3,12-4-3,15877362.3584394008,2,,AVAILABLE
115700000000,12,3,12-4-3,15877487.8345269151,2,,AVAILABLE
115800000000,12,3,12-4-3,15877618.0829249788,2,,AVAILABLE
115900000000,12,3,12-4-3,15877754.0316579416,2,,AVAILABLE
116000000000,12,3,12-4-3,15877887.6972554233,2,,AVAILABLE
116100000000,12,3,12-4-3,15878026.1343221311,2,,AVAILABLE
116200000000,12,3,12-4-3,15878168.1595737282,2,,AVAILABLE
116300000000,12,3,12-4-3,15878313.1696763504,2,,AVAILABLE
116400000000,12,3,12-4-3,15878457.4765619822,2,,AVAILABLE
116500000000,12,3,12-4-3,15878608.2216127440,2,,AVAILABLE
116600000000,12,3,12-4-3,15878760.8881148398,2,,AVAILABLE
116700000000,12,3,12-4-3,15878916.5361990090,2,,AVAILABLE
116800000000,12,3,12-4-3,15879075.7740993034,2,,AVAILABLE
116900000000,12,3,12-4-3,15879237.1590564437,2,,AVAILABLE
117000000000,12,3,12-4-3,15879402.1364179347,2,,AVAILABLE
117100000000,12,3,12-4-3,15879569.2581780162,2,,AVAILABLE
117200000000,12,3,12-4-3,15879738.8312150743,2,,AVAILABLE
117300000000,12,3,12-4-3,15879914.3117386661,2,,AVAILABLE
117400000000,12,3,12-4-3,15880089.9275017418,2,,AVAILABLE
117500000000,12,3,12-4-3,15880265.5796040874,2,,AVAILABLE
117600000000,12,3,12-4-3,15880449.2483518384,2,,AVAILABLE
117700000000,12,3,12-4-3,15880636.2022495344,2,,AVAILABLE
117800000000,12,3,12-4-3,15880825.6094169412,2,,AVAILABLE
117900000000,12,3,12-4-3,15881010.4206710495,2,,AVAILABLE
118000000000,12,3,12-4-3,15881205.5625811610,2,,AVAILABLE
118100000000,12,3,12-4-3,15881400.5331337750,2,,AVAILABLE
118200000000,12,3,12-4-3,15881601.0927973650,2,,AVAILABLE
118300000000,12,3,12-4-3,15881802.6336560007,2,,AVAILABLE
118400000000,12,3,12-4-3,15882006.3076908886,2,,AVAILABLE
118500000000,12,3,12-4-3,15882215.3756203894,2,,AVAILABLE
118600000000,12,3,12-4-3,15882424.7865091115,2,,AVAILABLE
118700000000,12,3,12-4-3,15882641.9013253395,2,,AVAILABLE
118800000000,12,3,12-4-3,15882857.0487307981,2,,AVAILABLE
118900000000,12,3,12-4-3,15883074.6476746053,2,,AVAILABLE
119000000000,12,3,12-4-3,15883297.6370977424,2,,AVAILABLE
119100000000,12,3,12-4-3,15883520.9727177024,2,,AVAILABLE
119200000000,12,3,12-4-3,15883747.5957867354,2,,AVAILABLE
119300000000,12,3,12-4-3,15883981.6021543238,2,,AVAILABLE
119400000000,12,3,12-4-3,15884213.4409186635,2,,AVAILABLE
119500000000,12,3,12-4-3,15884450.8725610729,2,,AVAILABLE
119600000000,12,3,12-4-3,15884687.8200933188,2,,AVAILABLE
119700000000,12,3,12-4-3,15884930.9882422555,2,,AVAILABLE
119800000000,12,3,12-4-3,15885176.2945838142,2,,AVAILABLE
119900000000,12,3,12-4-3,15885425.1991960257,2,,AVAILABLE
120000000000,12,3,12-4-3,15885673.9342392664,2,,AVAILABLE
120100000000,12,3,12-4-3,15885928.2613985147,2,,AVAILABLE
120200000000,12,3,12-4-3,15886182.7306628637,2,,AVAILABLE
120300000000,12,3,12-4-3,15886444.5827260837,2,,AVAILABLE
120400000000,12,3,12-4-3,15886707.0963719543,2,,AVAILABLE
120500000000,12,3,12-4-3,15886969.7528576460,2,,AVAILABLE
120600000000,12,3,12-4-3,15887240.6252884492,2,,AVAILABLE
120700000000,12,3,12-4-3,15887511.3273213431,2,,AVAILABLE
120800000000,12,3,12-4-3,15887785.6280069388,2,,AVAILABLE
120900000000,12,3,12-4-3,15888061.7526574433,2,,AVAILABLE
121000000000,12,3,12-4-3,15888344.0962665081,2,,AVAILABLE
121100000000,12,3,12-4-3,15888626.5842429623,2,,AVAILABLE
121200000000,12,3,12-4-3,15888911.2061063964,2,,AVAILABLE
121300000000,12,3,12-4-3,15889198.8027439229,2,,AVAILABLE
121400000000,12,3,12-4-3,15889489.1620130744,2,,AVAILABLE
121500000000,12,3,12-4-3,15889782.4945200626,2,,AVAILABLE
121600000000,12,3,12-4-3,15890078.5869977251,2,,AVAILABLE
121700000000,12,3,12-4-3,15890383.2108251136,2,,AVAILABLE
121800000000,12,3,12-4-3,15890682.1064682212,2,,AVAILABLE
121900000000,12,3,12-4-3,15890991.6316794977,2,,AVAILABLE
122000000000,12,3,12-4-3,15891296.2629876602,2,,AVAILABLE
122100000000,12,3,12-4-3,15891606.8047935441,2,,AVAILABLE
122200000000,12,3,12-4-3,15891922.7263003197,2,,AVAILABLE
122300000000,12,3,12-4-3,15892238.1677403711,2,,AVAILABLE
122400000000,12,3,12-4-3,15892557.2006654348,2,,AVAILABLE
122500000000,12,3,12-4-3,15892878.3776179627,2,,AVAILABLE
122600000000,12,3,12-4-3,15893204.6291846074,2,,AVAILABLE
122700000000,12,3,12-4-3,15893533.8439739402,2,,AVAILABLE
122800000000,12,3,12-4-3,15893866.9704482835,2,,AVAILABLE
122900000000,12,3,12-4-3,15894199.6203523912,2,,AVAILABLE
123000000000,12,3,12-4-3,15894537.0203294307,2,,AVAILABLE
123100000000,12,3,12-4-3,15894875.4034808148,2,,AVAILABLE
123200000000,12,3,12-4-3,15895218.8612952437,2,,AVAILABLE
123300000000,12,3,12-4-3,15895562.6566084698,2,,AVAILABLE
123400000000,12,3,12-4-3,15895911.8496834375,2,,AVAILABLE
123500000000,12,3,12-4-3,15896260.8696349617,2,,AVAILABLE
123600000000,12,3,12-4-3,15896618.0999770444,2,,AVAILABLE
123700000000,12,3,12-4-3,15896973.6889674123,2,,AVAILABLE
123800000000,12,3,12-4-3,15897334.0278441887,2,,AVAILABLE
123900000000,12,3,12-4-3,15897699.4409136698,2,,AVAILABLE
124000000000,12,3,12-4-3,15898063.2153610885,2,,AVAILABLE
124100000000,12,3,12-4-3,15898431.7388534062,2,,AVAILABLE
124200000000,12,3,12-4-3,15898803.0384270605,2,,AVAILABLE
124300000000,12,3,12-4-3,15899174.3729725424,2,,AVAILABLE
124400000000,12,3,12-4-3,15899554.5392479319,2,,AVAILABLE
124500000000,12,3,12-4-3,15899931.4001809787,2,,AVAILABLE
124600000000,12,3,12-4-3,15900317.3007871341,2,,AVAILABLE
124700000000,12,3,12-4-3,15900701.8931631669,2,,AVAILABLE
124800000000,12,3,12-4-3,15901092.6941364519,2,,AVAILABLE
124900000000,12,3,12-4-3,15901486.7790494915,2,,AVAILABLE
125000000000,12,3,12-4-3,15901877.7660319656,2,,AVAILABLE
125100000000,12,3,12-4-3,15902274.4574974868,2,,AVAILABLE
125200000000,12,3,12-4-3,15902671.1793129407,2,,AVAILABLE
125300000000,12,3,12-4-3,15903075.8987931870,2,,AVAILABLE
125400000000,12,3,12-4-3,15903480.9795300551,2,,AVAILABLE
125500000000,12,3,12-4-3,15903891.4330365006,2,,AVAILABLE
125600000000,12,3,12-4-3,15904298.7898868788,2,,AVAILABLE
125700000000,12,3,12-4-3,15904714.6800010987,2,,AVAILABLE
125800000000,12,3,12-4-3,15905131.5290455446,2,,AVAILABLE
125900000000,12,3,12-4-3,15905551.9887876362,2,,AVAILABLE
126000000000,12,3,12-4-3,15905974.2727798671,2,,AVAILABLE
126100000000,12,3,12-4-3,15906401.0939898398,2,,AVAILABLE
126200000000,12,3,12-4-3,15906830.9029919691,2,,AVAILABLE
126300000000,12,3,12-4-3,15907261.3715864196,2,,AVAILABLE
126400000000,12,3,12-4-3,15907693.9580943491,2,,AVAILABLE
126500000000,12,3,12-4-3,15908129.3290079925,2,,AVAILABLE
126600000000,12,3,12-4-3,15908569.7728102822,2,,AVAILABLE
126700000000,12,3,12-4-3,15909011.7099389713,2,,AVAILABLE
126800000000,12,3,12-4-3,15909460.4736366645,2,,AVAILABLE
126900000000,12,3,12-4-3,15909909.9354398642,2,,AVAILABLE
127000000000,12,3,12-4-3,15910361.5133629106,2,,AVAILABLE
127100000000,12,3,12-4-3,15910811.1660897359,2,,AVAILABLE
127200000000,12,3,12-4-3,15911268.4776580911,2,,AVAILABLE
127300000000,12,3,12-4-3,15911729.4097746648,2,,AVAILABLE
127400000000,12,3,12-4-3,15912192.4546879660,2,,AVAILABLE
127500000000,12,3,12-4-3,15912658.2846942768,2,,AVAILABLE
127600000000,12,3,12-4-3,15913127.0628803577,2,,AVAILABLE
127700000000,12,3,12-4-3,15913596.0016783848,2,,AVAILABLE
127800000000,12,3,12-4-3,15914067.5965916123,2,,AVAILABLE
127900000000,12,3,12-4-3,15914549.8078337088,2,,AVAILABLE
128000000000,12,3,12-4-3,15915026.9324172996,2,,AVAILABLE
128100000000,12,3,12-4-3,15915509.3360756692,2,,AVAILABLE
128200000000,12,3,12-4-3,15915994.4799835831,2,,AVAILABLE
128300000000,12,3,12-4-3,15916485.5323850866,2,,AVAILABLE
128400000000,12,3,12-4-3,15916971.2070550863,2,,AVAILABLE
128500000000,12,3,12-4-3,15917467.9927106313,2,,AVAILABLE
128600000000,12,3,12-4-3,15917960.8541994970,2,,AVAILABLE
128700000000,12,3,12-4-3,15918463.3748704847,2,,AVAILABLE
128800000000,12,3,12-4-3,15918964.5950134136,2,,AVAILABLE
128900000000,12,3,12-4-3,15919469.3872180134,2,,AVAILABLE
129000000000,12,3,12-4-3,15919979.7999561392,2,,AVAILABLE
129100000000,12,3,12-4-3,15920492.9502977189,2,,AVAILABLE
129200000000,12,3,12-4-3,15921003.0116530880,2,,AVAILABLE
129300000000,12,3,12-4-3,15921521.6075328011,2,,AVAILABLE
129400000000,12,3,12-4-3,15922037.4043964781,2,,AVAILABLE
129500000000,12,3,12-4-3,15922561.1864422113,2,,AVAILABLE
129600000000,12,3,12-4-3,15923087.9653004408,2,,AVAILABLE
129700000000,12,3,12-4-3,15923614.2264474686,2,,AVAILABLE
129800000000,12,3,12-4-3,15924144.1128386166,2,,AVAILABLE
129900000000,12,3,12-4-3,15924676.4489063192,2,,AVAILABLE
130000000000,12,3,12-4-3,15925214.1454421710,2,,AVAILABLE
130100000000,12,3,12-4-3,15925754.4970219173,2,,AVAILABLE
130200000000,12,3,12-4-3,15926297.6431732252,2,,AVAILABLE
130300000000,12,3,12-4-3,15926841.4450899269,2,,AVAILABLE
130400000000,12,3,12-4-3,15927389.9783600196,2,,AVAILABLE
130500000000,12,3,12-4-3,15927941.3049176969,2,,AVAILABLE
130600000000,12,3,12-4-3,15928490.6634305362,2,,AVAILABLE
130700000000,12,3,12-4-3,15929050.0040057879,2,,AVAILABLE
130800000000,12,3,12-4-3,15929604.8122278508,2,,AVAILABLE
130900000000,12,3,12-4-3,15930167.2615104616,2,,AVAILABLE
131000000000,12,3,12-4-3,15930732.5033391528,2,,AVAILABLE
131100000000,12,3,12-4-3,15931300.6825966015,2,,AVAILABLE
131200000000,12,3,12-4-3,15931873.9367022905,2,,AVAILABLE
131300000000,12,3,12-4-3,15932441.8269247878,2,,AVAILABLE
131400000000,12,3,12-4-3,15933020.8133070879,2,,AVAILABLE
131500000000,12,3,12-4-3,15933599.6225888487,2,,AVAILABLE
131600000000,12,3,12-4-3,15934179.1574599892,2,,AVAILABLE
131700000000,12,3,12-4-3,15934763.6988573913,2,,AVAILABLE
131800000000,12,3,12-4-3,15935353.3151499387,2,,AVAILABLE
131900000000,12,3,12-4-3,15935940.6821326744,2,,AVAILABLE
132000000000,12,3,12-4-3,15936533.7526813075,2,,AVAILABLE
132100000000,12,3,12-4-3,15937129.4783179108,2,,AVAILABLE
132200000000,12,3,12-4-3,15937730.5584198218,2,,AVAILABLE
132300000000,12,3,12-4-3,15938328.5561515987,2,,AVAILABLE
132400000000,12,3,12-4-3,15938931.6314485539,2,,AVAILABLE
132500000000,12,3,12-4-3,15939540.8921859767,2,,AVAILABLE
132600000000,12,3,12-4-3,15940150.5313987546,2,,AVAILABLE
132700000000,12,3,12-4-3,15940761.7859062254,2,,AVAILABLE
132800000000,12,3,12-4-3,15941377.4347013030,2,,AVAILABLE
132900000000,12,3,12-4-3,15941997.0475662127,2,,AVAILABLE
133000000000,12,3,12-4-3,15942614.6907389238,2,,AVAILABLE
133100000000,12,3,12-4-3,15943240.0379638430,2,,AVAILABLE
133200000000,12,3,12-4-3,15943866.3158439491,2,,AVAILABLE
133300000000,12,3,12-4-3,15944499.6669705454,2,,AVAILABLE
133400000000,12,3,12-4-3,15945130.5663517397,2,,AVAILABLE
133500000000,12,3,12-4-3,15945764.7487024944,2,,AVAILABLE
133600000000,12,3,12-4-3,15946401.3800941054,2,,AVAILABLE
133700000000,12,3,12-4-3,15947042.7335520796,2,,AVAILABLE
133800000000,12,3,12-4-3,15947685.0987331476,2,,AVAILABLE
133900000000,12,3,12-4-3,15948329.9107833095,2,,AVAILABLE
134000000000,12,3,12-4-3,15948979.4440526050,2,,AVAILABLE
134100000000,12,3,12-4-3,15949632.6143527571,2,,AVAILABLE
134200000000,12,3,12-4-3,15950285.6069226693,2,,AVAILABLE
134300000000,12,3,12-4-3,15950943.8807320669,2,,AVAILABLE
134400000000,12,3,12-4-3,15951602.6050383635,2,,AVAILABLE
134500000000,12,3,12-4-3,15952266.0512686409,2,,AVAILABLE
134600000000,12,3,12-4-3,15952933.1337743085,2,,AVAILABLE
134700000000,12,3,12-4-3,15953599.6818822604,2,,AVAILABLE
134800000000,12,3,12-4-3,15954271.0334710646,2,,AVAILABLE
134900000000,12,3,12-4-3,15954943.6692867372,2,,AVAILABLE
135000000000,12,3,12-4-3,15955626.2773383241,2,,AVAILABLE
135100000000,12,3,12-4-3,15956303.1821047720,2,,AVAILABLE
135200000000,12,3,12-4-3,15956983.9979106672,2,,AVAILABLE
135300000000,12,3,12-4-3,15957669.2631686125,2,,AVAILABLE
135400000000,12,3,12-4-3,15958359.8720092326,2,,AVAILABLE
135500000000,12,3,12-4-3,15959048.2392221354,2,,AVAILABLE
135600000000,12,3,12-4-3,15959742.3106004521,2,,AVAILABLE
135700000000,12,3,12-4-3,15960439.0361638181,2,,AVAILABLE
135800000000,12,3,12-4-3,15961138.4792027585,2,,AVAILABLE
135900000000,12,3,12-4-3,15961840.1018146388,2,,AVAILABLE
136000000000,12,3,12-4-3,15962544.1751934774,2,,AVAILABLE
136100000000,12,3,12-4-3,15963254.4241365530,2,,AVAILABLE
136200000000,12,3,12-4-3,15963964.2262633629,2,,AVAILABLE
136300000000,12,3,12-4-3,15964674.6836239751,2,,AVAILABLE
136400000000,12,3,12-4-3,15965392.0101610404,2,,AVAILABLE
136500000000,12,3,12-4-3,15966113.7199382447,2,,AVAILABLE
136600000000,12,3,12-4-3,15966831.5226046275,2,,AVAILABLE
136700000000,12,3,12-4-3,15967557.8645005580,2,,AVAILABLE
136800000000,12,3,12-4-3,15968283.6628714465,2,,AVAILABLE
136900000000,12,3,12-4-3,15969013.1058826540,2,,AVAILABLE
137000000000,12,3,12-4-3,15969747.6247919258,2,,AVAILABLE
137100000000,12,3,12-4-3,15970481.9647225514,2,,AVAILABLE
137200000000,12,3,12-4-3,15971218.7530717701,2,,AVAILABLE
137300000000,12,3,12-4-3,15971961.0872497875,2,,AVAILABLE
137400000000,12,3,12-4-3,15972706.2335739173,2,,AVAILABLE
137500000000,12,3,12-4-3,15973452.0367852375,2,,AVAILABLE
137600000000,12,3,12-4-3,15974202.5489325058,2,,AVAILABLE
137700000000,12,3,12-4-3,15974953.2464170065,2,,AVAILABLE
137800000000,12,3,12-4-3,15975708.6544081233,2,,AVAILABLE
137900000000,12,3,12-4-3,15976462.1915980764,2,,AVAILABLE
138000000000,12,3,12-4-3,15977225.9572245609,2,,AVAILABLE
138100000000,12,3,12-4-3,15977987.2814972382,2,,AVAILABLE
138200000000,12,3,12-4-3,15978756.7789454237,2,,AVAILABLE
138300000000,12,3,12-4-3,15979520.9438307378,2,,AVAILABLE
138400000000,12,3,12-4-3,15980296.1690065805,2,,AVAILABLE
138500000000,12,3,12-4-3,15981067.4911458250,2,,AVAILABLE
138600000000,12,3,12-4-3,15981845.3518614136,2,,AVAILABLE
138700000000,12,3,12-4-3,15982626.1266117916,2,,AVAILABLE
138800000000,12,3,12-4-3,15983408.2547305338,2,,AVAILABLE
138900000000,12,3,12-4-3,15984194.2957291715,2,,AVAILABLE
139000000000,12,3,12-4-3,15984979.5260717496,2,,AVAILABLE
139100000000,12,3,12-4-3,15985770.6663674843,2,,AVAILABLE
139200000000,12,3,12-4-3,15986567.1419477332,2,,AVAILABLE
139300000000,12,3,12-4-3,15987363.1781430263,2,,AVAILABLE
139400000000,12,3,12-4-3,15988165.3829840235,2,,AVAILABLE
139500000000,12,3,12-4-3,15988963.6869120635,2,,AVAILABLE
139600000000,12,3,12-4-3,15989765.6455456670,2,,AVAILABLE
139700000000,12,3,12-4-3,15990570.5134921875,2,,AVAILABLE
139800000000,12,3,12-4-3,15991383.3431879133,2,,AVAILABLE
139900000000,12,3,12-4-3,15992195.7349307965,2,,AVAILABLE
140000000000,12,3,12-4-3,15993015.4592069555,2,,AVAILABLE
140100000000,12,3,12-4-3,15993830.1183243115,2,,AVAILABLE
140200000000,12,3,12-4-3,15994650.6874778084,2,,AVAILABLE
140300000000,12,3,12-4-3,15995477.1667269189,2,,AVAILABLE
140400000000,12,3,12-4-3,15996300.0054792240,2,,AVAILABLE
140500000000,12,3,12-4-3,15997131.3804960065,2,,AVAILABLE
140600000000,12,3,12-4-3,15997962.5750157405,2,,AVAILABLE
140700000000,12,3,12-4-3,15998795.8434561547,2,,AVAILABLE
140800000000,12,3,12-4-3,15999635.3956282083,2,,AVAILABLE
140900000000,12,3,12-4-3,16000474.7671706844,2,,AVAILABLE
141000000000,12,3,12-4-3,16001318.8401896618,2,,AVAILABLE
141100000000,12,3,12-4-3,16002166.5715287216,2,,AVAILABLE
141200000000,12,3,12-4-3,16003013.2860441301,2,,AVAILABLE
141300000000,12,3,12-4-3,16003866.3690073416,2,,AVAILABLE
141400000000,12,3,12-4-3,16004715.9310080670,2,,AVAILABLE
141500000000,12,3,12-4-3,16005576.5373892020,2,,AVAILABLE
141600000000,12,3,12-4-3,16006434.7101683151,2,,AVAILABLE
141700000000,12,3,12-4-3,16007297.3303341437,2,,AVAILABLE
141800000000,12,3,12-4-3,16008160.4005198218,2,,AVAILABLE
141900000000,12,3,12-4-3,16009031.6301038843,2,,AVAILABLE
142000000000,12,3,12-4-3,16009902.4267820548,2,,AVAILABLE
142100000000,12,3,12-4-3,16010771.0424478091,2,,AVAILABLE
142200000000,12,3,12-4-3,16011650.1969450451,2,,AVAILABLE
142300000000,12,3,12-4-3,16012529.4206331000,2,,AVAILABLE
142400000000,12,3,12-4-3,16013408.5911527630,2,,AVAILABLE
142500000000,12,3,12-4-3,16014293.5432127621,2,,AVAILABLE
142600000000,12,3,12-4-3,16015179.8608937226,2,,AVAILABLE
142700000000,12,3,12-4-3,16016069.4578052834,2,,AVAILABLE
142800000000,12,3,12-4-3,16016964.3801175114,2,,AVAILABLE
142900000000,12,3,12-4-3,16017854.8279193733,2,,AVAILABLE
143000000000,12,3,12-4-3,16018752.6010451373,2,,AVAILABLE
143100000000,12,3,12-4-3,16019655.6987415850,2,,AVAILABLE
143200000000,12,3,12-4-3,16020558.3663982693,2,,AVAILABLE
143300000000,12,3,12-4-3,16021464.3174923565,2,,AVAILABLE
143400000000,12,3,12-4-3,16022371.8798639029,2,,AVAILABLE
143500000000,12,3,12-4-3,16023283.5573852602,2,,AVAILABLE
143600000000,12,3,12-4-3,16024197.0950302090,2,,AVAILABLE
143700000000,12,3,12-4-3,16025113.6668704748,2,,AVAILABLE
143800000000,12,3,12-4-3,16026034.4812845457,2,,AVAILABLE
143900000000,12,3,12-4-3,16026955.5644801408,2,,AVAILABLE
144000000000,12,3,12-4-3,16027882.9431557190,2,,AVAILABLE
144100000000,12,3,12-4-3,16028806.6744533982,2,,AVAILABLE
144200000000,12,3,12-4-3,16029738.9454348646,2,,AVAILABLE
144300000000,12,3,12-4-3,16030670.4052036721,2,,AVAILABLE
144400000000,12,3,12-4-3,16031608.4045100920,2,,AVAILABLE
144500000000,12,3,12-4-3,16032545.3877094332,2,,AVAILABLE
144600000000,12,3,12-4-3,16033485.6519441325,2,,AVAILABLE
144700000000,12,3,12-4-3,16034430.6093657408,2,,AVAILABLE
144800000000,12,3,12-4-3,16035376.6014402900,2,,AVAILABLE
144900000000,12,3,12-4-3,16036323.5775210001,2,,AVAILABLE
145000000000,12,3,12-4-3,16037277.0932286456,2,,AVAILABLE
145100000000,12,3,12-4-3,16038232.6693276558,2,,AVAILABLE
145200000000,12,3,12-4-3,16039188.2071288303,2,,AVAILABLE
145300000000,12,3,12-4-3,16040152.1402320508,2,,AVAILABLE
145400000000,12,3,12-4-3,16041110.7769021858,2,,AVAILABLE
145500000000,12,3,12-4-3,16042079.6056488045,2,,AVAILABLE
145600000000,12,3,12-4-3,16043046.0074822661,2,,AVAILABLE
145700000000,12,3,12-4-3,16044017.6906348560,2,,AVAILABLE
145800000000,12,3,12-4-3,16044988.3570857383,2,,AVAILABLE
145900000000,12,3,12-4-3,16045967.8040316049,2,,AVAILABLE
146000000000,12,3,12-4-3,16046941.9574125987,2,,AVAILABLE
146100000000,12,3,12-4-3,16047929.7613252141,2,,AVAILABLE
146200000000,12,3,12-4-3,16048911.0510467440,2,,AVAILABLE
146300000000,12,3,12-4-3,16049898.2491575219,2,,AVAILABLE
146400000000,12,3,12-4-3,16050890.7627699319,2,,AVAILABLE
146500000000,12,3,12-4-3,16051881.4490280580,2,,AVAILABLE
146600000000,12,3,12-4-3,16052875.9875700977,2,,AVAILABLE
146700000000,12,3,12-4-3,16053871.1768286545,2,,AVAILABLE
146800000000,12,3,12-4-3,16054871.4427769165,2,,AVAILABLE
146900000000,12,3,12-4-3,16055877.0250203535,2,,AVAILABLE
147000000000,12,3,12-4-3,16056882.1841588430,2,,AVAILABLE
147100000000,12,3,12-4-3,16057890.6239031944,2,,AVAILABLE
147200000000,12,3,12-4-3,16058901.5103246160,2,,AVAILABLE
147300000000,12,3,12-4-3,16059914.8434045669,2,,AVAILABLE
147400000000,12,3,12-4-3,16060932.8598748129,2,,AVAILABLE
147500000000,12,3,12-4-3,16061951.0859497301,2,,AVAILABLE
147600000000,12,3,12-4-3,16062975.2227343526,2,,AVAILABLE
147700000000,12,3,12-4-3,16063996.5478897505,2,,AVAILABLE
147800000000,12,3,12-4-3,16065025.5778752472,2,,AVAILABLE
147900000000,12,3,12-4-3,16066053.7947976030,2,,AVAILABLE
148000000000,12,3,12-4-3,16067088.5518384930,2,,AVAILABLE
148100000000,12,3,12-4-3,16068122.2912019324,2,,AVAILABLE
148200000000,12,3,12-4-3,16069161.5455932822,2,,AVAILABLE
148300000000,12,3,12-4-3,16070198.1477838978,2,,AVAILABLE
148400000000,12,3,12-4-3,16071242.6930546127,2,,AVAILABLE
148500000000,12,3,12-4-3,16072292.7503670063,2,,AVAILABLE
148600000000,12,3,12-4-3,16073337.5265892185,2,,AVAILABLE
148700000000,12,3,12-4-3,16074389.0118579604,2,,AVAILABLE
148800000000,12,3,12-4-3,16075441.5438519809,2,,AVAILABLE
148900000000,12,3,12-4-3,16076499.3571855742,2,,AVAILABLE
149000000000,12,3,12-4-3,16077559.0144019704,2,,AVAILABLE
149100000000,12,3,12-4-3,16078619.4901355766,2,,AVAILABLE
149200000000,12,3,12-4-3,16079686.6700758487,2,,AVAILABLE
149300000000,12,3,12-4-3,16080749.4061837234,2,,AVAILABLE
149400000000,12,3,12-4-3,16081820.2850890458,2,,AVAILABLE
149500000000,12,3,12-4-3,16082895.6370524541,2,,AVAILABLE
149600000000,12,3,12-4-3,16083970.5743371267,2,,AVAILABLE
149700000000,12,3,12-4-3,16085043.9303920679,2,,AVAILABLE
149800000000,12,3,12-4-3,16086127.4564008880,2,,AVAILABLE
149900000000,12,3,12-4-3,16087210.5662587453,2,,AVAILABLE
150000000000,12,3,12-4-3,16088296.1223059986,2,,AVAILABLE
150100000000,12,3,12-0-3,14344653.1944750026,2,,AVAILABLE
150200000000,12,3,12-0-3,14341050.4439290762,2,,AVAILABLE
150300000000,12,3,12-0-3,14337450.7213961650,2,,AVAILABLE
150400000000,12,3,12-0-3,14333849.6255685501,2,,AVAILABLE
150500000000,12,3,12-0-3,14330251.5575346760,2,,AVAILABLE
150600000000,12,3,12-0-3,14326652.1164608542,2,,AVAILABLE
150700000000,12,3,12-0-3,14323054.8690220714,2,,AVAILABLE
150800000000,12,3,12-0-3,14319459.7628549710,2,,AVAILABLE
150900000000,12,3,12-0-3,14315864.1697113961,2,,AVAILABLE
151000000000,12,3,12-0-3,14312265.0561848283,2,,AVAILABLE
151100000000,12,3,12-0-3,14308671.5975096039,2,,AVAILABLE
151200000000,12,3,12-0-3,14305077.6521832906,2,,AVAILABLE
151300000000,12,3,12-0-3,14301481.8783921637,2,,AVAILABLE
151400000000,12,3,12-0-3,14297887.3882007916,2,,AVAILABLE
151500000000,12,3,12-0-3,14294295.0907932278,2,,AVAILABLE
151600000000,12,3,12-0-3,14290697.4527925495,2,,AVAILABLE
151700000000,12,3,12-0-3,14287110.3222796004,2,,AVAILABLE
151800000000,12,3,12-0-3,14283518.3076818902,2,,AVAILABLE
151900000000,12,3,12-0-3,14279922.3185423352,2,,AVAILABLE
152000000000,12,3,12-0-3,14276333.3238431159,2,,AVAILABLE
152100000000,12,3,12-0-3,14272742.5013565477,2,,AVAILABLE
152200000000,12,3,12-0-3,14269155.1611643806,2,,AVAILABLE
152300000000,12,3,12-0-3,14265565.1594843213,2,,AVAILABLE
152400000000,12,3,12-0-3,14261978.6399242450,2,,AVAILABLE
152500000000,12,3,12-0-3,14258390.2929679714,2,,AVAILABLE
152600000000,12,3,12-0-3,14254805.4279566072,2,,AVAILABLE
152700000000,12,3,12-0-3,14251215.2257458530,2,,AVAILABLE
152800000000,12,3,12-0-3,14247631.1816262770,2,,AVAILABLE
152900000000,12,3,12-0-3,14244045.3104447685,2,,AVAILABLE
153000000000,12,3,12-0-3,14240460.2666811217,2,,AVAILABLE
153100000000,12,3,12-0-3,14236875.2164260428,2,,AVAILABLE
153200000000,12,3,12-0-3,14233293.1699685305,2,,AVAILABLE
153300000000,12,3,12-0-3,14229713.2832451239,2,,AVAILABLE
153400000000,12,3,12-0-3,14226127.2065901905,2,,AVAILABLE
153500000000,12,3,12-0-3,14222541.9578254353,2,,AVAILABLE
153600000000,12,3,12-0-3,14218963.7190337945,2,,AVAILABLE
153700000000,12,3,12-0-3,14215382.3223373853,2,,AVAILABLE
153800000000,12,3,12-0-3,14211802.2302668877,2,,AVAILABLE
153900000000,12,3,12-0-3,14208222.9656293355,2,,AVAILABLE
154000000000,12,3,12-0-3,14204645.8710311875,2,,AVAILABLE
154100000000,12,3,12-0-3,14201064.7741702721,2,,AVAILABLE
154200000000,12,3,12-0-3,14197489.3543111887,2,,AVAILABLE
154300000000,12,3,12-0-3,14193913.3994109780,2,,AVAILABLE
154400000000,12,3,12-0-3,14190338.8001589142,2,,AVAILABLE
154500000000,12,3,12-0-3,14186756.6540004071,2,,AVAILABLE
154600000000,12,3,12-0-3,14183184.5436481014,2,,AVAILABLE
154700000000,12,3,12-0-3,14179610.2309092935,2,,AVAILABLE
154800000000,12,3,12-0-3,14176035.4358052909,2,,AVAILABLE
154900000000,12,3,12-0-3,14172463.6307709552,2,,AVAILABLE
155000000000,12,3,12-0-3,14168890.4907812346,2,,AVAILABLE
155100000000,12,3,12-0-3,14165317.3445252366,2,,AVAILABLE
155200000000,12,3,12-0-3,14161743.6831052192,2,,AVAILABLE
155300000000,12,3,12-0-3,14158172.1921674684,2,,AVAILABLE
155400000000,12,3,12-0-3,14154605.0329939220,2,,AVAILABLE
155500000000,12,3,12-0-3,14151030.3504280783,2,,AVAILABLE
155600000000,12,3,12-0-3,14147464.8461460378,2,,AVAILABLE
155700000000,12,3,12-0-3,14143896.6834536269,2,,AVAILABLE
155800000000,12,3,12-0-3,14140328.4966207668,2,,AVAILABLE
155900000000,12,3,12-0-3,14136761.9888712335,2,,AVAILABLE
156000000000,12,3,12-0-3,14133191.9545045458,2,,AVAILABLE
156100000000,12,3,12-0-3,14129624.0738950260,2,,AVAILABLE
156200000000,12,3,12-0-3,14126062.7002048194,2,,AVAILABLE
156300000000,12,3,12-0-3,14122495.1665048487,2,,AVAILABLE
156400000000,12,3,12-0-3,14118931.9625979159,2,,AVAILABLE
156500000000,12,3,12-0-3,14115368.7354752459,2,,AVAILABLE
156600000000,12,3,12-0-3,14111807.1865358111,2,,AVAILABLE
156700000000,12,3,12-0-3,14108242.1298844144,2,,AVAILABLE
156800000000,12,3,12-0-3,14104678.7350203879,2,,AVAILABLE
156900000000,12,3,12-0-3,14101120.1780881211,2,,AVAILABLE
157000000000,12,3,12-0-3,14097557.6048704460,2,,AVAILABLE
157100000000,12,3,12-0-3,14094002.8602743074,2,,AVAILABLE
157200000000,12,3,12-0-3,14090441.1084720399,2,,AVAILABLE
157300000000,12,3,12-0-3,14086881.0184658188,2,,AVAILABLE
157400000000,12,3,12-0-3,14083320.9224369489,2,,AVAILABLE
157500000000,12,3,12-0-3,14079763.8468929529,2,,AVAILABLE
157600000000,12,3,12-0-3,14076205.4065326322,2,,AVAILABLE
157700000000,12,3,12-0-3,14072651.2931002378,2,,AVAILABLE
157800000000,12,3,12-0-3,14069096.7005720958,2,,AVAILABLE
157900000000,12,3,12-0-3,14065543.4082760140,2,,AVAILABLE
158000000000,12,3,12-0-3,14061983.9466601461,2,,AVAILABLE
158100000000,12,3,12-0-3,14058435.3355385792,2,,AVAILABLE
158200000000,12,3,12-0-3,14054881.0279876627,2,,AVAILABLE
158300000000,12,3,12-0-3,14051326.2566829920,2,,AVAILABLE
158400000000,12,3,12-0-3,14047773.6049189642,2,,AVAILABLE
158500000000,12,3,12-0-3,14044223.9725572877,2,,AVAILABLE
158600000000,12,3,12-0-3,14040675.6396651138,2,,AVAILABLE
158700000000,12,3,12-0-3,14037124.1795518491,2,,AVAILABLE
158800000000,12,3,12-0-3,14033574.0051631350,2,,AVAILABLE
158900000000,12,3,12-0-3,14030026.8497422375,2,,AVAILABLE
159000000000,12,3,12-0-3,14026475.6822319832,2,,AVAILABLE
159100000000,12,3,12-0-3,14022930.1824003365,2,,AVAILABLE
159200000000,12,3,12-0-3,14019382.0276943222,2,,AVAILABLE
159300000000,12,3,12-0-3,14015838.1833812688,2,,AVAILABLE
159400000000,12,3,12-0-3,14012289.4938412867,2,,AVAILABLE
159500000000,12,3,12-0-3,14008746.4711947422,2,,AVAILABLE
159600000000,12,3,12-0-3,14005205.1227844544,2,,AVAILABLE
159700000000,12,3,12-0-3,14001663.7554214727,2,,AVAILABLE
159800000000,12,3,12-0-3,13998117.5436605122,2,,AVAILABLE
159900000000,12,3,12-0-3,13994571.6896948740,2,,AVAILABLE
160000000000,12,3,12-0-3,13991035.4660183135,2,,AVAILABLE
160100000000,12,3,12-0-3,13987491.2682170570,2,,AVAILABLE
160200000000,12,3,12-0-3,13983954.0518398136,2,,AVAILABLE
160300000000,12,3,12-0-3,13980413.3240269218,2,,AVAILABLE
160400000000,12,3,12-0-3,13976877.7629105542,2,,AVAILABLE
160500000000,12,3,12-0-3,13973335.2096467316,2,,AVAILABLE
160600000000,12,3,12-0-3,13969797.8112632874,2,,AVAILABLE
160700000000,12,3,12-0-3,13966263.8992773797,2,,AVAILABLE
160800000000,12,3,12-0-3,13962724.6643252019,2,,AVAILABLE
160900000000,12,3,12-0-3,13959188.9157470148,2,,AVAILABLE
161000000000,12,3,12-0-3,13955653.9950778168,2,,AVAILABLE
161100000000,12,3,12-0-3,13952122.0909495801,2,,AVAILABLE
161200000000,12,3,12-0-3,13948588.8259921893,2,,AVAILABLE
161300000000,12,3,12-0-3,13945052.8978773020,2,,AVAILABLE
161400000000,12,3,12-0-3,13941520.4550612010,2,,AVAILABLE
161500000000,12,3,12-0-3,13937993.1647292115,2,,AVAILABLE
161600000000,12,3,12-0-3,13934461.0752055570,2,,AVAILABLE
161700000000,12,3,12-0-3,13930931.9499478173,2,,AVAILABLE
161800000000,12,3,12-0-3,13927402.8187031280,2,,AVAILABLE
161900000000,12,3,12-0-3,13923873.2134034541,2,,AVAILABLE
162000000000,12,3,12-0-3,13920343.0919282660,2,,AVAILABLE
162100000000,12,3,12-0-3,13916818.6322013400,2,,AVAILABLE
162200000000,12,3,12-0-3,13913289.3237143289,2,,AVAILABLE
162300000000,12,3,12-0-3,13909760.8525872678,2,,AVAILABLE
162400000000,12,3,12-0-3,13906238.8765261155,2,,AVAILABLE
162500000000,12,3,12-0-3,13902711.2187722661,2,,AVAILABLE
162600000000,12,3,12-0-3,13899188.2528161164,2,,AVAILABLE
162700000000,12,3,12-0-3,13895664.4384688996,2,,AVAILABLE
162800000000,12,3,12-0-3,13892140.1077576783,2,,AVAILABLE
162900000000,12,3,12-0-3,13888621.4372298010,2,,AVAILABLE
163000000000,12,3,12-0-3,13885095.2753029503,2,,AVAILABLE
163100000000,12,3,12-0-3,13881578.2606472764,2,,AVAILABLE
163200000000,12,3,12-0-3,13878059.4285853561,2,,AVAILABLE
163300000000,12,3,12-0-3,13874541.0493445843,2,,AVAILABLE
163400000000,12,3,12-0-3,13871020.3867253475,2,,AVAILABLE
163500000000,12,3,12-0-3,13867503.2047245912,2,,AVAILABLE
163600000000,12,3,12-0-3,13863990.3293321449,2,,AVAILABLE
163700000000,12,3,12-0-3,13860471.3173714466,2,,AVAILABLE
163800000000,12,3,12-0-3,13856955.2674808856,2,,AVAILABLE
163900000000,12,3,12-0-3,13853437.9121067319,2,,AVAILABLE
164000000000,12,3,12-0-3,13849924.0295324270,2,,AVAILABLE
164100000000,12,3,12-0-3,13846411.8156359233,2,,AVAILABLE
164200000000,12,3,12-0-3,13842900.4296630770,2,,AVAILABLE
164300000000,12,3,12-0-3,13839386.3872316629,2,,AVAILABLE
164400000000,12,3,12-0-3,13835872.3392910250,2,,AVAILABLE
164500000000,12,3,12-0-3,13832363.4375458397,2,,AVAILABLE
164600000000,12,3,12-0-3,13828851.8800191227,2,,AVAILABLE
164700000000,12,3,12-0-3,13825340.3169623613,2,,AVAILABLE
164800000000,12,3,12-0-3,13821833.8994610589,2,,AVAILABLE
164900000000,12,3,12-0-3,13818327.4759858791,2,,AVAILABLE
165000000000,12,3,12-0-3,13814819.2315417547,2,,AVAILABLE
165100000000,12,3,12-0-3,13811313.1658359673,2,,AVAILABLE
165200000000,12,3,12-0-3,13807809.2265435811,2,,AVAILABLE
165300000000,12,3,12-0-3,13804302.6330239531,2,,AVAILABLE
165400000000,12,3,12-0-3,13800795.0586030260,2,,AVAILABLE
165500000000,12,3,12-0-3,13797295.7874787189,2,,AVAILABLE
165600000000,12,3,12-0-3,13793791.6788991038,2,,AVAILABLE
165700000000,12,3,12-0-3,13790291.8799646609,2,,AVAILABLE
165800000000,12,3,12-0-3,13786788.9686027709,2,,AVAILABLE
165900000000,12,3,12-0-3,13783286.5110954084,2,,AVAILABLE
166000000000,12,3,12-0-3,13779785.7158766109,2,,AVAILABLE
166100000000,12,3,12-0-3,13776288.7699919529,2,,AVAILABLE
166200000000,12,3,12-0-3,13772789.6313416306,2,,AVAILABLE
166300000000,12,3,12-0-3,13769290.0277283527,2,,AVAILABLE
166400000000,12,3,12-0-3,13765796.0255540796,2,,AVAILABLE
166500000000,12,3,12-0-3,13762298.0784778483,2,,AVAILABLE
166600000000,12,3,12-0-3,13758798.7740146387,2,,AVAILABLE
166700000000,12,3,12-0-3,13755305.9629328512,2,,AVAILABLE
166800000000,12,3,12-0-3,13751811.7944837753,2,,AVAILABLE
166900000000,12,3,12-0-3,13748320.6395056061,2,,AVAILABLE
167000000000,12,3,12-0-3,13744824.1897186562,2,,AVAILABLE
167100000000,12,3,12-0-3,13741335.1506863963,2,,AVAILABLE
167200000000,12,3,12-0-3,13737839.5242287666,2,,AVAILABLE
167300000000,12,3,12-0-3,13734352.5158422627,2,,AVAILABLE
167400000000,12,3,12-0-3,13730859.8422773015,2,,AVAILABLE
167500000000,12,3,12-0-3,13727369.3431360684,2,,AVAILABLE
167600000000,12,3,12-0-3,13723883.9853295702,2,,AVAILABLE
167700000000,12,3,12-0-3,13720395.9787197914,2,,AVAILABLE
167800000000,12,3,12-0-3,13716908.8005061876,2,,AVAILABLE
167900000000,12,3,12-0-3,13713422.4506907742,2,,AVAILABLE
168000000000,12,3,12-0-3,13709937.7631854545,2,,AVAILABLE
168100000000,12,3,12-0-3,13706450.8891983554,2,,AVAILABLE
168200000000,12,3,12-0-3,13702967.0246968064,2,,AVAILABLE
168300000000,12,3,12-0-3,13699483.9886007905,2,,AVAILABLE
168400000000,12,3,12-0-3,13696001.7809123229,2,,AVAILABLE
168500000000,12,3,12-0-3,13692520.4016334135,2,,AVAILABLE
168600000000,12,3,12-0-3,13689039.8507658448,2,,AVAILABLE
168700000000,12,3,12-0-3,13685562.3086626045,2,,AVAILABLE
168800000000,12,3,12-0-3,13682083.4145412743,2,,AVAILABLE
168900000000,12,3,12-0-3,13678605.3488110527,2,,AVAILABLE
169000000000,12,3,12-0-3,13675124.6375282351,2,,AVAILABLE
169100000000,12,3,12-0-3,13671648.2287246492,2,,AVAILABLE
169200000000,12,3,12-0-3,13668169.1749839224,2,,AVAILABLE
169300000000,12,3,12-0-3,13664700.0760913678,2,,AVAILABLE
169400000000,12,3,12-0-3,13661220.0398318693,2,,AVAILABLE
169500000000,12,3,12-0-3,13657746.9449613560,2,,AVAILABLE
169600000000,12,3,12-0-3,13654272.0389600769,2,,AVAILABLE
169700000000,12,3,12-0-3,13650802.7802801654,2,,AVAILABLE
169800000000,12,3,12-0-3,13647328.6986583807,2,,AVAILABLE
169900000000,12,3,12-0-3,13643856.2784235086,2,,AVAILABLE
170000000000,12,3,12-0-3,13640389.5049351826,2,,AVAILABLE
170100000000,12,3,12-0-3,13636918.7417302001,2,,AVAILABLE
170200000000,12,3,12-0-3,13633453.6248867735,2,,AVAILABLE
170300000000,12,3,12-0-3,13629981.0478761438,2,,AVAILABLE
170400000000,12,3,12-0-3,13626514.9490686301,2,,AVAILABLE
170500000000,12,3,12-0-3,13623050.1390162427,2,,AVAILABLE
170600000000,12,3,12-0-3,13619585.6970421094,2,,AVAILABLE
170700000000,12,3,12-0-3,13616119.9052903708,2,,AVAILABLE
170800000000,12,3,12-0-3,13612656.2890021894,2,,AVAILABLE
170900000000,12,3,12-0-3,13609190.8630033359,2,,AVAILABLE
171000000000,12,3,12-0-3,13605731.0265903678,2,,AVAILABLE
171100000000,12,3,12-0-3,13602267.2579825483,2,,AVAILABLE
171200000000,12,3,12-0-3,13598808.6209840439,2,,AVAILABLE
171300000000,12,3,12-0-3,13595346.9704149608,2,,AVAILABLE
171400000000,12,3,12-0-3,13591889.1565971505,2,,AVAILABLE
171500000000,12,3,12-0-3,13588428.7030607387,2,,AVAILABLE
171600000000,12,3,12-0-3,13584973.3802307639,2,,AVAILABLE
171700000000,12,3,12-0-3,13581514.5842568018,2,,AVAILABLE
171800000000,12,3,12-0-3,13578060.0846017264,2,,AVAILABLE
171900000000,12,3,12-0-3,13574605.0703904890,2,,AVAILABLE
172000000000,12,3,12-0-3,13571152.2277089190,2,,AVAILABLE
172100000000,12,3,12-0-3,13567697.5805942081,2,,AVAILABLE
172200000000,12,3,12-0-3,13564246.3950130083,2,,AVAILABLE
172300000000,12,3,12-0-3,13560790.7682666350,2,,AVAILABLE
172400000000,12,3,12-0-3,13557342.0738153718,2,,AVAILABLE
172500000000,12,3,12-0-3,13553889.9080039971,2,,AVAILABLE
172600000000,12,3,12-0-3,13550442.8706435431,2,,AVAILABLE
172700000000,12,3,12-0-3,13546990.5594751202,2,,AVAILABLE
172800000000,12,3,12-0-3,13543543.8900676258,2,,AVAILABLE
172900000000,12,3,12-0-3,13540095.8735343814,2,,AVAILABLE
173000000000,12,3,12-0-3,13536654.7814515512,2,,AVAILABLE
173100000000,12,3,12-0-3,13533206.6196899470,2,,AVAILABLE
173200000000,12,3,12-0-3,13529761.0895422474,2,,AVAILABLE
173300000000,12,3,12-0-3,13526317.2160035651,2,,AVAILABLE
173400000000,12,3,12-0-3,13522875.5188018996,2,,AVAILABLE
173500000000,12,3,12-0-3,13519429.8389771748,2,,AVAILABLE
173600000000,12,3,12-0-3,13515988.4582223725,2,,AVAILABLE
173700000000,12,3,12-0-3,13512550.0745902546,2,,AVAILABLE
173800000000,12,3,12-0-3,13509109.5175234899,2,,AVAILABLE
173900000000,12,3,12-0-3,13505667.9875116106,2,,AVAILABLE
174000000000,12,3,12-0-3,13502235.5593792908,2,,AVAILABLE
174100000000,12,3,12-0-3,13498794.8532129712,2,,AVAILABLE
174200000000,12,3,12-0-3,13495361.4464742076,2,,AVAILABLE
174300000000,12,3,12-0-3,13491919.7703403477,2,,AVAILABLE
174400000000,12,3,12-0-3,13488487.1948864665,2,,AVAILABLE
174500000000,12,3,12-0-3,13485054.1000605766,2,,AVAILABLE
174600000000,12,3,12-0-3,13481620.5468431581,2,,AVAILABLE
174700000000,12,3,12-0-3,13478187.8225024268,2,,AVAILABLE
174800000000,12,3,12-0-3,13474757.2138940487,2,,AVAILABLE
174900000000,12,3,12-0-3,13471329.6160919834,2,,AVAILABLE
175000000000,12,3,12-0-3,13467897.2046869695,2,,AVAILABLE
175100000000,12,3,12-0-3,13464468.6297777761,2,,AVAILABLE
175200000000,12,3,12-0-3,13461040.0498696007,2,,AVAILABLE
175300000000,12,3,12-0-3,13457616.5922499131,2,,AVAILABLE
175400000000,12,3,12-0-3,13454184.8714962322,2,,AVAILABLE
175500000000,12,3,12-0-3,13450763.0713556185,2,,AVAILABLE
175600000000,12,3,12-0-3,13447338.6408976950,2,,AVAILABLE
175700000000,12,3,12-0-3,13443912.4051068723,2,,AVAILABLE
175800000000,12,3,12-0-3,13440489.6325775906,2,,AVAILABLE
175900000000,12,3,12-0-3,13437068.5228835810,2,,AVAILABLE
176000000000,12,3,12-0-3,13433650.8660654984,2,,AVAILABLE
176100000000,12,3,12-0-3,13430227.9563926905,2,,AVAILABLE
176200000000,12,3,12-0-3,13426808.4995754045,2,,AVAILABLE
176300000000,12,3,12-0-3,13423388.0718602389,2,,AVAILABLE
176400000000,12,3,12-0-3,13419971.1069053393,2,,AVAILABLE
176500000000,12,3,12-0-3,13416558.4275974724,2,,AVAILABLE
176600000000,12,3,12-0-3,13413140.4868075661,2,,AVAILABLE
176700000000,12,3,12-0-3,13409726.8424337208,2,,AVAILABLE
176800000000,12,3,12-0-3,13406307.1037898771,2,,AVAILABLE
176900000000,12,3,12-0-3,13402894.2837080732,2,,AVAILABLE
177000000000,12,3,12-0-3,13399480.4933512639,2,,AVAILABLE
177100000000,12,3,12-0-3,13396070.1651595160,2,,AVAILABLE
177200000000,12,3,12-0-3,13392656.7490761634,2,,AVAILABLE
177300000000,12,3,12-0-3,13389248.0789977219,2,,AVAILABLE
177400000000,12,3,12-0-3,13385841.0597230960,2,,AVAILABLE
177500000000,12,3,12-0-3,13382432.7639259566,2,,AVAILABLE
177600000000,12,3,12-0-3,13379028.2361633927,2,,AVAILABLE
177700000000,12,3,12-0-3,13375616.7952697966,2,,AVAILABLE
177800000000,12,3,12-0-3,13372215.2746230755,2,,AVAILABLE
177900000000,12,3,12-0-3,13368806.3264068943,2,,AVAILABLE
178000000000,12,3,12-0-3,13365405.1143031251,2,,AVAILABLE
178100000000,12,3,12-0-3,13361999.9950849917,2,,AVAILABLE
178200000000,12,3,12-0-3,13358599.6200014781,2,,AVAILABLE
178300000000,12,3,12-0-3,13355200.4458550680,2,,AVAILABLE
178400000000,12,3,12-0-3,13351799.0967664141,2,,AVAILABLE
178500000000,12,3,12-0-3,13348398.1284676418,2,,AVAILABLE
178600000000,12,3,12-0-3,13345001.4414386898,2,,AVAILABLE
178700000000,12,3,12-0-3,13341599.9620872848,2,,AVAILABLE
178800000000,12,3,12-0-3,13338204.9332744461,2,,AVAILABLE
178900000000,12,3,12-0-3,13334810.7334047165,2,,AVAILABLE
179000000000,12,3,12-0-3,13331412.5761647280,2,,AVAILABLE
179100000000,12,3,12-0-3,13328020.8684330620,2,,AVAILABLE
179200000000,12,3,12-0-3,13324629.1557403617,2,,AVAILABLE
179300000000,12,3,12-0-3,13321236.9369236361,2,,AVAILABLE
179400000000,12,3,12-0-3,13317845.1000399124,2,,AVAILABLE
179500000000,12,3,12-0-3,13314450.6276761703,2,,AVAILABLE
179600000000,12,3,12-0-3,13311066.5149184726,2,,AVAILABLE
179700000000,12,3,12-0-3,13307677.1659391653,2,,AVAILABLE
179800000000,12,3,12-0-3,13304292.0954547096,2,,AVAILABLE
179900000000,12,3,12-0-3,13300901.7744227275,2,,AVAILABLE
180000000000,12,3,12-0-3,13297516.1939408705,2,,AVAILABLE
180100000000,12,3,12-0-3,13294130.9962813258,2,,AVAILABLE
180200000000,12,3,12-0-3,13290746.6119257715,2,,AVAILABLE
180300000000,12,3,12-0-3,13287363.0729850903,2,,AVAILABLE
180400000000,12,3,12-0-3,13283981.1809712611,2,,AVAILABLE
180500000000,12,3,12-0-3,13280601.4684914872,2,,AVAILABLE
180600000000,12,3,12-0-3,13277222.0687170513,2,,AVAILABLE
180700000000,12,3,12-0-3,13273845.2941428702,2,,AVAILABLE
180800000000,12,3,12-0-3,13270464.1058079302,2,,AVAILABLE
180900000000,12,3,12-0-3,13267089.8234230280,2,,AVAILABLE
181000000000,12,3,12-0-3,13263710.2940075845,2,,AVAILABLE
181100000000,12,3,12-0-3,13260334.2238293607,2,,AVAILABLE
181200000000,12,3,12-0-3,13256962.8003221489,2,,AVAILABLE
181300000000,12,3,12-0-3,13253586.5932620801,2,,AVAILABLE
181400000000,12,3,12-0-3,13250211.2158308960,2,,AVAILABLE
181500000000,12,3,12-0-3,13246841.4639556762,2,,AVAILABLE
181600000000,12,3,12-0-3,13243471.1905078106,2,,AVAILABLE
181700000000,12,3,12-0-3,13240099.1354563572,2,,AVAILABLE
181800000000,12,3,12-0-3,13236730.0763736628,2,,AVAILABLE
181900000000,12,3,12-0-3,13233363.1247322392,2,,AVAILABLE
182000000000,12,3,12-0-3,13229998.3532272130,2,,AVAILABLE
182100000000,12,3,12-0-3,13226633.0599516053,2,,AVAILABLE
182200000000,12,3,12-0-3,13223264.7086377144,2,,AVAILABLE
182300000000,12,3,12-0-3,13219901.9079889506,2,,AVAILABLE
182400000000,12,3,12-0-3,13216538.6591713764,2,,AVAILABLE
182500000000,12,3,12-0-3,13213174.0741946269,2,,AVAILABLE
182600000000,12,3,12-0-3,13209813.3182945307,2,,AVAILABLE
182700000000,12,3,12-0-3,13206452.0405347608,2,,AVAILABLE
182800000000,12,3,12-0-3,13203092.9434525669,2,,AVAILABLE
182900000000,12,3,12-0-3,13199734.6758183315,2,,AVAILABLE
183000000000,12,3,12-0-3,13196379.3481360450,2,,AVAILABLE
183100000000,12,3,12-0-3,13193022.7392726503,2,,AVAILABLE
183200000000,12,3,12-0-3,13189667.7937739920,2,,AVAILABLE
183300000000,12,3,12-0-3,13186311.8838992324,2,,AVAILABLE
183400000000,12,3,12-0-3,13182958.5974198189,2,,AVAILABLE
183500000000,12,3,12-0-3,13179604.8097470272,2,,AVAILABLE
183600000000,12,3,12-0-3,13176251.3886964172,2,,AVAILABLE
183700000000,12,3,12-0-3,13172901.4246766791,2,,AVAILABLE
183800000000,12,3,12-0-3,13169553.1240337566,2,,AVAILABLE
183900000000,12,3,12-0-3,13166202.1917172931,2,,AVAILABLE
184000000000,12,3,12-0-3,13162858.9894176871,2,,AVAILABLE
184100000000,12,3,12-0-3,13159507.9448173624,2,,AVAILABLE
184200000000,12,3,12-0-3,13156166.4010798372,2,,AVAILABLE
184300000000,12,3,12-0-3,13152817.0161286984,2,,AVAILABLE
184400000000,12,3,12-0-3,13149474.5264845155,2,,AVAILABLE
184500000000,12,3,12-0-3,13146130.2395992074,2,,AVAILABLE
184600000000,12,3,12-0-3,13142787.6162771471,2,,AVAILABLE
184700000000,12,3,12-0-3,13139448.4491561372,2,,AVAILABLE
184800000000,12,3,12-0-3,13136107.4850799870,2,,AVAILABLE
184900000000,12,3,12-0-3,13132769.5137031581,2,,AVAILABLE
185000000000,12,3,12-0-3,13129430.2320409548,2,,AVAILABLE
185100000000,12,3,12-0-3,13126092.5908731502,2,,AVAILABLE
185200000000,12,3,12-0-3,13122755.7793702353,2,,AVAILABLE
185300000000,12,3,12-0-3,13119422.7940888423,2,,AVAILABLE
185400000000,12,3,12-0-3,13116091.9117693324,2,,AVAILABLE
185500000000,12,3,12-0-3,13112758.4228422511,2,,AVAILABLE
185600000000,12,3,12-0-3,13109424.4903578702,2,,AVAILABLE
185700000000,12,3,12-0-3,13106096.1205136459,2,,AVAILABLE
185800000000,12,3,12-3,8403441.0565458592,1,,AVAILABLE
185900000000,12,3,12-3,8400838.4226930756,1,,AVAILABLE
186000000000,12,3,12-3,8398236.6227505300,1,,AVAILABLE
186100000000,12,3,12-3,8395637.3245386984,1,,AVAILABLE
186200000000,12,3,12-3,8393039.6941473428,1,,AVAILABLE
186300000000,12,3,12-3,8390442.8976662252,1,,AVAILABLE
186400000000,12,3,12-3,8387848.6029158216,1,,AVAILABLE
186500000000,12,3,12-3,8385255.9759858940,1,,AVAILABLE
186600000000,12,3,12-3,8382665.0168764424,1,,AVAILABLE
186700000000,12,3,12-3,8380074.8916772278,1,,AVAILABLE
186800000000,12,3,12-3,8377487.2682087282,1,,AVAILABLE
186900000000,12,3,12-3,8374901.3125607045,1,,AVAILABLE
187000000000,12,3,12-3,8372317.0247331569,1,,AVAILABLE
187100000000,12,3,12-3,8369734.4047260853,1,,AVAILABLE
187200000000,12,3,12-3,8367152.6186292516,1,,AVAILABLE
187300000000,12,3,12-3,8364573.3342631320,1,,AVAILABLE
187400000000,12,3,12-3,8361995.7177174883,1,,AVAILABLE
187500000000,12,3,12-3,8359419.7689923206,1,,AVAILABLE
187600000000,12,3,12-3,8356845.4880876290,1,,AVAILABLE
187700000000,12,3,12-3,8354272.8750034133,1,,AVAILABLE
187800000000,12,3,12-3,8351701.9297396736,1,,AVAILABLE
187900000000,12,3,12-3,8349132.6522964099,1,,AVAILABLE
188000000000,12,3,12-3,8346565.0426736223,1,,AVAILABLE
188100000000,12,3,12-3,8343999.9347815486,1,,AVAILABLE
188200000000,12,3,12-3,8341435.6607997119,1,,AVAILABLE
188300000000,12,3,12-3,8338873.0546383522,1,,AVAILABLE
188400000000,12,3,12-3,8336312.1162974685,1,,AVAILABLE
188500000000,12,3,12-3,8333753.6796872988,1,,AVAILABLE
188600000000,12,3,12-3,8331196.0769873671,1,,AVAILABLE
188700000000,12,3,12-3,8328640.9760181494,1,,AVAILABLE
188800000000,12,3,12-3,8326086.7089591697,1,,AVAILABLE
188900000000,12,3,12-3,8323534.9436309030,1,,AVAILABLE
189000000000,12,3,12-3,8320984.0122128753,1,,AVAILABLE
189100000000,12,3,12-3,8318435.5825255616,1,,AVAILABLE
189200000000,12,3,12-3,8315888.8206587238,1,,AVAILABLE
189300000000,12,3,12-3,8313343.7266123621,1,,AVAILABLE
189400000000,12,3,12-3,8310800.3003864763,1,,AVAILABLE
189500000000,12,3,12-3,8308258.5419810666,1,,AVAILABLE
189600000000,12,3,12-3,8305718.4513961319,1,,AVAILABLE
189700000000,12,3,12-3,8303180.0286316741,1,,AVAILABLE
189800000000,12,3,12-3,8300643.2736876924,1,,AVAILABLE
189900000000,12,3,12-3,8298108.1865641866,1,,AVAILABLE
190000000000,12,3,12-3,8295574.7672611568,1,,AVAILABLE
190100000000,12,3,12-3,8293043.8496888401,1,,AVAILABLE
190200000000,12,3,12-3,8290513.7660267623,1,,AVAILABLE
190300000000,12,3,12-3,8287986.1840953985,1,,AVAILABLE
190400000000,12,3,12-3,8285460.2699845107,1,,AVAILABLE
190500000000,12,3,12-3,8282935.1897838600,1,,AVAILABLE
190600000000,12,3,12-3,8280412.6113139242,1,,AVAILABLE
190700000000,12,3,12-3,8277891.7006644644,1,,AVAILABLE
190800000000,12,3,12-3,8275372.4578354806,1,,AVAILABLE
190900000000,12,3,12-3,8272854.8828269718,1,,AVAILABLE
191000000000,12,3,12-3,8270339.8095491780,1,,AVAILABLE
191100000000,12,3,12-3,8267825.5701816222,1,,AVAILABLE
191200000000,12,3,12-3,8265312.9986345423,1,,AVAILABLE
191300000000,12,3,12-3,8262802.9288181756,1,,AVAILABLE
191400000000,12,3,12-3,8260294.5268222857,1,,AVAILABLE
191500000000,12,3,12-3,8257786.9587366339,1,,AVAILABLE
191600000000,12,3,12-3,8255281.8923816960,1,,AVAILABLE
191700000000,12,3,12-3,8252778.4938472332,1,,AVAILABLE
191800000000,12,3,12-3,8250276.7631332474,1,,AVAILABLE
191900000000,12,3,12-3,8247776.7002397375,1,,AVAILABLE
192000000000,12,3,12-3,8245279.1390769407,1,,AVAILABLE
192100000000,12,3,12-3,8242782.4118243828,1,,AVAILABLE
192200000000,12,3,12-3,8240288.1863025390,1,,AVAILABLE
192300000000,12,3,12-3,8237794.7946909321,1,,AVAILABLE
192400000000,12,3,12-3,8235303.9048100403,1,,AVAILABLE
192500000000,12,3,12-3,8232814.6827496244,1,,AVAILABLE
192600000000,12,3,12-3,8230327.1285096835,1,,AVAILABLE
192700000000,12,3,12-3,8227841.2420902196,1,,AVAILABLE
192800000000,12,3,12-3,8225357.8574014697,1,,AVAILABLE
192900000000,12,3,12-3,8222875.3066229569,1,,AVAILABLE
193000000000,12,3,12-3,8220395.2575751590,1,,AVAILABLE
193100000000,12,3,12-3,8217916.8763478370,1,,AVAILABLE
193200000000,12,3,12-3,8215440.1629409902,1,,AVAILABLE
193300000000,12,3,12-3,8212965.1173546202,1,,AVAILABLE
193400000000,12,3,12-3,8210491.7395887254,1,,AVAILABLE
193500000000,12,3,12-3,8208020.0296433074,1,,AVAILABLE
193600000000,12,3,12-3,8205550.8214286035,1,,AVAILABLE
193700000000,12,3,12-3,8203082.4471241366,1,,AVAILABLE
193800000000,12,3,12-3,8200616.5745503847,1,,AVAILABLE
193900000000,12,3,12-3,8198152.3697971078,1,,AVAILABLE
194000000000,12,3,12-3,8195689.8328643078,1,,AVAILABLE
194100000000,12,3,12-3,8193228.9637519838,1,,AVAILABLE
194200000000,12,3,12-3,8190770.5963703729,1,,AVAILABLE
194300000000,12,3,12-3,8188313.0628990009,1,,AVAILABLE
194400000000,12,3,12-3,8185858.0311583420,1,,AVAILABLE
194500000000,12,3,12-3,8183404.6672381600,1,,AVAILABLE
194600000000,12,3,12-3,8180952.9711384531,1,,AVAILABLE
194700000000,12,3,12-3,8178502.9428592231,1,,AVAILABLE
194800000000,12,3,12-3,8176055.4163107062,1,,AVAILABLE
194900000000,12,3,12-3,8173608.7236724282,1,,AVAILABLE
195000000000,12,3,12-3,8171164.5327648632,1,,AVAILABLE
195100000000,12,3,12-3,8168722.0096777752,1,,AVAILABLE
195200000000,12,3,12-3,8166281.1544111622,1,,AVAILABLE
195300000000,12,3,12-3,8163841.9669650262,1,,AVAILABLE
195400000000,12,3,12-3,8161405.2812496033,1,,AVAILABLE
195500000000,12,3,12-3,8158970.2633546572,1,,AVAILABLE
195600000000,12,3,12-3,8156536.0793699482,1,,AVAILABLE
195700000000,12,3,12-3,8154105.2310261922,1,,AVAILABLE
195800000000,12,3,12-3,8151675.2165926732,1,,AVAILABLE
195900000000,12,3,12-3,8149246.8699796312,1,,AVAILABLE
196000000000,12,3,12-3,8146821.0250973022,1,,AVAILABLE
196100000000,12,3,12-3,8144396.8480354501,1,,AVAILABLE
196200000000,12,3,12-3,8141974.3387940731,1,,AVAILABLE
196300000000,12,3,12-3,8139553.4973731730,1,,AVAILABLE
196400000000,12,3,12-3,8137135.1576829860,1,,AVAILABLE
196500000000,12,3,12-3,8134717.6519030379,1,,AVAILABLE
196600000000,12,3,12-3,8132302.6478538029,1,,AVAILABLE
196700000000,12,3,12-3,8129889.3116250439,1,,AVAILABLE
196800000000,12,3,12-3,8127478.4771269998,1,,AVAILABLE
196900000000,12,3,12-3,8125068.4765391927,1,,AVAILABLE
197000000000,12,3,12-3,8122660.9776821006,1,,AVAILABLE
197100000000,12,3,12-3,8120255.1466454836,1,,AVAILABLE
197200000000,12,3,12-3,8117850.9834293434,1,,AVAILABLE
197300000000,12,3,12-3,8115448.4880336784,1,,AVAILABLE
197400000000,12,3,12-3,8113048.4943687273,1,,AVAILABLE
197500000000,12,3,12-3,8110650.1685242532,1,,AVAILABLE
197600000000,12,3,12-3,8108253.5105002541,1,,AVAILABLE
197700000000,12,3,12-3,8105858.5202967310,1,,AVAILABLE
197800000000,12,3,12-3,8103466.0318239229,1,,AVAILABLE
197900000000,12,3,12-3,8101075.2111715898,1,,AVAILABLE
198000000000,12,3,12-3,8098686.0583397327,1,,AVAILABLE
198100000000,12,3,12-3,8096298.5733283525,1,,AVAILABLE
198200000000,12,3,12-3,8093912.7561374474,1,,AVAILABLE
198300000000,12,3,12-3,8091529.4406772573,1,,AVAILABLE
198400000000,12,3,12-3,8089147.7930375421,1,,AVAILABLE
198500000000,12,3,12-3,8086767.8132183030,1,,AVAILABLE
198600000000,12,3,12-3,8084390.3351297779,1,,AVAILABLE
198700000000,12,3,12-3,8082014.5248617297,1,,AVAILABLE
198800000000,12,3,12-3,8079640.3824141566,1,,AVAILABLE
198900000000,12,3,12-3,8077267.9077870594,1,,AVAILABLE
199000000000,12,3,12-3,8074897.1009804392,1,,AVAILABLE
199100000000,12,3,12-3,8072528.7959045321,1,,AVAILABLE
199200000000,12,3,12-3,8070162.1586491009,1,,AVAILABLE
199300000000,12,3,12-3,8067797.1892141467,1,,AVAILABLE
199400000000,12,3,12-3,8065434.7215099055,1,,AVAILABLE
199500000000,12,3,12-3,8063073.9216261404,1,,AVAILABLE
199600000000,12,3,12-3,8060714.7895628512,1,,AVAILABLE
199700000000,12,3,12-3,8058357.3253200389,1,,AVAILABLE
199800000000,12,3,12-3,8056002.3628079398,1,,AVAILABLE
199900000000,12,3,12-3,8053649.0681163166,1,,AVAILABLE
0,12,7,12-9-10-11-7,34584483.0982283875,4,,AVAILABLE
100000000,12,7,12-9-10-11-7,34585890.5124500543,4,,AVAILABLE
200000000,12,7,12-9-10-11-7,34587292.7578153983,4,,AVAILABLE
300000000,12,7,12-9-10-11-7,34588701.7077565640,4,,AVAILABLE
400000000,12,7,12-9-10-11-7,34590114.2278972864,4,,AVAILABLE
500000000,12,7,12-9-10-11-7,34591531.8365417346,4,,AVAILABLE
600000000,12,7,12-9-10-11-7,34592948.7345909625,4,,AVAILABLE
700000000,12,7,12-9-10-11-7,34594363.1836994588,4,,AVAILABLE
800000000,12,7,12-9-10-11-7,34595791.3288848922,4,,AVAILABLE
900000000,12,7,12-9-10-11-7,34597218.8940390274,4,,AVAILABLE
1000000000,12,7,12-9-10-11-7,34598642.7222448513,4,,AVAILABLE
1100000000,12,7,12-9-10-11-7,34600074.5982325599,4,,AVAILABLE
1200000000,12,7,12-9-10-11-7,34601509.8381827772,4,,AVAILABLE
1300000000,12,7,12-9-10-11-7,34602946.4251858965,4,,AVAILABLE
1400000000,12,7,12-9-10-11-7,34604389.9257260337,4,,AVAILABLE
1500000000,12,7,12-9-10-11-7,34605829.2995499671,4,,AVAILABLE
1600000000,12,7,12-9-10-11-7,34607277.5966007262,4,,AVAILABLE
1700000000,12,7,12-9-10-11-7,34608724.0095026419,4,,AVAILABLE
1800000000,12,7,12-9-10-11-7,34610167.1008122265,4,,AVAILABLE
1900000000,12,7,12-9-10-11-7,34611623.8202034608,4,,AVAILABLE
2000000000,12,7,12-9-10-11-7,34613078.7152081355,4,,AVAILABLE
2100000000,12,7,12-9-10-11-7,34614540.4844697490,4,,AVAILABLE
2200000000,12,7,12-9-10-11-7,34615999.2156541422,4,,AVAILABLE
2300000000,12,7,12-9-10-11-7,34617464.7248362601,4,,AVAILABLE
2400000000,12,7,12-9-10-11-7,34618930.5613907650,4,,AVAILABLE
2500000000,12,7,12-9-10-11-7,34620401.8991188109,4,,AVAILABLE
2600000000,12,7,12-9-10-11-7,34621867.7802699879,4,,AVAILABLE
2700000000,12,7,12-9-10-11-7,34623350.0178637430,4,,AVAILABLE
2800000000,12,7,12-9-10-11-7,34624825.0739620104,4,,AVAILABLE
2900000000,12,7,12-9-10-11-7,34626308.0931532681,4,,AVAILABLE
3000000000,12,7,12-9-10-11-7,34627790.1224862859,4,,AVAILABLE
3100000000,12,7,12-9-10-11-7,34629281.7951482534,4,,AVAILABLE
3200000000,12,7,12-9-10-11-7,34630766.2927069589,4,,AVAILABLE
3300000000,12,7,12-9-10-11-7,34632255.2458033338,4,,AVAILABLE
3400000000,12,7,12-9-10-11-7,34633750.9985594228,4,,AVAILABLE
3500000000,12,7,12-9-10-11-7,34635249.0578651503,4,,AVAILABLE
3600000000,12,7,12-9-10-11-7,34636744.9129883349,4,,AVAILABLE
3700000000,12,7,12-9-10-11-7,34638246.5256377012,4,,AVAILABLE
3800000000,12,7,12-9-10-11-7,34639750.0962419212,4,,AVAILABLE
3900000000,12,7,12-9-10-11-7,34641261.8798202351,4,,AVAILABLE
4000000000,12,7,12-9-10-11-7,34642773.4139226675,4,,AVAILABLE
4100000000,12,7,12-9-10-11-7,34644286.3985181898,4,,AVAILABLE
4200000000,12,7,12-9-10-11-7,34645798.3214279935,4,,AVAILABLE
4300000000,12,7,12-9-10-11-7,34647318.3990869001,4,,AVAILABLE
4400000000,12,7,12-9-10-11-7,34648840.2431264818,4,,AVAILABLE
4500000000,12,7,12-9-10-11-7,34650365.3175820857,4,,AVAILABLE
4600000000,12,7,12-9-10-11-7,34651890.2615371719,4,,AVAILABLE
4700000000,12,7,12-9-10-11-7,34653419.6579224840,4,,AVAILABLE
4800000000,12,7,12-9-10-11-7,34654956.9274564832,4,,AVAILABLE
4900000000,12,7,12-9-10-11-7,34656481.6817761585,4,,AVAILABLE
5000000000,12,7,12-9-10-11-7,34658023.8763974756,4,,AVAILABLE
5100000000,12,7,12-9-10-11-7,34659565.8478251770,4,,AVAILABLE
5200000000,12,7,12-9-10-11-7,34661106.2238079458,4,,AVAILABLE
5300000000,12,7,12-9-10-11-7,34662650.9450000897,4,,AVAILABLE
5400000000,12,7,12-9-10-11-7,34664199.2550579235,4,,AVAILABLE
5500000000,12,7,12-9-10-11-7,34665753.3695672452,4,,AVAILABLE
5600000000,12,7,12-9-10-11-7,34667302.8287894577,4,,AVAILABLE
5700000000,12,7,12-9-10-11-7,34668860.9040741250,4,,AVAILABLE
5800000000,12,7,12-9-10-11-7,34670417.7034402117,4,,AVAILABLE
5900000000,12,7,12-9-10-11-7,34671976.2572216913,4,,AVAILABLE
6000000000,12,7,12-9-10-11-7,34673544.8927556053,4,,AVAILABLE
6100000000,12,7,12-9-10-11-7,34675107.4145610482,4,,AVAILABLE
6200000000,12,7,12-9-10-11-7,34676679.9099068269,4,,AVAILABLE
6300000000,12,7,12-9-10-11-7,34678246.7590884417,4,,AVAILABLE
6400000000,12,7,12-9-10-11-7,34679825.2538646832,4,,AVAILABLE
6500000000,12,7,12-9-10-11-7,34681405.7060697377,4,,AVAILABLE
6600000000,12,7,12-9-10-11-7,34682987.0216338560,4,,AVAILABLE
6700000000,12,7,12-9-10-11-7,34684563.5154132172,4,,AVAILABLE
6800000000,12,7,12-9-10-11-7,34686152.5440980643,4,,AVAILABLE
6900000000,12,7,12-9-10-11-7,34687743.8480597436,4,,AVAILABLE
7000000000,12,7,12-9-10-11-7,34689326.2168392017,4,,AVAILABLE
7100000000,12,7,12-9-10-11-7,34690921.0134981051,4,,AVAILABLE
7200000000,12,7,12-9-10-11-7,34692515.1691311747,4,,AVAILABLE
7300000000,12,7,12-9-10-11-7,34694116.0642706156,4,,AVAILABLE
7400000000,12,7,12-9-10-11-7,34695720.0131547824,4,,AVAILABLE
7500000000,12,7,12-9-10-11-7,34697321.5435545594,4,,AVAILABLE
7600000000,12,7,12-9-10-11-7,34698926.2367976084,4,,AVAILABLE
7700000000,12,7,12-9-10-11-7,34700533.5727084875,4,,AVAILABLE
7800000000,12,7,12-9-10-11-7,34702147.4252674580,4,,AVAILABLE
7900000000,12,7,12-9-10-11-7,34703763.7750684693,4,,AVAILABLE
8000000000,12,7,12-9-10-11-7,34705378.7913565487,4,,AVAILABLE
8100000000,12,7,12-9-10-11-7,34706998.6932890564,4,,AVAILABLE
8200000000,12,7,12-9-10-11-7,34708618.7711871937,4,,AVAILABLE
8300000000,12,7,12-9-10-11-7,34710242.1166014522,4,,AVAILABLE
8400000000,12,7,12-9-10-11-7,34711867.6817463785,4,,AVAILABLE
8500000000,12,7,12-9-10-11-7,34713497.9094149023,4,,AVAILABLE
8600000000,12,7,12-9-10-11-7,34715132.4424226582,4,,AVAILABLE
8700000000,12,7,12-9-10-11-7,34716766.6412178800,4,,AVAILABLE
8800000000,12,7,12-9-10-11-7,34718400.8112110645,4,,AVAILABLE
8900000000,12,7,12-9-10-11-7,34720041.5794818327,4,,AVAILABLE
9000000000,12,7,12-9-10-11-7,34721684.8785604611,4,,AVAILABLE
9100000000,12,7,12-9-10-11-7,34723328.2011743262,4,,AVAILABLE
9200000000,12,7,12-9-10-11-7,34724979.7623372003,4,,AVAILABLE
9300000000,12,7,12-9-10-11-7,34726631.0726363137,4,,AVAILABLE
9400000000,12,7,12-9-10-11-7,34728286.9455061555,4,,AVAILABLE
9500000000,12,7,12-9-10-11-7,34729942.3190088198,4,,AVAILABLE
9600000000,12,7,12-9-10-11-7,34731595.8273147941,4,,AVAILABLE
9700000000,12,7,12-9-10-11-7,34733255.7517578155,4,,AVAILABLE
9800000000,12,7,12-9-10-11-7,34734920.1871988624,4,,AVAILABLE
9900000000,12,7,12-9-10-11-7,34736588.8352101892,4,,AVAILABLE
10000000000,12,7,12-9-10-11-7,34738253.6088219956,4,,AVAILABLE
10100000000,12,7,12-9-10-11-7,34739925.8987130523,4,,AVAILABLE
10200000000,12,7,12-9-10-11-7,34741602.9674972519,4,,AVAILABLE
10300000000,12,7,12-9-10-11-7,34743277.8989863023,4,,AVAILABLE
10400000000,12,7,12-9-10-11-7,34744951.6810829416,4,,AVAILABLE
10500000000,12,7,12-9-10-11-7,34746638.4237429351,4,,AVAILABLE
10600000000,12,7,12-9-10-11-7,34748317.0473575667,4,,AVAILABLE
10700000000,12,7,12-9-10-11-7,34750008.9659523293,4,,AVAILABLE
10800000000,12,7,12-9-10-11-7,34751695.8132964969,4,,AVAILABLE
10900000000,12,7,12-9-10-11-7,34753389.5163083151,4,,AVAILABLE
11000000000,12,7,12-9-10-11-7,34755077.2140186206,4,,AVAILABLE
11100000000,12,7,12-9-10-11-7,34756778.4718840718,4,,AVAILABLE
11200000000,12,7,12-9-10-11-7,34758475.5162884295,4,,AVAILABLE
11300000000,12,7,12-9-10-11-7,34760182.9861602485,4,,AVAILABLE
11400000000,12,7,12-9-10-11-7,34761883.3303239718,4,,AVAILABLE
11500000000,12,7,12-9-10-11-7,34763590.0137603134,4,,AVAILABLE
11600000000,12,7,12-9-10-11-7,34765296.5617926344,4,,AVAILABLE
11700000000,12,7,12-9-10-11-7,34767010.2734217346,4,,AVAILABLE
11800000000,12,7,12-9-10-11-7,34768725.0452955589,4,,AVAILABLE
11900000000,12,7,12-9-10-11-7,34770441.6348819062,4,,AVAILABLE
12000000000,12,7,12-9-10-11-7,34772156.8009068519,4,,AVAILABLE
12100000000,12,7,12-9-10-11-7,34773882.3418120071,4,,AVAILABLE
12200000000,12,7,12-9-10-11-7,34775609.2518600747,4,,AVAILABLE
12300000000,12,7,12-9-10-11-7,34777334.4200194329,4,,AVAILABLE
12400000000,12,7,12-9-10-11-7,34779065.8152038902,4,,AVAILABLE
12500000000,12,7,12-9-10-11-7,34780799.4547600895,4,,AVAILABLE
12600000000,12,7,12-9-10-11-7,34782531.6348097026,4,,AVAILABLE
12700000000,12,7,12-9-10-11-7,34784268.4891929105,4,,AVAILABLE
12800000000,12,7,12-9-10-11-7,34786007.5870323107,4,,AVAILABLE
12900000000,12,7,12-9-10-11-7,34787747.3673977926,4,,AVAILABLE
13000000000,12,7,12-9-10-11-7,34789495.4787671193,4,,AVAILABLE
13100000000,12,7,12-9-10-11-7,34791239.9096725211,4,,AVAILABLE
13200000000,12,7,12-9-10-11-7,34792989.5510408655,4,,AVAILABLE
13300000000,12,7,12-9-10-11-7,34794739.4663907364,4,,AVAILABLE
13400000000,12,7,12-9-10-11-7,34796496.1968280971,4,,AVAILABLE
13500000000,12,7,12-9-10-11-7,34798253.3374638259,4,,AVAILABLE
13600000000,12,7,12-9-10-11-7,34800013.6185800806,4,,AVAILABLE
13700000000,12,7,12-9-10-11-7,34801776.4405626208,4,,AVAILABLE
13800000000,12,7,12-9-10-11-7,34803538.6082223281,4,,AVAILABLE
13900000000,12,7,12-9-10-11-7,34805305.8671625853,4,,AVAILABLE
14000000000,12,7,12-9-10-11-7,34807081.0422283262,4,,AVAILABLE
14100000000,12,7,12-9-10-11-7,34808848.6206813306,4,,AVAILABLE
14200000000,12,7,12-9-10-11-7,34810626.1325446516,4,,AVAILABLE
14300000000,12,7,12-9-10-11-7,34812403.1199402139,4,,AVAILABLE
14400000000,12,7,12-9-10-11-7,34814177.2595826313,4,,AVAILABLE
14500000000,12,7,12-9-10-11-7,34815959.7244422510,4,,AVAILABLE
14600000000,12,7,12-9-10-11-7,34817750.6156134680,4,,AVAILABLE
14700000000,12,7,12-9-10-11-7,34819536.6413395330,4,,AVAILABLE
14800000000,12,7,12-9-10-11-7,34821322.0122288987,4,,AVAILABLE
14900000000,12,7,12-9-10-11-7,34823117.4703547359,4,,AVAILABLE
15000000000,12,7,12-9-10-11-7,34824906.8274847940,4,,AVAILABLE
15100000000,12,7,12-9-10-11-7,34826704.5944944620,4,,AVAILABLE
15200000000,12,7,12-9-10-11-7,34828508.9692658409,4,,AVAILABLE
15300000000,12,7,12-9-10-11-7,34830305.0801161006,4,,AVAILABLE
15400000000,12,7,12-9-10-11-7,34832109.3586857989,4,,AVAILABLE
15500000000,12,7,12-9-10-11-7,34833918.4775030613,4,,AVAILABLE
15600000000,12,7,12-9-10-11-7,34835727.8306779191,4,,AVAILABLE
15700000000,12,7,12-9-10-11-7,34837536.6561328471,4,,AVAILABLE
15800000000,12,7,12-9-10-11-7,34839352.2486870736,4,,AVAILABLE
15900000000,12,7,12-9-10-11-7,34841168.7855090648,4,,AVAILABLE
16000000000,12,7,12-9-10-11-7,34842985.2682050541,4,,AVAILABLE
16100000000,12,7,12-9-10-11-7,34844807.3757290542,4,,AVAILABLE
16200000000,12,7,12-9-10-11-7,34846632.5303190649,4,,AVAILABLE
16300000000,12,7,12-9-10-11-7,34848454.0889275372,4,,AVAILABLE
16400000000,12,7,12-9-10-11-7,34850289.7992762104,4,,AVAILABLE
16500000000,12,7,12-9-10-11-7,34852117.8805925548,4,,AVAILABLE
16600000000,12,7,12-9-10-11-7,34853945.9556555003,4,,AVAILABLE
16700000000,12,7,12-9-10-11-7,34855787.1863018572,4,,AVAILABLE
16800000000,12,7,12-9-10-11-7,34857622.4735777825,4,,AVAILABLE
16900000000,12,7,12-9-10-11-7,34859462.2857496589,4,,AVAILABLE
17000000000,12,7,12-9-10-11-7,34861306.5107387975,4,,AVAILABLE
17100000000,12,7,12-9-10-11-7,34863154.7816453651,4,,AVAILABLE
17200000000,12,7,12-9-10-11-7,34865000.7806235254,4,,AVAILABLE
17300000000,12,7,12-9-10-11-7,34866848.3329302743,4,,AVAILABLE
17400000000,12,7,12-9-10-11-7,34868698.8878975958,4,,AVAILABLE
17500000000,12,7,12-9-10-11-7,34870557.8604558334,4,,AVAILABLE
17600000000,12,7,12-9-10-11-7,34872416.2687456459,4,,AVAILABLE
17700000000,12,7,12-9-10-11-7,34874275.1424286440,4,,AVAILABLE
17800000000,12,7,12-9-10-11-7,34876138.6092444435,4,,AVAILABLE
17900000000,12,7,12-9-10-11-7,34878006.2280623093,4,,AVAILABLE
18000000000,12,7,12-9-10-11-7,34879874.8665529862,4,,AVAILABLE
18100000000,12,7,12-9-10-11-7,34881739.7371048704,4,,AVAILABLE
18200000000,12,7,12-9-10-11-7,34883614.5407002941,4,,AVAILABLE
18300000000,12,7,12-9-10-11-7,34885487.5994684100,4,,AVAILABLE
18400000000,12,7,12-9-10-11-7,34887363.9461794794,4,,AVAILABLE
18500000000,12,7,12-9-10-11-7,34889236.2921715900,4,,AVAILABLE
18600000000,12,7,12-9-10-11-7,34891124.5006696805,4,,AVAILABLE
18700000000,12,7,12-9-10-11-7,34893003.7608244047,4,,AVAILABLE
18800000000,12,7,12-9-10-11-7,34894889.7208405510,4,,AVAILABLE
18900000000,12,7,12-9-10-11-7,34896781.4662915990,4,,AVAILABLE
19000000000,12,7,12-9-10-11-7,34898673.5916020647,4,,AVAILABLE
19100000000,12,7,12-9-10-11-7,34900563.5778123066,4,,AVAILABLE
19200000000,12,7,12-9-10-11-7,34902456.0215207562,4,,AVAILABLE
19300000000,12,7,12-9-10-11-7,34904357.6198409498,4,,AVAILABLE
19400000000,12,7,12-9-10-11-7,34906260.1933469400,4,,AVAILABLE
19500000000,12,7,12-9-10-11-7,34908157.7146498412,4,,AVAILABLE
19600000000,12,7,12-9-10-11-7,34910067.8981102929,4,,AVAILABLE
19700000000,12,7,12-9-10-11-7,34911975.8616134003,4,,AVAILABLE
19800000000,12,7,12-9-10-11-7,34913882.3768771961,4,,AVAILABLE
19900000000,12,7,12-9-10-11-7,34915796.0910917819,4,,AVAILABLE
20000000000,12,7,12-9-10-11-7,34917710.2312258929,4,,AVAILABLE
20100000000,12,7,12-9-10-11-7,34919622.8312549070,4,,AVAILABLE
20200000000,12,7,12-9-10-11-7,34921544.7912222147,4,,AVAILABLE
20300000000,12,7,12-9-10-11-7,34923468.7738830820,4,,AVAILABLE
20400000000,12,7,12-9-10-11-7,34925391.1116282046,4,,AVAILABLE
20500000000,12,7,12-9-10-11-7,34927314.5608420372,4,,AVAILABLE
20600000000,12,7,12-9-10-11-7,34929246.2568666637,4,,AVAILABLE
20700000000,12,7,12-9-10-11-7,34931171.1326353624,4,,AVAILABLE
20800000000,12,7,12-9-10-11-7,34933113.8401585966,4,,AVAILABLE
20900000000,12,7,12-9-10-11-7,34935045.3211417645,4,,AVAILABLE
21000000000,12,7,12-9-10-11-7,34936985.9199916497,4,,AVAILABLE
21100000000,12,7,12-9-10-11-7,34938921.6254186407,4,,AVAILABLE
21200000000,12,7,12-9-10-11-7,34940866.7202066332,4,,AVAILABLE
21300000000,12,7,12-9-10-11-7,34942810.2447459102,4,,AVAILABLE
21400000000,12,7,12-9-10-11-7,34944758.8365730196,4,,AVAILABLE
21500000000,12,7,12-9-10-11-7,34946707.0276534855,4,,AVAILABLE
21600000000,12,7,12-9-10-11-7,34948656.7638213262,4,,AVAILABLE
21700000000,12,7,12-9-10-11-7,34950615.2749978527,4,,AVAILABLE
21800000000,12,7,12-9-10-11-7,34952568.5455610305,4,,AVAILABLE
21900000000,12,7,12-9-10-11-7,34954525.4736861065,4,,AVAILABLE
22000000000,12,7,12-9-10-11-7,34956492.3119304031,4,,AVAILABLE
22100000000,12,7,12-9-10-11-7,34958453.9021005929,4,,AVAILABLE
22200000000,12,7,12-9-10-11-7,34960421.8603380322,4,,AVAILABLE
22300000000,12,7,12-9-10-11-7,34962389.0006104186,4,,AVAILABLE
22400000000,12,7,12-9-10-11-7,34964355.6512785256,4,,AVAILABLE
22500000000,12,7,12-9-10-11-7,34966328.9788978994,4,,AVAILABLE
22600000000,12,7,12-9-10-11-7,34968305.6870995387,4,,AVAILABLE
22700000000,12,7,12-9-10-11-7,34970281.7300224081,4,,AVAILABLE
22800000000,12,7,12-9-10-11-7,34972261.9884868115,4,,AVAILABLE
22900000000,12,7,12-9-10-11-7,34974247.4774400219,4,,AVAILABLE
23000000000,12,7,12-9-10-11-7,34976224.8720248044,4,,AVAILABLE
23100000000,12,7,12-9-10-11-7,34978213.9106112048,4,,AVAILABLE
23200000000,12,7,12-9-10-11-7,34980201.5696433038,4,,AVAILABLE
23300000000,12,7,12-9-10-11-7,34982191.4061362594,4,,AVAILABLE
23400000000,12,7,12-9-10-11-7,34984184.6706282124,4,,AVAILABLE
23500000000,12,7,12-9-10-11-7,34986178.7539461330,4,,AVAILABLE
23600000000,12,7,12-9-10-11-7,34988179.6592541263,4,,AVAILABLE
23700000000,12,7,12-9-10-11-7,34990176.0060515329,4,,AVAILABLE
23800000000,12,7,12-9-10-11-7,34992180.2900755331,4,,AVAILABLE
23900000000,12,7,12-9-10-11-7,34994185.6169369444,4,,AVAILABLE
24000000000,12,7,12-9-10-11-7,34996189.0127403587,4,,AVAILABLE
24100000000,12,7,12-9-10-11-7,34998197.7192691565,4,,AVAILABLE
24200000000,12,7,12-9-10-11-7,35000213.3127418533,4,,AVAILABLE
24300000000,12,7,12-9-10-11-7,35002223.9571384117,4,,AVAILABLE
24400000000,12,7,12-9-10-11-7,35004238.2951358855,4,,AVAILABLE
24500000000,12,7,12-9-10-11-7,35006258.9638867602,4,,AVAILABLE
24600000000,12,7,12-9-10-11-7,35008276.3983755037,4,,AVAILABLE
24700000000,12,7,12-9-10-11-7,35010299.7938322872,4,,AVAILABLE
24800000000,12,7,12-9-10-11-7,35012329.3832376674,4,,AVAILABLE
24900000000,12,7,12-9-10-11-7,35014352.5157144740,4,,AVAILABLE
25000000000,12,7,12-9-10-11-7,35016382.6371355206,4,,AVAILABLE
25100000000,12,7,12-9-10-11-7,35018412.1600119472,4,,AVAILABLE
25200000000,12,7,12-9-10-11-7,35020447.4158197120,4,,AVAILABLE
25300000000,12,7,12-9-10-11-7,35022480.3844547868,4,,AVAILABLE
25400000000,12,7,12-9-10-11-7,35024522.0206121132,4,,AVAILABLE
25500000000,12,7,12-9-10-11-7,35026563.5213134438,4,,AVAILABLE
25600000000,12,7,12-9-10-11-7,35028601.2449147254,4,,AVAILABLE
25700000000,12,7,12-9-10-11-7,35030648.8679490462,4,,AVAILABLE
25800000000,12,7,12-9-10-11-7,35032694.5160511583,4,,AVAILABLE
25900000000,12,7,12-9-10-11-7,35034742.9363503233,4,,AVAILABLE
26000000000,12,7,12-9-10-11-7,35036798.4367091358,4,,AVAILABLE
26100000000,12,7,12-9-10-11-7,35038847.7048738524,4,,AVAILABLE
26200000000,12,7,12-9-10-11-7,35040903.8396465033,4,,AVAILABLE
26300000000,12,7,12-9-10-11-7,35042966.0935746804,4,,AVAILABLE
26400000000,12,7,12-9-10-11-7,35045027.5288450271,4,,AVAILABLE
26500000000,12,7,12-9-10-11-7,35047088.6992607415,4,,AVAILABLE
26600000000,12,7,12-9-10-11-7,35049149.0112017468,4,,AVAILABLE
26700000000,12,7,12-9-10-11-7,35051222.5207034722,4,,AVAILABLE
26800000000,12,7,12-9-10-11-7,35053292.4695569724,4,,AVAILABLE
26900000000,12,7,12-9-10-11-7,35055364.3438947126,4,,AVAILABLE
27000000000,12,7,12-9-10-11-7,35057436.1325265318,4,,AVAILABLE
27100000000,12,7,12-9-10-11-7,35059508.5228922367,4,,AVAILABLE
27200000000,12,7,12-9-10-11-7,35061588.0820722133,4,,AVAILABLE
27300000000,12,7,12-9-10-11-7,35063666.6654797196,4,,AVAILABLE
27400000000,12,7,12-9-10-11-7,35065747.8003796935,4,,AVAILABLE
27500000000,12,7,12-9-10-11-7,35067836.2948405445,4,,AVAILABLE
27600000000,12,7,12-9-10-11-7,35069920.8391068205,4,,AVAILABLE
27700000000,12,7,12-9-10-11-7,35072007.6541099250,4,,AVAILABLE
27800000000,12,7,12-9-10-11-7,35074102.9435064644,4,,AVAILABLE
27900000000,12,7,12-9-10-11-7,35076193.6793553382,4,,AVAILABLE
28000000000,12,7,12-9-10-11-7,35078286.4700325280,4,,AVAILABLE
28100000000,12,7,12-9-10-11-7,35080388.5638372898,4,,AVAILABLE
28200000000,12,7,12-9-10-11-7,35082488.8407542929,4,,AVAILABLE
28300000000,12,7,12-9-10-11-7,35084586.6802726239,4,,AVAILABLE
28400000000,12,7,12-9-10-11-7,35086692.0444639623,4,,AVAILABLE
28500000000,12,7,12-9-10-11-7,35088798.3527246788,4,,AVAILABLE
28600000000,12,7,12-9-10-11-7,35090906.8774878904,4,,AVAILABLE
28700000000,12,7,12-9-10-11-7,35093019.5798461512,4,,AVAILABLE
28800000000,12,7,12-9-10-11-7,35095131.2242044806,4,,AVAILABLE
28900000000,12,7,12-9-10-11-7,35097248.5753532499,4,,AVAILABLE
29000000000,12,7,12-9-10-11-7,35099364.4063243270,4,,AVAILABLE
29100000000,12,7,12-9-10-11-7,35101484.5430798456,4,,AVAILABLE
29200000000,12,7,12-9-10-11-7,35103603.0771346986,4,,AVAILABLE
29300000000,12,7,12-9-10-11-7,35105728.2816633955,4,,AVAILABLE
29400000000,12,7,12-9-10-11-7,35107850.1027443483,4,,AVAILABLE
29500000000,12,7,12-9-10-11-7,35109983.8441582844,4,,AVAILABLE
29600000000,12,7,12-9-10-11-7,35112112.3024533615,4,,AVAILABLE
29700000000,12,7,12-9-10-11-7,35114246.0157345906,4,,AVAILABLE
29800000000,12,7,12-9-10-11-7,35116377.1828177273,4,,AVAILABLE
29900000000,12,7,12-9-10-11-7,35118514.7130049616,4,,AVAILABLE
30000000000,12,7,12-9-10-11-7,35120650.5703659356,4,,AVAILABLE
30100000000,12,7,12-9-10-11-7,35122796.4751278684,4,,AVAILABLE
30200000000,12,7,12-9-10-11-7,35124937.6896529645,4,,AVAILABLE
30300000000,12,7,12-9-10-11-7,35127080.8957042024,4,,AVAILABLE
30400000000,12,7,12-9-10-11-7,35129225.2649478167,4,,AVAILABLE
30500000000,12,7,12-9-10-11-7,35131380.0743810609,4,,AVAILABLE
30600000000,12,7,12-9-10-11-7,35133531.2894907966,4,,AVAILABLE
30700000000,12,7,12-9-10-11-7,35135682.1266268790,4,,AVAILABLE
30800000000,12,7,12-9-10-11-7,35137838.4327983633,4,,AVAILABLE
30900000000,12,7,12-9-10-11-7,35140000.2114732042,4,,AVAILABLE
31000000000,12,7,12-9-10-11-7,35142156.7598875985,4,,AVAILABLE
31100000000,12,7,12-9-10-11-7,35144320.1343145818,4,,AVAILABLE
31200000000,12,7,12-9-10-11-7,35146478.2962903827,4,,AVAILABLE
31300000000,12,7,12-9-10-11-7,35148650.1289870739,4,,AVAILABLE
31400000000,12,7,12-9-10-11-7,35150816.2313534245,4,,AVAILABLE
31500000000,12,7,12-9-10-11-7,35152983.3878429532,4,,AVAILABLE
31600000000,12,7,12-9-10-11-7,35155159.9634877369,4,,AVAILABLE
31700000000,12,7,12-9-10-11-7,35157330.7290147617,4,,AVAILABLE
31800000000,12,7,12-9-10-11-7,35159506.4549276531,4,,AVAILABLE
31900000000,12,7,12-9-10-11-7,35161685.5520676672,4,,AVAILABLE
32000000000,12,7,12-9-10-11-7,35163868.7117280141,4,,AVAILABLE
32100000000,12,7,12-9-10-11-7,35166053.7146280557,4,,AVAILABLE
32200000000,12,7,12-9-10-11-7,35168237.2377314195,4,,AVAILABLE
32300000000,12,7,12-9-10-11-7,35170427.7014403567,4,,AVAILABLE
32400000000,12,7,12-9-10-11-7,35172611.9971850067,4,,AVAILABLE
32500000000,12,7,12-9-10-11-7,35174800.4035121351,4,,AVAILABLE
32600000000,12,7,12-9-10-11-7,35176995.9553942978,4,,AVAILABLE
32700000000,12,7,12-9-10-11-7,35179193.3932467923,4,,AVAILABLE
32800000000,12,7,12-9-10-11-7,35181390.4028134868,4,,AVAILABLE
32900000000,12,7,12-9-10-11-7,35183590.6179390475,4,,AVAILABLE
33000000000,12,7,12-9-10-11-7,35185790.3416508138,4,,AVAILABLE
33100000000,12,7,12-9-10-11-7,35187996.2980535924,4,,AVAILABLE
33200000000,12,7,12-9-10-11-7,35190202.2017288134,4,,AVAILABLE
33300000000,12,7,12-9-10-11-7,35192408.1356124803,4,,AVAILABLE
33400000000,12,7,12-9-10-11-7,35194617.2125730664,4,,AVAILABLE
33500000000,12,7,12-9-10-11-7,35196827.8252973408,4,,AVAILABLE
33600000000,12,7,12-9-10-11-7,35199042.4178627506,4,,AVAILABLE
33700000000,12,7,12-9-10-11-7,35201263.1185485497,4,,AVAILABLE
33800000000,12,7,12-9-10-11-7,35203479.2855249047,4,,AVAILABLE
33900000000,12,7,12-9-10-11-7,35205694.2376147881,4,,AVAILABLE
34000000000,12,7,12-9-10-11-7,35207921.5422712490,4,,AVAILABLE
34100000000,12,7,12-9-10-11-7,35210144.9338378236,4,,AVAILABLE
34200000000,12,7,12-9-10-11-7,35212368.0293360576,4,,AVAILABLE
34300000000,12,7,12-9-10-11-7,35214599.9641399309,4,,AVAILABLE
34400000000,12,7,12-9-10-11-7,35216827.9618105814,4,,AVAILABLE
34500000000,12,7,12-9-10-11-7,35219063.1817698926,4,,AVAILABLE
34600000000,12,7,12-9-10-11-7,35221296.3103828207,4,,AVAILABLE
34700000000,12,7,12-9-10-11-7,35223532.2923187613,4,,AVAILABLE
34800000000,12,7,12-9-10-11-7,35225769.6831005514,4,,AVAILABLE
34900000000,12,7,12-9-10-11-7,35228012.9706867710,4,,AVAILABLE
35000000000,12,7,12-9-10-11-7,35230251.1152265370,4,,AVAILABLE
35100000000,12,7,12-9-10-11-7,35232493.3896959350,4,,AVAILABLE
35200000000,12,7,12-9-10-11-7,35234743.4858356416,4,,AVAILABLE
35300000000,12,7,12-9-10-11-7,35236993.2564339787,4,,AVAILABLE
35400000000,12,7,12-9-10-11-7,35239243.7387097552,4,,AVAILABLE
35500000000,12,7,12-9-10-11-7,35241499.3188210800,4,,AVAILABLE
35600000000,12,7,12-9-10-11-7,35243751.3776227683,4,,AVAILABLE
35700000000,12,7,12-9-10-11-7,35246005.3895029053,4,,AVAILABLE
35800000000,12,7,12-9-10-11-7,35248270.0364045277,4,,AVAILABLE
35900000000,12,7,12-9-10-11-7,35250530.8952463046,4,,AVAILABLE
36000000000,12,7,12-9-10-11-7,35252789.7949372828,4,,AVAILABLE
36100000000,12,7,12-9-10-11-7,35255055.7911029980,4,,AVAILABLE
36200000000,12,7,12-9-10-11-7,35257318.9547112584,4,,AVAILABLE
36300000000,12,7,12-9-10-11-7,35259594.4760526717,4,,AVAILABLE
36400000000,12,7,12-9-10-11-7,35261861.0694444627,4,,AVAILABLE
36500000000,12,7,12-9-10-11-7,35264134.0338070318,4,,AVAILABLE
36600000000,12,7,12-9-10-11-7,35266410.5055101588,4,,AVAILABLE
36700000000,12,7,12-9-10-11-7,35268683.0789473802,4,,AVAILABLE
36800000000,12,7,12-9-10-11-7,35270965.7135106251,4,,AVAILABLE
36900000000,12,7,12-9-10-11-7,35273248.1742793918,4,,AVAILABLE
37000000000,12,7,12-9-10-11-7,35275526.0114118829,4,,AVAILABLE
37100000000,12,7,12-9-10-11-7,35277811.8942203447,4,,AVAILABLE
37200000000,12,7,12-9-10-11-7,35280097.9417923987,4,,AVAILABLE
37300000000,12,7,12-9-10-11-7,35282385.4513878077,4,,AVAILABLE
37400000000,12,7,12-9-10-11-7,35284676.5979271084,4,,AVAILABLE
37500000000,12,7,12-9-10-11-7,35286966.4089095294,4,,AVAILABLE
37600000000,12,7,12-9-10-11-7,35289260.9958696961,4,,AVAILABLE
37700000000,12,7,12-9-10-11-7,35291558.1237931922,4,,AVAILABLE
37800000000,12,7,12-9-10-11-7,35293859.5735707805,4,,AVAILABLE
37900000000,12,7,12-9-10-11-7,35296160.1334274113,4,,AVAILABLE
38000000000,12,7,12-9-10-11-7,35298466.9607711360,4,,AVAILABLE
38100000000,12,7,12-9-10-11-7,35300766.0655922592,4,,AVAILABLE
38200000000,12,7,12-9-10-11-7,35303072.0179831311,4,,AVAILABLE
38300000000,12,7,12-9-10-11-7,35305379.5664750412,4,,AVAILABLE
38400000000,12,7,12-9-10-11-7,35307691.8523785770,4,,AVAILABLE
38500000000,12,7,12-9-10-11-7,35310001.1419258863,4,,AVAILABLE
38600000000,12,7,12-9-10-11-7,35312318.3576865420,4,,AVAILABLE
38700000000,12,7,12-9-10-11-7,35314632.3448652625,4,,AVAILABLE
38800000000,12,7,12-9-10-11-7,35316951.9004987851,4,,AVAILABLE
38900000000,12,7,12-9-10-11-7,35319270.8168666735,4,,AVAILABLE
39000000000,12,7,12-9-10-11-7,35321597.2220489234,4,,AVAILABLE
39100000000,12,7,12-9-10-11-7,35323918.4782735333,4,,AVAILABLE
39200000000,12,7,12-9-10-11-7,35326241.1649215445,4,,AVAILABLE
39300000000,12,7,12-9-10-11-7,35328574.1963244155,4,,AVAILABLE
39400000000,12,7,12-9-10-11-7,35330900.3168907985,4,,AVAILABLE
39500000000,12,7,12-9-10-11-7,35333233.8037616014,4,,AVAILABLE
39600000000,12,7,12-9-10-11-7,35335565.4999256954,4,,AVAILABLE
39700000000,12,7,12-9-10-11-7,35337899.6822327375,4,,AVAILABLE
39800000000,12,7,12-9-10-11-7,35340240.8990311697,4,,AVAILABLE
39900000000,12,7,12-9-10-11-7,35342577.9294105768,4,,AVAILABLE
40000000000,12,7,12-9-10-11-7,35344922.3225702345,4,,AVAILABLE
40100000000,12,7,12-9-10-11-7,35347265.0956809968,4,,AVAILABLE
40200000000,12,7,12-9-10-11-7,35349606.5590406507,4,,AVAILABLE
40300000000,12,7,12-9-10-11-7,35351958.0314411297,4,,AVAILABLE
40400000000,12,7,12-9-10-11-7,35354305.8319385722,4,,AVAILABLE
40500000000,12,7,12-9-10-11-7,35356653.2924360409,4,,AVAILABLE
40600000000,12,7,12-9-10-11-7,35359007.6419932172,4,,AVAILABLE
40700000000,12,7,12-9-10-11-7,35361361.5553200766,4,,AVAILABLE
40800000000,12,7,12-9-10-11-7,35363718.5648914799,4,,AVAILABLE
40900000000,12,7,12-9-10-11-7,35366080.4454113394,4,,AVAILABLE
41000000000,12,7,12-9-10-11-7,35368442.5010899082,4,,AVAILABLE
41100000000,12,7,12-9-10-11-7,35370799.8369672969,4,,AVAILABLE
41200000000,12,7,12-9-10-11-7,35373165.0785656497,4,,AVAILABLE
41300000000,12,7,12-9-10-11-7,35375528.4397273138,4,,AVAILABLE
41400000000,12,7,12-9-10-11-7,35377897.1094198003,4,,AVAILABLE
41500000000,12,7,12-9-10-11-7,35380268.8258184940,4,,AVAILABLE
41600000000,12,7,12-9-10-11-7,35382642.8603825569,4,,AVAILABLE
41700000000,12,7,12-9-10-11-7,35385014.3150208145,4,,AVAILABLE
41800000000,12,7,12-9-10-11-7,35387391.1870176420,4,,AVAILABLE
41900000000,12,7,12-9-10-11-7,35389770.1179458126,4,,AVAILABLE
42000000000,12,7,12-9-10-11-7,35392151.2703724205,4,,AVAILABLE
42100000000,12,7,12-9-10-11-7,35394530.4334946051,4,,AVAILABLE
42200000000,12,7,12-9-10-11-7,35396913.9367915690,4,,AVAILABLE
42300000000,12,7,12-9-10-11-7,35399299.5129443482,4,,AVAILABLE
42400000000,12,7,12-9-10-11-7,35401683.5723453462,4,,AVAILABLE
42500000000,12,7,12-9-10-11-7,35404069.9978331178,4,,AVAILABLE
42600000000,12,7,12-9-10-11-7,35406460.7309796289,4,,AVAILABLE
42700000000,12,7,12-9-10-11-7,35408852.9489406422,4,,AVAILABLE
42800000000,12,7,12-9-10-11-7,35411253.2131812721,4,,AVAILABLE
42900000000,12,7,12-9-10-11-7,35413645.7929534540,4,,AVAILABLE
43000000000,12,7,12-9-10-11-7,35416044.2370654866,4,,AVAILABLE
43100000000,12,7,12-9-10-11-7,35418447.8408204094,4,,AVAILABLE
43200000000,12,7,12-9-10-11-7,35420844.0687158257,4,,AVAILABLE
43300000000,12,7,12-9-10-11-7,35423252.2056814209,4,,AVAILABLE
43400000000,12,7,12-9-10-11-7,35425658.3703366518,4,,AVAILABLE
43500000000,12,7,12-9-10-11-7,35428061.2618395761,4,,AVAILABLE
43600000000,12,7,12-9-10-11-7,35430474.5583443195,4,,AVAILABLE
43700000000,12,7,12-9-10-11-7,35432886.6438253596,4,,AVAILABLE
43800000000,12,7,12-9-10-11-7,35435295.1356361359,4,,AVAILABLE
43900000000,12,7,12-9-10-11-7,35437713.6991339922,4,,AVAILABLE
44000000000,12,7,12-9-10-11-7,35440127.1279561967,4,,AVAILABLE
44100000000,12,7,12-9-10-11-7,35442544.4117539376,4,,AVAILABLE
44200000000,12,7,12-9-10-11-7,35444969.7060925439,4,,AVAILABLE
44300000000,12,7,12-9-10-11-7,35447387.5695484504,4,,AVAILABLE
44400000000,12,7,12-9-10-11-7,35449814.9878159240,4,,AVAILABLE
44500000000,12,7,12-9-10-11-7,35452239.4755771309,4,,AVAILABLE
44600000000,12,7,12-9-10-11-7,35454671.4128691629,4,,AVAILABLE
44700000000,12,7,12-9-10-11-7,35457096.1534632221,4,,AVAILABLE
44800000000,12,7,12-9-10-11-7,35459527.9905414060,4,,AVAILABLE
44900000000,12,7,12-9-10-11-7,35461964.0208128691,4,,AVAILABLE
45000000000,12,7,12-9-10-11-7,35464396.6689867526,4,,AVAILABLE
45100000000,12,7,12-9-10-11-7,35466831.2692244276,4,,AVAILABLE
45200000000,12,7,12-9-10-11-7,35469269.9908275604,4,,AVAILABLE
45300000000,12,7,12-9-10-11-7,35471711.0728543252,4,,AVAILABLE
45400000000,12,7,12-9-10-11-7,35474158.0120649785,4,,AVAILABLE
45500000000,12,7,12-9-10-11-7,35476602.2627137378,4,,AVAILABLE
45600000000,12,7,12-9-10-11-7,35479047.0188409910,4,,AVAILABLE
45700000000,12,7,12-9-10-11-7,35481489.3347109780,4,,AVAILABLE
45800000000,12,7,12-9-10-11-7,35483939.4301046655,4,,AVAILABLE
45900000000,12,7,12-9-10-11-7,35486391.6370612904,4,,AVAILABLE
46000000000,12,7,12-9-10-11-7,35488843.6564745381,4,,AVAILABLE
46100000000,12,7,12-9-10-11-7,35491304.1170646399,4,,AVAILABLE
46200000000,12,7,12-9-10-11-7,35493755.8743237033,4,,AVAILABLE
46300000000,12,7,12-9-10-11-7,35496218.4207526818,4,,AVAILABLE
46400000000,12,7,12-9-10-11-7,35498677.3271291777,4,,AVAILABLE
46500000000,12,7,12-9-10-11-7,35501139.8158217818,4,,AVAILABLE
46600000000,12,7,12-9-10-11-7,35503599.9425769448,4,,AVAILABLE
46700000000,12,7,12-9-10-11-7,35506067.8291545212,4,,AVAILABLE
46800000000,12,7,12-9-10-11-7,35508535.5268809572,4,,AVAILABLE
46900000000,12,7,12-9-10-11-7,35511005.1855720580,4,,AVAILABLE
47000000000,12,7,12-9-10-11-7,35513479.5167687386,4,,AVAILABLE
47100000000,12,7,12-9-10-11-7,35515952.6048298478,4,,AVAILABLE
47200000000,12,7,12-9-10-11-7,35518425.3924879953,4,,AVAILABLE
47300000000,12,7,12-9-10-11-7,35520899.7196030766,4,,AVAILABLE
47400000000,12,7,12-9-10-11-7,35523376.1855442524,4,,AVAILABLE
47500000000,12,7,12-9-10-11-7,35525858.9148468301,4,,AVAILABLE
47600000000,12,7,12-9-10-11-7,35528342.2995803803,4,,AVAILABLE
47700000000,12,7,12-9-10-11-7,35530824.3526834473,4,,AVAILABLE
47800000000,12,7,12-9-10-11-7,35533312.2591912523,4,,AVAILABLE
47900000000,12,7,12-9-10-11-7,35535799.2188838646,4,,AVAILABLE
48000000000,12,7,12-9-10-11-7,35538286.4416707456,4,,AVAILABLE
48100000000,12,7,12-9-10-11-7,35540777.9409993216,4,,AVAILABLE
48200000000,12,7,12-9-10-11-7,35543269.2804537341,4,,AVAILABLE
48300000000,12,7,12-9-10-11-7,35545761.6547184885,4,,AVAILABLE
48400000000,12,7,12-9-10-11-7,35548262.6466748789,4,,AVAILABLE
48500000000,12,7,12-9-10-11-7,35550757.1883494630,4,,AVAILABLE
48600000000,12,7,12-9-10-11-7,35553257.0422053561,4,,AVAILABLE
48700000000,12,7,12-9-10-11-7,35555759.3058278635,4,,AVAILABLE
48800000000,12,7,12-9-10-11-7,35558258.3226736784,4,,AVAILABLE
48900000000,12,7,12-9-10-11-7,35560764.0341332853,4,,AVAILABLE
49000000000,12,7,12-9-10-11-7,35563273.2223373577,4,,AVAILABLE
49100000000,12,7,12-9-10-11-7,35565777.8376239985,4,,AVAILABLE
49200000000,12,7,12-9-10-11-7,35568289.7853608951,4,,AVAILABLE
49300000000,12,7,12-9-10-11-7,35570800.4040370136,4,,AVAILABLE
49400000000,12,7,12-9-10-11-7,35573313.2064298838,4,,AVAILABLE
49500000000,12,7,12-9-10-11-7,35575834.4226365313,4,,AVAILABLE
49600000000,12,7,12-9-10-11-7,35578347.6596214697,4,,AVAILABLE
49700000000,12,7,12-9-10-11-7,35580864.0657132491,4,,AVAILABLE
49800000000,12,7,12-9-10-11-7,35583385.5249440894,4,,AVAILABLE
49900000000,12,7,12-9-10-11-7,35585907.5721148103,4,,AVAILABLE
50000000000,12,7,12-9-10-11-7,35588431.7759878263,4,,AVAILABLE
50100000000,12,7,12-9-10-11-7,35590956.6114782318,4,,AVAILABLE
50200000000,12,7,12-9-10-11-7,35593486.4125780538,4,,AVAILABLE
50300000000,12,7,12-9-10-11-7,35596010.1528751180,4,,AVAILABLE
50400000000,12,7,12-9-10-11-7,35598542.0802028030,4,,AVAILABLE
50500000000,12,7,12-9-10-11-7,35601078.1510306820,4,,AVAILABLE
50600000000,12,7,12-9-10-11-7,35603614.6222931445,4,,AVAILABLE
50700000000,12,7,12-9-10-11-7,35606151.1245598570,4,,AVAILABLE
50800000000,12,7,12-9-10-11-7,35608686.7286917269,4,,AVAILABLE
50900000000,12,7,12-9-10-11-7,35611225.3646937609,4,,AVAILABLE
51000000000,12,7,12-9-10-11-7,35613770.0096760020,4,,AVAILABLE
51100000000,12,7,12-9-10-11-7,35616309.2522175014,4,,AVAILABLE
51200000000,12,7,12-9-10-11-7,35618857.8371779621,4,,AVAILABLE
51300000000,12,7,12-9-10-11-7,35621399.4352209345,4,,AVAILABLE
51400000000,12,7,12-9-10-11-7,35623949.9094842821,4,,AVAILABLE
51500000000,12,7,12-9-10-11-7,35626498.6708370671,4,,AVAILABLE
51600000000,12,7,12-9-10-11-7,35629046.6850824505,4,,AVAILABLE
51700000000,12,7,12-9-10-11-7,35631598.8979939818,4,,AVAILABLE
51800000000,12,7,12-9-10-11-7,35634151.9819592163,4,,AVAILABLE
51900000000,12,7,12-9-10-11-7,35636712.9883743003,4,,AVAILABLE
52000000000,12,7,12-9-10-11-7,35639274.0918681547,4,,AVAILABLE
52100000000,12,7,12-9-10-11-7,35641829.4276211858,4,,AVAILABLE
52200000000,12,7,12-9-10-11-7,35644388.3294204101,4,,AVAILABLE
52300000000,12,7,12-9-10-11-7,35646955.1809890941,4,,AVAILABLE
52400000000,12,7,12-9-10-11-7,35649522.6742819548,4,,AVAILABLE
52500000000,12,7,12-9-10-11-7,35652084.9146438986,4,,AVAILABLE
52600000000,12,7,12-9-10-11-7,35654657.4324302226,4,,AVAILABLE
52700000000,12,7,12-9-10-11-7,35657229.0462633520,4,,AVAILABLE
52800000000,12,7,12-9-10-11-7,35659795.3712540418,4,,AVAILABLE
52900000000,12,7,12-9-10-11-7,35662367.2197949216,4,,AVAILABLE
53000000000,12,7,12-9-10-11-7,35664940.9739674255,4,,AVAILABLE
53100000000,12,7,12-9-10-11-7,35667519.4748548716,4,,AVAILABLE
53200000000,12,7,12-9-10-11-7,35670099.6821095273,4,,AVAILABLE
53300000000,12,7,12-9-10-11-7,35672677.5613393560,4,,AVAILABLE
53400000000,12,7,12-9-10-11-7,35675260.7757680789,4,,AVAILABLE
53500000000,12,7,12-9-10-11-7,35677844.2112399265,4,,AVAILABLE
53600000000,12,7,12-9-10-11-7,35680432.4291923121,4,,AVAILABLE
53700000000,12,7,12-9-10-11-7,35683013.7277940139,4,,AVAILABLE
53800000000,12,7,12-9-10-11-7,35685603.4406705126,4,,AVAILABLE
53900000000,12,7,12-9-10-11-7,35688190.9716905579,4,,AVAILABLE
54000000000,12,7,12-9-10-11-7,35690784.6192260012,4,,AVAILABLE
54100000000,12,7,12-9-10-11-7,35693376.0645445958,4,,AVAILABLE
54200000000,12,7,12-9-10-11-7,35695971.3985410333,4,,AVAILABLE
54300000000,12,7,12-9-10-11-7,35698572.7084375843,4,,AVAILABLE
54400000000,12,7,12-9-10-11-7,35701163.6997200772,4,,AVAILABLE
54500000000,12,7,12-9-10-11-7,35703765.0489101261,4,,AVAILABLE
54600000000,12,7,12-9-10-11-7,35706372.3000839278,4,,AVAILABLE
54700000000,12,7,12-9-10-11-7,35708972.1832426563,4,,AVAILABLE
54800000000,12,7,12-9-10-11-7,35711576.7941327319,4,,AVAILABLE
54900000000,12,7,12-9-10-11-7,35714179.6097523868,4,,AVAILABLE
55000000000,12,7,12-9-10-11-7,35716792.4811254591,4,,AVAILABLE
55100000000,12,7,12-9-10-11-7,35719399.6125370115,4,,AVAILABLE
55200000000,12,7,12-9-10-11-7,35722012.9499833286,4,,AVAILABLE
55300000000,12,7,12-9-10-11-7,35724622.6771334484,4,,AVAILABLE
55400000000,12,7,12-9-10-11-7,35727240.2792984322,4,,AVAILABLE
55500000000,12,7,12-9-10-11-7,35729855.2964517176,4,,AVAILABLE
55600000000,12,7,12-9-10-11-7,35732476.9243920818,4,,AVAILABLE
55700000000,12,7,12-9-10-11-7,35735091.9487772435,4,,AVAILABLE
55800000000,12,7,12-9-10-11-7,35737714.8964209929,4,,AVAILABLE
55900000000,12,7,12-9-10-11-7,35740337.8788994625,4,,AVAILABLE
56000000000,12,7,12-9-10-11-7,35742958.0897297189,4,,AVAILABLE
56100000000,12,7,12-9-10-11-7,35745586.4307568893,4,,AVAILABLE
56200000000,12,7,12-9-10-11-7,35748215.4496679381,4,,AVAILABLE
56300000000,12,7,12-9-10-11-7,35750844.0386169329,4,,AVAILABLE
56400000000,12,7,12-9-10-11-7,35753472.4366979524,4,,AVAILABLE
56500000000,12,7,12-9-10-11-7,35756103.6594727710,4,,AVAILABLE
56600000000,12,7,12-9-10-11-7,35758739.5941960961,4,,AVAILABLE
56700000000,12,7,12-9-10-11-7,35761374.2660264224,4,,AVAILABLE
56800000000,12,7,12-9-10-11-7,35764011.5168798342,4,,AVAILABLE
56900000000,12,7,12-9-10-11-7,35766653.3322556689,4,,AVAILABLE
57000000000,12,7,12-9-10-11-7,35769289.4712169468,4,,AVAILABLE
57100000000,12,7,12-9-10-11-7,35771931.9099332914,4,,AVAILABLE
57200000000,12,7,12-9-10-11-7,35774577.1259443089,4,,AVAILABLE
57300000000,12,7,12-9-10-11-7,35777222.8931542113,4,,AVAILABLE
57400000000,12,7,12-9-10-11-7,35779868.6236792356,4,,AVAILABLE
57500000000,12,7,12-9-10-11-7,35782517.3092025518,4,,AVAILABLE
57600000000,12,7,12-9-10-11-7,35785167.0293531567,4,,AVAILABLE
57700000000,12,7,12-9-10-11-7,35787820.3303971887,4,,AVAILABLE
57800000000,12,7,12-9-10-11-7,35790469.9706763625,4,,AVAILABLE
57900000000,12,7,12-9-10-11-7,35793125.6103527620,4,,AVAILABLE
58000000000,12,7,12-9-10-11-7,35795783.4896849543,4,,AVAILABLE
58100000000,12,7,12-9-10-11-7,35798441.0237299278,4,,AVAILABLE
58200000000,12,7,12-9-10-11-7,35801099.6783143803,4,,AVAILABLE
58300000000,12,7,12-9-10-11-7,35803765.2284178510,4,,AVAILABLE
58400000000,12,7,12-9-10-11-7,35806424.9028457403,4,,AVAILABLE
58500000000,12,7,12-9-10-11-7,35809091.9836738184,4,,AVAILABLE
58600000000,12,7,12-9-10-11-7,35811754.3722763881,4,,AVAILABLE
58700000000,12,7,12-9-10-11-7,35814419.8099961728,4,,AVAILABLE
58800000000,12,7,12-9-10-11-7,35817093.1776995137,4,,AVAILABLE
58900000000,12,7,12-9-10-11-7,35819760.9707607031,4,,AVAILABLE
59000000000,12,7,12-9-10-11-7,35822434.7776647508,4,,AVAILABLE
59100000000,12,7,12-9-10-11-7,35825110.8470876440,4,,AVAILABLE
59200000000,12,7,12-9-10-11-7,35827781.2049429268,4,,AVAILABLE
59300000000,12,7,12-9-10-11-7,35830460.9553136230,4,,AVAILABLE
59400000000,12,7,12-9-10-11-7,35833133.9417016730,4,,AVAILABLE
59500000000,12,7,12-9-10-11-7,35835812.8802396059,4,,AVAILABLE
59600000000,12,7,12-9-10-11-7,35838496.0214320868,4,,AVAILABLE
59700000000,12,7,12-9-10-11-7,35841184.1010966375,4,,AVAILABLE
59800000000,12,7,12-9-10-11-7,35843866.6417977810,4,,AVAILABLE
59900000000,12,7,12-9-10-11-7,35846551.9568750113,4,,AVAILABLE
60000000000,12,7,12-9-10-11-7,35849238.2230411097,4,,AVAILABLE
60100000000,12,7,12-9-10-11-7,35851927.0145555660,4,,AVAILABLE
60200000000,12,7,12-9-10-11-7,35854619.3829025179,4,,AVAILABLE
60300000000,12,7,12-9-10-11-7,35857310.7909333631,4,,AVAILABLE
60400000000,12,7,12-9-10-11-7,35860003.9847146496,4,,AVAILABLE
60500000000,12,7,12-9-10-11-7,35862701.8446210399,4,,AVAILABLE
60600000000,12,7,12-9-10-11-7,35865394.1639325619,4,,AVAILABLE
60700000000,12,7,12-9-10-11-7,35868092.7663192451,4,,AVAILABLE
60800000000,12,7,12-9-10-11-7,35870796.5726567283,4,,AVAILABLE
60900000000,12,7,12-9-10-11-7,35873499.6890584826,4,,AVAILABLE
61000000000,12,7,12-9-10-11-7,35876201.0908448398,4,,AVAILABLE
61100000000,12,7,12-9-10-11-7,35878909.2476195991,4,,AVAILABLE
61200000000,12,7,12-9-10-11-7,35881607.3386848941,4,,AVAILABLE
61300000000,12,7,12-9-10-11-7,35884319.2613092437,4,,AVAILABLE
61400000000,12,7,12-9-10-11-7,35887029.1571195051,4,,AVAILABLE
61500000000,12,7,12-9-10-11-7,35889739.4262211919,4,,AVAILABLE
61600000000,12,7,12-9-10-11-7,35892448.5122168362,4,,AVAILABLE
61700000000,12,7,12-9-10-11-7,35895163.7850859016,4,,AVAILABLE
61800000000,12,7,12-9-10-11-7,35897876.3280719221,4,,AVAILABLE
61900000000,12,7,12-9-10-11-7,35900596.4210359678,4,,AVAILABLE
62000000000,12,7,12-9-10-11-7,35903313.1650913134,4,,AVAILABLE
62100000000,12,7,12-9-10-11-7,35906033.8016821593,4,,AVAILABLE
62200000000,12,7,12-9-10-11-7,35908757.5066311806,4,,AVAILABLE
62300000000,12,7,12-9-10-11-7,35911476.4643265978,4,,AVAILABLE
62400000000,12,7,12-9-10-11-7,35914202.8104770631,4,,AVAILABLE
62500000000,12,7,12-9-10-11-7,35916926.8310815841,4,,AVAILABLE
62600000000,12,7,12-9-10-11-7,35919654.7519329786,4,,AVAILABLE
62700000000,12,7,12-9-10-11-7,35922380.1069983765,4,,AVAILABLE
62800000000,12,7,12-9-10-11-7,35925113.3762772754,4,,AVAILABLE
62900000000,12,7,12-9-10-11-7,35927843.4977717325,4,,AVAILABLE
63000000000,12,7,12-9-10-11-7,35930580.1523751840,4,,AVAILABLE
63100000000,12,7,12-9-10-11-7,35933313.7511174604,4,,AVAILABLE
63200000000,12,7,12-9-10-11-7,35936055.2615129352,4,,AVAILABLE
63300000000,12,7,12-9-10-11-7,35938785.0684602559,4,,AVAILABLE
63400000000,12,7,12-9-10-11-7,35941527.5905207843,4,,AVAILABLE
63500000000,12,7,12-9-10-11-7,35944272.3719435483,4,,AVAILABLE
63600000000,12,7,12-9-10-11-7,35947009.7764494941,4,,AVAILABLE
63700000000,12,7,12-9-10-11-7,35949752.1033145115,4,,AVAILABLE
63800000000,12,7,12-9-10-11-7,35952497.8113719895,4,,AVAILABLE
63900000000,12,7,12-9-10-11-7,35955244.6521246433,4,,AVAILABLE
64000000000,12,7,12-9-10-11-7,35957993.7707991153,4,,AVAILABLE
64100000000,12,7,12-9-10-11-7,35960744.0816985518,4,,AVAILABLE
64200000000,12,7,12-9-10-11-7,35963492.9387581423,4,,AVAILABLE
64300000000,12,7,12-9-10-11-7,35966245.6404650584,4,,AVAILABLE
64400000000,12,7,12-9-10-11-7,35969005.1489247233,4,,AVAILABLE
64500000000,12,7,12-9-10-11-7,35971757.2806514576,4,,AVAILABLE
64600000000,12,7,12-9-10-11-7,35974515.0875793323,4,,AVAILABLE
64700000000,12,7,12-9-10-11-7,35977270.1950784400,4,,AVAILABLE
64800000000,12,7,12-9-10-11-7,35980030.4303321093,4,,AVAILABLE
64900000000,12,7,12-9-10-11-7,35982796.9697259367,4,,AVAILABLE
65000000000,12,7,12-9-10-11-7,35985559.8417576179,4,,AVAILABLE
65100000000,12,7,12-9-10-11-7,35988325.8208735287,4,,AVAILABLE
65200000000,12,7,12-9-10-11-7,35991090.5728368610,4,,AVAILABLE
65300000000,12,7,12-9-10-11-7,35993857.0693826079,4,,AVAILABLE
65400000000,12,7,12-9-10-11-7,35996621.0080777332,4,,AVAILABLE
65500000000,12,7,12-9-10-11-7,35999393.0383785963,4,,AVAILABLE
65600000000,12,7,12-9-10-11-7,36002163.8984336928,4,,AVAILABLE
65700000000,12,7,12-9-10-11-7,36004940.2283339128,4,,AVAILABLE
65800000000,12,7,12-9-10-11-7,36007716.6873774454,4,,AVAILABLE
65900000000,12,7,12-9-10-11-7,36010489.2115392536,4,,AVAILABLE
66000000000,12,7,12-9-10-11-7,36013267.2212200016,4,,AVAILABLE
66100000000,12,7,12-9-10-11-7,36016048.0693870708,4,,AVAILABLE
66200000000,12,7,12-9-10-11-7,36018828.9995267913,4,,AVAILABLE
66300000000,12,7,12-9-10-11-7,36021610.6153196394,4,,AVAILABLE
66400000000,12,7,12-9-10-11-7,36024389.3948865533,4,,AVAILABLE
66500000000,12,7,12-9-10-11-7,36027178.9764612317,4,,AVAILABLE
66600000000,12,7,12-9-10-11-7,36029961.4572208449,4,,AVAILABLE
66700000000,12,7,12-9-10-11-7,36032745.6515128165,4,,AVAILABLE
66800000000,12,7,12-9-10-11-7,36035538.0150675923,4,,AVAILABLE
66900000000,12,7,12-9-10-11-7,36038332.4070280343,4,,AVAILABLE
67000000000,12,7,12-9-10-11-7,36041119.0983554944,4,,AVAILABLE
67100000000,12,7,12-9-10-11-7,36043912.3940482140,4,,AVAILABLE
67200000000,12,7,12-9-10-11-7,36046709.4839737043,4,,AVAILABLE
67300000000,12,7,12-9-10-11-7,36049506.4467189163,4,,AVAILABLE
67400000000,12,7,12-9-10-11-7,36052301.2012637854,4,,AVAILABLE
67500000000,12,7,12-9-10-11-7,36055104.5489584431,4,,AVAILABLE
67600000000,12,7,12-9-10-11-7,36057903.7434484214,4,,AVAILABLE
67700000000,12,7,12-9-10-11-7,36060704.9519248456,4,,AVAILABLE
67800000000,12,7,12-9-10-11-7,36063506.8562782779,4,,AVAILABLE
67900000000,12,7,12-9-10-11-7,36066316.0457937792,4,,AVAILABLE
68000000000,12,7,12-9-10-11-7,36069115.4673294351,4,,AVAILABLE
68100000000,12,7,12-9-10-11-7,36071922.7772155926,4,,AVAILABLE
68200000000,12,7,12-9-10-11-7,36074738.4955644161,4,,AVAILABLE
68300000000,12,7,12-9-10-11-7,36077546.3888755739,4,,AVAILABLE
68400000000,12,7,12-9-10-11-7,36080352.6973097250,4,,AVAILABLE
68500000000,12,7,12-9-10-11-7,36083173.8814302981,4,,AVAILABLE
68600000000,12,7,12-9-10-11-7,36085987.1158093065,4,,AVAILABLE
68700000000,12,7,12-9-10-11-7,36088801.0419917107,4,,AVAILABLE
68800000000,12,7,12-9-10-11-7,36091615.8882571086,4,,AVAILABLE
68900000000,12,7,12-9-10-11-7,36094433.2999041975,4,,AVAILABLE
69000000000,12,7,12-9-10-11-7,36097260.4079618752,4,,AVAILABLE
69100000000,12,7,12-9-10-11-7,36100080.4530292451,4,,AVAILABLE
69200000000,12,7,12-9-10-11-7,36102902.7363548204,4,,AVAILABLE
69300000000,12,7,12-9-10-11-7,36105728.6123576760,4,,AVAILABLE
69400000000,12,7,12-9-10-11-7,36108553.0384206697,4,,AVAILABLE
69500000000,12,7,12-9-10-11-7,36111377.2728643194,4,,AVAILABLE
69600000000,12,7,12-9-10-11-7,36114205.1031794995,4,,AVAILABLE
69700000000,12,7,12-9-10-11-7,36117041.9444855750,4,,AVAILABLE
69800000000,12,7,12-9-10-11-7,36119870.5609202683,4,,AVAILABLE
69900000000,12,7,12-9-10-11-7,36122701.7500568107,4,,AVAILABLE
70000000000,12,7,12-9-10-11-7,36125536.7502155975,4,,AVAILABLE
70100000000,12,7,12-9-10-11-7,36128374.3235130385,4,,AVAILABLE
70200000000,12,7,12-9-10-11-7,36131209.5824681148,4,,AVAILABLE
70300000000,12,7,12-9-10-11-7,36134049.8004019931,4,,AVAILABLE
70400000000,12,7,12-9-10-11-7,36136890.1678995416,4,,AVAILABLE
70500000000,12,7,12-9-10-11-7,36139729.7676741257,4,,AVAILABLE
70600000000,12,7,12-9-10-11-7,36142568.7619724721,4,,AVAILABLE
70700000000,12,7,12-9-10-11-7,36145414.5298264921,4,,AVAILABLE
70800000000,12,7,12-9-10-11-7,36148261.1992832422,4,,AVAILABLE
70900000000,12,7,12-9-10-11-7,36151105.9016825631,4,,AVAILABLE
71000000000,12,7,12-9-10-11-7,36153954.1952754259,4,,AVAILABLE
71100000000,12,7,12-9-10-11-7,36156806.8507761881,4,,AVAILABLE
71200000000,12,7,12-9-10-11-7,36159654.3392127082,4,,AVAILABLE
71300000000,12,7,12-9-10-11-7,36162506.4383653328,4,,AVAILABLE
71400000000,12,7,12-9-10-11-7,36165356.3098793924,4,,AVAILABLE
71500000000,12,7,12-9-10-11-7,36168219.0870511457,4,,AVAILABLE
71600000000,12,7,12-9-10-11-7,36171070.2669336349,4,,AVAILABLE
71700000000,12,7,12-9-10-11-7,36173925.5458733216,4,,AVAILABLE
71800000000,12,7,12-9-10-11-7,36176788.1583668143,4,,AVAILABLE
71900000000,12,7,12-9-10-11-7,36179646.0935298353,4,,AVAILABLE
72000000000,12,7,12-9-10-11-7,36182508.9982012138,4,,AVAILABLE
72100000000,12,7,12-9-10-11-7,36185367.9714276120,4,,AVAILABLE
72200000000,12,7,12-9-10-11-7,36188232.6864612773,4,,AVAILABLE
72300000000,12,7,12-9-10-11-7,36191100.7664836347,4,,AVAILABLE
72400000000,12,7,12-9-10-11-7,36193971.8719686046,4,,AVAILABLE
72500000000,12,7,12-9-10-11-7,36196838.8287987635,4,,AVAILABLE
72600000000,12,7,12-9-10-11-7,36199701.1320960969,4,,AVAILABLE
72700000000,12,7,12-9-10-11-7,36202578.4787873104,4,,AVAILABLE
72800000000,12,7,12-9-10-11-7,36205445.5393864885,4,,AVAILABLE
72900000000,12,7,12-9-10-11-7,36208322.5842689872,4,,AVAILABLE
73000000000,12,7,12-9-10-11-7,36211198.7193849534,4,,AVAILABLE
73100000000,12,7,12-9-10-11-7,36214073.3995977715,4,,AVAILABLE
73200000000,12,7,12-9-10-11-7,36216948.4394442663,4,,AVAILABLE
73300000000,12,7,12-9-10-11-7,36219829.1904435083,4,,AVAILABLE
73400000000,12,7,12-9-10-11-7,36222708.7724247873,4,,AVAILABLE
73500000000,12,7,12-9-10-11-7,36225590.8498644009,4,,AVAILABLE
73600000000,12,7,12-9-10-11-7,36228474.3922500536,4,,AVAILABLE
73700000000,12,7,12-9-10-11-7,36231357.2690997273,4,,AVAILABLE
73800000000,12,7,12-9-10-11-7,36234243.7091177031,4,,AVAILABLE
73900000000,12,7,12-9-10-11-7,36237131.9189142808,4,,AVAILABLE
74000000000,12,7,12-9-10-11-7,36240020.7700732872,4,,AVAILABLE
74100000000,12,7,12-9-10-11-7,36242909.7810250968,4,,AVAILABLE
74200000000,12,7,12-9-10-11-7,36245800.1766474396,4,,AVAILABLE
74300000000,12,7,12-8-9-10-11-7,43382782.4785105065,5,,AVAILABLE
74400000000,12,7,12-8-9-10-11-7,43380914.2530421987,5,,AVAILABLE
74500000000,12,7,12-8-9-10-11-7,43379055.4353923202,5,,AVAILABLE
74600000000,12,7,12-8-9-10-11-7,43377196.4991526678,5,,AVAILABLE
74700000000,12,7,12-8-9-10-11-7,43375339.6180338264,5,,AVAILABLE
74800000000,12,7,12-8-9-10-11-7,43373484.6307580993,5,,AVAILABLE
74900000000,12,7,12-8-9-10-11-7,43371636.7078904957,5,,AVAILABLE
75000000000,12,7,12-8-9-10-11-7,43369783.9140183032,5,,AVAILABLE
75100000000,12,7,12-8-9-10-11-7,43367940.7686574981,5,,AVAILABLE
75200000000,12,7,12-8-9-10-11-7,43366093.9674826860,5,,AVAILABLE
75300000000,12,7,12-8-9-10-11-7,43364252.2012377530,5,,AVAILABLE
75400000000,12,7,12-8-9-10-11-7,43362417.9328132570,5,,AVAILABLE
75500000000,12,7,12-8-9-10-11-7,43360580.5323579758,5,,AVAILABLE
75600000000,12,7,12-8-9-10-11-7,43358751.0384791046,5,,AVAILABLE
75700000000,12,7,12-8-9-10-11-7,43356919.0486642793,5,,AVAILABLE
75800000000,12,7,12-8-9-10-11-7,43355089.7439376041,5,,AVAILABLE
75900000000,12,7,12-8-9-10-11-7,43353268.3574957699,5,,AVAILABLE
76000000000,12,7,12-8-9-10-11-7,43351439.0029266477,5,,AVAILABLE
76100000000,12,7,12-8-9-10-11-7,43349621.5551240817,5,,AVAILABLE
76200000000,12,7,12-8-9-10-11-7,43347808.2897279263,5,,AVAILABLE
76300000000,12,7,12-8-9-10-11-7,43345994.5479618162,5,,AVAILABLE
76400000000,12,7,12-8-9-10-11-7,43344180.2430140674,5,,AVAILABLE
76500000000,12,7,12-8-9-10-11-7,43342372.1622303352,5,,AVAILABLE
76600000000,12,7,12-8-9-10-11-7,43340568.7862029523,5,,AVAILABLE
76700000000,12,7,12-8-9-10-11-7,43338760.0583741292,5,,AVAILABLE
76800000000,12,7,12-8-9-10-11-7,43336964.9014423937,5,,AVAILABLE
76900000000,12,7,12-8-9-10-11-7,43335164.4711528048,5,,AVAILABLE
77000000000,12,7,12-8-9-10-11-7,43333371.4484008774,5,,AVAILABLE
77100000000,12,7,12-8-9-10-11-7,43331577.2164596319,5,,AVAILABLE
77200000000,12,7,12-8-9-10-11-7,43329792.5011091679,5,,AVAILABLE
77300000000,12,7,12-8-9-10-11-7,43327999.7323805094,5,,AVAILABLE
77400000000,12,7,12-8-9-10-11-7,43326215.9792539924,5,,AVAILABLE
77500000000,12,7,12-8-9-10-11-7,43324437.2386020720,5,,AVAILABLE
77600000000,12,7,12-8-9-10-11-7,43322654.4955449998,5,,AVAILABLE
77700000000,12,7,12-8-9-10-11-7,43320883.0344680920,5,,AVAILABLE
77800000000,12,7,12-8-9-10-11-7,43319108.5377825126,5,,AVAILABLE
77900000000,12,7,12-8-9-10-11-7,43317337.0019616336,5,,AVAILABLE
78000000000,12,7,12-8-9-10-11-7,43315568.0529506952,5,,AVAILABLE
78100000000,12,7,12-8-9-10-11-7,43313806.1620805934,5,,AVAILABLE
78200000000,12,7,12-8-9-10-11-7,43312041.5686533302,5,,AVAILABLE
78300000000,12,7,12-8-9-10-11-7,43310282.0159761310,5,,AVAILABLE
78400000000,12,7,12-8-9-10-11-7,43308522.7551682517,5,,AVAILABLE
78500000000,12,7,12-8-9-10-11-7,43306767.1423060670,5,,AVAILABLE
78600000000,12,7,12-8-9-10-11-7,43305017.1719120070,5,,AVAILABLE
78700000000,12,7,12-8-9-10-11-7,43303271.4937843755,5,,AVAILABLE
78800000000,12,7,12-8-9-10-11-7,43301527.3934298381,5,,AVAILABLE
78900000000,12,7,12-8-9-10-11-7,43299783.9285932630,5,,AVAILABLE
79000000000,12,7,12-8-9-10-11-7,43298038.1109400764,5,,AVAILABLE
79100000000,12,7,12-8-9-10-11-7,43296301.3614276052,5,,AVAILABLE
79200000000,12,7,12-8-9-10-11-7,43294564.6437965930,5,,AVAILABLE
79300000000,12,7,12-8-9-10-11-7,43292833.4318971708,5,,AVAILABLE
79400000000,12,7,12-8-9-10-11-7,43291103.8378841579,5,,AVAILABLE
79500000000,12,7,12-8-9-10-11-7,43289379.2740100101,5,,AVAILABLE
79600000000,12,7,12-8-9-10-11-7,43287650.3146418482,5,,AVAILABLE
79700000000,12,7,12-8-9-10-11-7,43285927.9546698406,5,,AVAILABLE
79800000000,12,7,12-8-9-10-11-7,43284212.9704455137,5,,AVAILABLE
79900000000,12,7,12-8-9-10-11-7,43282497.4724669978,5,,AVAILABLE
80000000000,12,7,12-8-9-10-11-7,43280785.5947607756,5,,AVAILABLE
80100000000,12,7,12-8-9-10-11-7,43279072.3006461486,5,,AVAILABLE
80200000000,12,7,12-8-9-10-11-7,43277360.8511569425,5,,AVAILABLE
80300000000,12,7,12-8-9-10-11-7,43275659.9528308064,5,,AVAILABLE
80400000000,12,7,12-8-9-10-11-7,43273956.2596335933,5,,AVAILABLE
80500000000,12,7,12-8-9-10-11-7,43272261.5779755786,5,,AVAILABLE
80600000000,12,7,12-8-9-10-11-7,43270564.8510934189,5,,AVAILABLE
80700000000,12,7,12-8-9-10-11-7,43268870.7710413635,5,,AVAILABLE
80800000000,12,7,12-8-9-10-11-7,43267176.5680897534,5,,AVAILABLE
80900000000,12,7,12-8-9-10-11-7,43265487.8377147615,5,,AVAILABLE
81000000000,12,7,12-8-9-10-11-7,43263801.2184576839,5,,AVAILABLE
81100000000,12,7,12-8-9-10-11-7,43262116.9444830343,5,,AVAILABLE
81200000000,12,7,12-8-9-10-11-7,43260443.3825330213,5,,AVAILABLE
81300000000,12,7,12-8-9-10-11-7,43258765.3119215891,5,,AVAILABLE
81400000000,12,7,12-8-9-10-11-7,43257089.0619148761,5,,AVAILABLE
81500000000,12,7,12-8-9-10-11-7,43255420.2900047898,5,,AVAILABLE
81600000000,12,7,12-8-9-10-11-7,43253747.5523042008,5,,AVAILABLE
81700000000,12,7,12-8-9-10-11-7,43252081.6223621443,5,,AVAILABLE
81800000000,12,7,12-8-9-10-11-7,43250417.3153591827,5,,AVAILABLE
81900000000,12,7,12-8-9-10-11-7,43248755.4483171552,5,,AVAILABLE
82000000000,12,7,12-8-9-10-11-7,43247106.0219060034,5,,AVAILABLE
82100000000,12,7,12-8-9-10-11-7,43245447.8869555742,5,,AVAILABLE
82200000000,12,7,12-8-9-10-11-7,43243789.3287409469,5,,AVAILABLE
82300000000,12,7,12-8-9-10-11-7,43242146.4105748832,5,,AVAILABLE
82400000000,12,7,12-8-9-10-11-7,43240499.7845895067,5,,AVAILABLE
82500000000,12,7,12-8-9-10-11-7,43238851.9107840508,5,,AVAILABLE
82600000000,12,7,12-8-9-10-11-7,43237214.1928573623,5,,AVAILABLE
82700000000,12,7,12-8-9-10-11-7,43235575.5802994370,5,,AVAILABLE
82800000000,12,7,12-8-9-10-11-7,43233940.5468280762,5,,AVAILABLE
82900000000,12,7,12-8-9-10-11-7,43232303.1050503254,5,,AVAILABLE
83000000000,12,7,12-8-9-10-11-7,43230683.8603152707,5,,AVAILABLE
83100000000,12,7,12-8-9-10-11-7,43229051.9750521630,5,,AVAILABLE
83200000000,12,7,12-8-9-10-11-7,43227431.6456431970,5,,AVAILABLE
83300000000,12,7,12-8-9-10-11-7,43225805.7352851853,5,,AVAILABLE
83400000000,12,7,12-8-9-10-11-7,43224185.7313628942,5,,AVAILABLE
83500000000,12,7,12-8-9-10-11-7,43222574.7967472896,5,,AVAILABLE
83600000000,12,7,12-8-9-10-11-7,43220959.2529295087,5,,AVAILABLE
83700000000,12,7,12-8-9-10-11-7,43219348.4102726802,5,,AVAILABLE
83800000000,12,7,12-8-9-10-11-7,43217740.5662285537,5,,AVAILABLE
83900000000,12,7,12-8-9-10-11-7,43216135.3437201455,5,,AVAILABLE
84000000000,12,7,12-8-9-10-11-7,43214537.0388124958,5,,AVAILABLE
84100000000,12,7,12-8-9-10-11-7,43212941.1355591640,5,,AVAILABLE
84200000000,12,7,12-8-9-10-11-7,43211344.3758261129,5,,AVAILABLE
84300000000,12,7,12-8-9-10-11-7,43209753.0875830427,5,,AVAILABLE
84400000000,12,7,12-8-9-10-11-7,43208165.2098649964,5,,AVAILABLE
84500000000,12,7,12-8-9-10-11-7,43206578.1447020397,5,,AVAILABLE
84600000000,12,7,12-8-9-10-11-7,43204991.9663374126,5,,AVAILABLE
84700000000,12,7,12-8-9-10-11-7,43203403.7283200473,5,,AVAILABLE
84800000000,12,7,12-8-9-10-11-7,43201826.2866113931,5,,AVAILABLE
84900000000,12,7,12-8-9-10-11-7,43200251.9886714742,5,,AVAILABLE
85000000000,12,7,12-8-9-10-11-7,43198682.4791135639,5,,AVAILABLE
85100000000,12,7,12-8-9-10-11-7,43197110.0648222715,5,,AVAILABLE
85200000000,12,7,12-8-9-10-11-7,43195540.9381468073,5,,AVAILABLE
85300000000,12,7,12-8-9-10-11-7,43193978.4368798435,5,,AVAILABLE
85400000000,12,7,12-8-9-10-11-7,43192415.3561136946,5,,AVAILABLE
85500000000,12,7,12-8-9-10-11-7,43190858.3085687235,5,,AVAILABLE
85600000000,12,7,12-8-9-10-11-7,43189301.6595088989,5,,AVAILABLE
85700000000,12,7,12-8-9-10-11-7,43187744.4345990047,5,,AVAILABLE
85800000000,12,7,12-8-9-10-11-7,43186198.1851715818,5,,AVAILABLE
85900000000,12,7,12-8-9-10-11-7,43184646.0464685559,5,,AVAILABLE
86000000000,12,7,12-8-9-10-11-7,43183105.0931252018,5,,AVAILABLE
86100000000,12,7,12-8-9-10-11-7,43181567.2879856303,5,,AVAILABLE
86200000000,12,7,12-8-9-10-11-7,43180023.6996956319,5,,AVAILABLE
86300000000,12,7,12-8-9-10-11-7,43178488.4650263712,5,,AVAILABLE
86400000000,12,7,12-8-9-10-11-7,43176954.7979377136,5,,AVAILABLE
86500000000,12,7,12-8-9-10-11-7,43175425.2112290412,5,,AVAILABLE
86600000000,12,7,12-8-9-10-11-7,43173900.7002979741,5,,AVAILABLE
86700000000,12,7,12-8-9-10-11-7,43172376.4848883599,5,,AVAILABLE
86800000000,12,7,12-8-9-10-11-7,43170856.9069390073,5,,AVAILABLE
86900000000,12,7,12-8-9-10-11-7,43169332.1880192831,5,,AVAILABLE
87000000000,12,7,12-8-9-10-11-7,43167816.2848330736,5,,AVAILABLE
87100000000,12,7,12-8-9-10-11-7,43166305.2591507509,5,,AVAILABLE
87200000000,12,7,12-8-9-10-11-7,43164795.0976424813,5,,AVAILABLE
87300000000,12,7,12-8-9-10-11-7,43163286.1261769533,5,,AVAILABLE
87400000000,12,7,12-8-9-10-11-7,43161782.5765326470,5,,AVAILABLE
87500000000,12,7,12-8-9-10-11-7,43160282.4127477780,5,,AVAILABLE
87600000000,12,7,12-8-9-10-11-7,43158787.5710004866,5,,AVAILABLE
87700000000,12,7,12-8-9-10-11-7,43157289.4638614953,5,,AVAILABLE
87800000000,12,7,12-8-9-10-11-7,43155797.8764528632,5,,AVAILABLE
87900000000,12,7,12-8-9-10-11-7,43154304.8258638009,5,,AVAILABLE
88000000000,12,7,12-8-9-10-11-7,43152816.9753602445,5,,AVAILABLE
88100000000,12,7,12-8-9-10-11-7,43151335.5352333635,5,,AVAILABLE
88200000000,12,7,12-8-9-10-11-7,43149854.3253166974,5,,AVAILABLE
88300000000,12,7,12-8-9-10-11-7,43148377.5668086857,5,,AVAILABLE
88400000000,12,7,12-8-9-10-11-7,43146903.4757431075,5,,AVAILABLE
88500000000,12,7,12-8-9-10-11-7,43145429.6429829672,5,,AVAILABLE
88600000000,12,7,12-8-9-10-11-7,43143960.1938296929,5,,AVAILABLE
88700000000,12,7,12-8-9-10-11-7,43142494.4803665429,5,,AVAILABLE
88800000000,12,7,12-8-9-10-11-7,43141026.7170857564,5,,AVAILABLE
88900000000,12,7,12-8-9-10-11-7,43139565.1032967940,5,,AVAILABLE
89000000000,12,7,12-8-9-10-11-7,43138107.6107742861,5,,AVAILABLE
89100000000,12,7,12-8-9-10-11-7,43136656.8456341252,5,,AVAILABLE
89200000000,12,7,12-8-9-10-11-7,43135205.3371381238,5,,AVAILABLE
89300000000,12,7,12-8-9-10-11-7,43133754.0753538534,5,,AVAILABLE
89400000000,12,7,12-8-9-10-11-7,43132311.1871290654,5,,AVAILABLE
89500000000,12,7,12-8-9-10-11-7,43130858.8273849264,5,,AVAILABLE
89600000000,12,7,12-8-9-10-11-7,43129427.3088380918,5,,AVAILABLE
89700000000,12,7,12-8-9-10-11-7,43127990.4211117327,5,,AVAILABLE
89800000000,12,7,12-8-9-10-11-7,43126557.6989469230,5,,AVAILABLE
89900000000,12,7,12-8-9-10-11-7,43125120.4637260586,5,,AVAILABLE
90000000000,12,7,12-8-9-10-11-7,43123691.4758827314,5,,AVAILABLE
90100000000,12,7,12-8-9-10-11-7,43122266.1170781925,5,,AVAILABLE
90200000000,12,7,12-8-9-10-11-7,43120841.6296176836,5,,AVAILABLE
90300000000,12,7,12-8-9-10-11-7,43119426.4663924724,5,,AVAILABLE
90400000000,12,7,12-8-9-10-11-7,43118011.8752448857,5,,AVAILABLE
90500000000,12,7,12-8-9-10-11-7,43116591.8612609133,5,,AVAILABLE
90600000000,12,7,12-8-9-10-11-7,43115183.6732271910,5,,AVAILABLE
90700000000,12,7,12-8-9-10-11-7,43113777.9216766357,5,,AVAILABLE
90800000000,12,7,12-8-9-10-11-7,43112366.9731817171,5,,AVAILABLE
90900000000,12,7,12-8-9-10-11-7,43110966.1110323817,5,,AVAILABLE
91000000000,12,7,12-8-9-10-11-7,43109572.0366297662,5,,AVAILABLE
91100000000,12,7,12-8-9-10-11-7,43108173.4124710336,5,,AVAILABLE
91200000000,12,7,12-8-9-10-11-7,43106781.0388520434,5,,AVAILABLE
91300000000,12,7,12-8-9-10-11-7,43105390.5438938662,5,,AVAILABLE
91400000000,12,7,12-8-9-10-11-7,43103999.1528321728,5,,AVAILABLE
91500000000,12,7,12-8-9-10-11-7,43102618.9793455526,5,,AVAILABLE
91600000000,12,7,12-8-9-10-11-7,43101238.5444895178,5,,AVAILABLE
91700000000,12,7,12-8-9-10-11-7,43099856.1572989747,5,,AVAILABLE
91800000000,12,7,12-8-9-10-11-7,43098480.6459056064,5,,AVAILABLE
91900000000,12,7,12-8-9-10-11-7,43097108.5337303057,5,,AVAILABLE
92000000000,12,7,12-8-9-10-11-7,43095738.3487372920,5,,AVAILABLE
92100000000,12,7,12-8-9-10-11-7,43094375.0286494046,5,,AVAILABLE
92200000000,12,7,12-8-9-10-11-7,43093011.2503018230,5,,AVAILABLE
92300000000,12,7,12-8-9-10-11-7,43091645.7424874231,5,,AVAILABLE
92400000000,12,7,12-8-9-10-11-7,43090286.8764402941,5,,AVAILABLE
92500000000,12,7,12-8-9-10-11-7,43088936.6493337229,5,,AVAILABLE
92600000000,12,7,12-8-9-10-11-7,43087582.9752951562,5,,AVAILABLE
92700000000,12,7,12-8-9-10-11-7,43086231.9952602834,5,,AVAILABLE
92800000000,12,7,12-8-9-10-11-7,43084890.0851010680,5,,AVAILABLE
92900000000,12,7,12-8-9-10-11-7,43083545.0951329097,5,,AVAILABLE
93000000000,12,7,12-8-9-10-11-7,43082206.0050969049,5,,AVAILABLE
93100000000,12,7,12-8-9-10-11-7,43080868.3496067971,5,,AVAILABLE
93200000000,12,7,12-8-9-10-11-7,43079532.2304517627,5,,AVAILABLE
93300000000,12,7,12-8-9-10-11-7,43078205.8670634478,5,,AVAILABLE
93400000000,12,7,12-8-9-10-11-7,43076876.2715010494,5,,AVAILABLE
93500000000,12,7,12-8-9-10-11-7,43075550.4824208319,5,,AVAILABLE
93600000000,12,7,12-8-9-10-11-7,43074228.5502068549,5,,AVAILABLE
93700000000,12,7,12-8-9-10-11-7,43072907.6649679914,5,,AVAILABLE
93800000000,12,7,12-8-9-10-11-7,43071589.0087641180,5,,AVAILABLE
93900000000,12,7,12-8-9-10-11-7,43070280.3753091171,5,,AVAILABLE
94000000000,12,7,12-8-9-10-11-7,43068968.4660415053,5,,AVAILABLE
94100000000,12,7,12-8-9-10-11-7,43067659.9058336243,5,,AVAILABLE
94200000000,12,7,12-8-9-10-11-7,43066358.1795599163,5,,AVAILABLE
94300000000,12,7,12-8-9-10-11-7,43065057.1067150831,5,,AVAILABLE
94400000000,12,7,12-8-9-10-11-7,43063757.0985718518,5,,AVAILABLE
94500000000,12,7,12-8-9-10-11-7,43062465.2269658744,5,,AVAILABLE
94600000000,12,7,12-8-9-10-11-7,43061165.6777385101,5,,AVAILABLE
94700000000,12,7,12-8-9-10-11-7,43059883.5750876144,5,,AVAILABLE
94800000000,12,7,12-8-9-10-11-7,43058597.7463856190,5,,AVAILABLE
94900000000,12,7,12-8-9-10-11-7,43057306.2647805139,5,,AVAILABLE
95000000000,12,7,12-8-9-10-11-7,43056033.8319175392,5,,AVAILABLE
95100000000,12,7,12-8-9-10-11-7,43054755.3585723415,5,,AVAILABLE
95200000000,12,7,12-8-9-10-11-7,43053477.0752234682,5,,AVAILABLE
95300000000,12,7,12-8-9-10-11-7,43052210.9331531078,5,,AVAILABLE
95400000000,12,7,12-8-9-10-11-7,43050941.7588018775,5,,AVAILABLE
95500000000,12,7,12-8-9-10-11-7,43049675.6807099953,5,,AVAILABLE
95600000000,12,7,12-8-9-10-11-7,43048412.9192406982,5,,AVAILABLE
95700000000,12,7,12-8-9-10-11-7,43047156.6212311313,5,,AVAILABLE
95800000000,12,7,12-8-9-10-11-7,43045897.6778815240,5,,AVAILABLE
95900000000,12,7,12-8-9-10-11-7,43044643.4613106772,5,,AVAILABLE
96000000000,12,7,12-8-9-10-11-7,43043392.6905716956,5,,AVAILABLE
96100000000,12,7,12-8-9-10-11-7,43042144.2565288842,5,,AVAILABLE
96200000000,12,7,12-8-9-10-11-7,43040905.9225925654,5,,AVAILABLE
96300000000,12,7,12-8-9-10-11-7,43039662.3849724755,5,,AVAILABLE
96400000000,12,7,12-8-9-10-11-7,43038422.8049007878,5,,AVAILABLE
96500000000,12,7,12-8-9-10-11-7,43037194.1799333021,5,,AVAILABLE
96600000000,12,7,12-8-9-10-11-7,43035959.5292337686,5,,AVAILABLE
96700000000,12,7,12-8-9-10-11-7,43034731.6228632852,5,,AVAILABLE
96800000000,12,7,12-8-9-10-11-7,43033506.3280381337,5,,AVAILABLE
96900000000,12,7,12-8-9-10-11-7,43032281.9765544906,5,,AVAILABLE
97000000000,12,7,12-8-9-10-11-7,43031062.5849952549,5,,AVAILABLE
97100000000,12,7,12-8-9-10-11-7,43029842.8249904811,5,,AVAILABLE
97200000000,12,7,12-8-9-10-11-7,43028630.7470928058,5,,AVAILABLE
97300000000,12,7,12-8-9-10-11-7,43027417.4020911157,5,,AVAILABLE
97400000000,12,7,12-8-9-10-11-7,43026208.6181277186,5,,AVAILABLE
97500000000,12,7,12-8-9-10-11-7,43025014.2913050875,5,,AVAILABLE
97600000000,12,7,12-8-9-10-11-7,43023808.9595445246,5,,AVAILABLE
97700000000,12,7,12-8-9-10-11-7,43022608.0281325132,5,,AVAILABLE
97800000000,12,7,12-8-9-10-11-7,43021416.5048379377,5,,AVAILABLE
97900000000,12,7,12-8-9-10-11-7,43020218.8352979422,5,,AVAILABLE
98000000000,12,7,12-8-9-10-11-7,43019032.8795027435,5,,AVAILABLE
98100000000,12,7,12-8-9-10-11-7,43017845.9241026267,5,,AVAILABLE
98200000000,12,7,12-8-9-10-11-7,43016664.3019307330,5,,AVAILABLE
98300000000,12,7,12-8-9-10-11-7,43015480.0364089981,5,,AVAILABLE
98400000000,12,7,12-8-9-10-11-7,43014303.7585306093,5,,AVAILABLE
98500000000,12,7,12-8-9-10-11-7,43013130.7244115919,5,,AVAILABLE
98600000000,12,7,12-8-9-10-11-7,43011958.3633055538,5,,AVAILABLE
98700000000,12,7,12-8-9-10-11-7,43010789.7244774327,5,,AVAILABLE
98800000000,12,7,12-8-9-10-11-7,43009630.0728536770,5,,AVAILABLE
98900000000,12,7,12-8-9-10-11-7,43008461.9286321774,5,,AVAILABLE
99000000000,12,7,12-8-9-10-11-7,43007305.1399874464,5,,AVAILABLE
99100000000,12,7,12-8-9-10-11-7,43006149.0558754876,5,,AVAILABLE
99200000000,12,7,12-8-9-10-11-7,43005001.3685415164,5,,AVAILABLE
99300000000,12,7,12-8-9-10-11-7,43003843.5494447649,5,,AVAILABLE
99400000000,12,7,12-8-9-10-11-7,43002698.8922153264,5,,AVAILABLE
99500000000,12,7,12-8-9-10-11-7,43001556.9749148786,5,,AVAILABLE
99600000000,12,7,12-8-9-10-11-7,43000414.8832148090,5,,AVAILABLE
99700000000,12,7,12-8-9-10-11-7,42999282.7500373498,5,,AVAILABLE
99800000000,12,7,12-8-9-10-11-7,42998142.8598295003,5,,AVAILABLE
99900000000,12,7,12-8-9-10-11-7,42997013.2821833193,5,,AVAILABLE
100000000000,12,7,12-8-9-10-11-7,42995887.4650943503,5,,AVAILABLE
100100000000,12,7,12-8-9-10-11-7,42994757.3010204881,5,,AVAILABLE
100200000000,12,7,12-8-9-10-11-7,42993639.2346841842,5,,AVAILABLE
100300000000,12,7,12-8-9-10-11-7,42992514.8326931670,5,,AVAILABLE
100400000000,12,7,12-8-9-10-11-7,42991408.7410765886,5,,AVAILABLE
100500000000,12,7,12-8-9-10-11-7,42990287.8996738866,5,,AVAILABLE
100600000000,12,7,12-8-9-10-11-7,42989178.9430894181,5,,AVAILABLE
100700000000,12,7,12-8-9-10-11-7,42988077.9866098538,5,,AVAILABLE
100800000000,12,7,12-8-9-10-11-7,42986967.8763030618,5,,AVAILABLE
100900000000,12,7,12-8-9-10-11-7,42985873.5776350200,5,,AVAILABLE
101000000000,12,7,12-8-9-10-11-7,42984772.7696037367,5,,AVAILABLE
101100000000,12,7,12-8-9-10-11-7,42983677.6595219448,5,,AVAILABLE
101200000000,12,7,12-8-9-10-11-7,42982588.0342840701,5,,AVAILABLE
101300000000,12,7,12-8-9-10-11-7,42981501.7410107329,5,,AVAILABLE
101400000000,12,7,12-8-9-10-11-7,42980416.4725782424,5,,AVAILABLE
101500000000,12,7,12-8-9-10-11-7,42979334.1855109110,5,,AVAILABLE
101600000000,12,7,12-8-9-10-11-7,42978253.2785002887,5,,AVAILABLE
101700000000,12,7,12-8-9-10-11-7,42977182.3787904009,5,,AVAILABLE
101800000000,12,7,12-8-9-10-11-7,42976105.4446398839,5,,AVAILABLE
101900000000,12,7,12-8-9-10-11-7,42975035.3586298451,5,,AVAILABLE
102000000000,12,7,12-8-9-10-11-7,42973966.1977911368,5,,AVAILABLE
102100000000,12,7,12-8-9-10-11-7,42972905.3436165676,5,,AVAILABLE
102200000000,12,7,12-8-9-10-11-7,42971843.6844394132,5,,AVAILABLE
102300000000,12,7,12-8-9-10-11-7,42970788.8368026018,5,,AVAILABLE
102400000000,12,7,12-8-9-10-11-7,42969729.3137917742,5,,AVAILABLE
102500000000,12,7,12-8-9-10-11-7,42968680.9021554887,5,,AVAILABLE
102600000000,12,7,12-8-9-10-11-7,42967634.7993122712,5,,AVAILABLE
102700000000,12,7,12-8-9-10-11-7,42966589.5913261697,5,,AVAILABLE
102800000000,12,7,12-8-9-10-11-7,42965544.0631512403,5,,AVAILABLE
102900000000,12,7,12-8-9-10-11-7,42964508.4888294190,5,,AVAILABLE
103000000000,12,7,12-8-9-10-11-7,42963472.3909090385,5,,AVAILABLE
103100000000,12,7,12-8-9-10-11-7,42962443.2200559750,5,,AVAILABLE
103200000000,12,7,12-8-9-10-11-7,42961413.8412253335,5,,AVAILABLE
103300000000,12,7,12-8-9-10-11-7,42960389.4709538594,5,,AVAILABLE
103400000000,12,7,12-8-9-10-11-7,42959364.3628361672,5,,AVAILABLE
103500000000,12,7,12-8-9-10-11-7,42958341.0573757887,5,,AVAILABLE
103600000000,12,7,12-8-9-10-11-7,42957329.1209223270,5,,AVAILABLE
103700000000,12,7,12-8-9-10-11-7,42956316.0848974213,5,,AVAILABLE
103800000000,12,7,12-8-9-10-11-7,42955305.9726034552,5,,AVAILABLE
103900000000,12,7,12-8-9-10-11-7,42954296.5301657170,5,,AVAILABLE
104000000000,12,7,12-8-9-10-11-7,42953290.4914151132,5,,AVAILABLE
104100000000,12,7,12-8-9-10-11-7,42952294.0976626277,5,,AVAILABLE
104200000000,12,7,12-8-9-10-11-7,42951292.9979613870,5,,AVAILABLE
104300000000,12,7,12-8-9-10-11-7,42950300.5967563391,5,,AVAILABLE
104400000000,12,7,12-8-9-10-11-7,42949310.4476468191,5,,AVAILABLE
104500000000,12,7,12-8-9-10-11-7,42948318.2315465510,5,,AVAILABLE
104600000000,12,7,12-8-9-10-11-7,42947333.5019158572,5,,AVAILABLE
104700000000,12,7,12-8-9-10-11-7,42946348.2764232233,5,,AVAILABLE
104800000000,12,7,12-8-9-10-11-7,42945371.7320743054,5,,AVAILABLE
104900000000,12,7,12-8-9-10-11-7,42944395.0679022670,5,,AVAILABLE
105000000000,12,7,12-8-9-10-11-7,42943423.8509728312,5,,AVAILABLE
105100000000,12,7,12-8-9-10-11-7,42942449.8241840526,5,,AVAILABLE
105200000000,12,7,12-8-9-10-11-7,42941488.8465739489,5,,AVAILABLE
105300000000,12,7,12-8-9-10-11-7,42940521.1710596457,5,,AVAILABLE
105400000000,12,7,12-8-9-10-11-7,42939558.0200699344,5,,AVAILABLE
105500000000,12,7,12-8-9-10-11-7,42938604.8956591263,5,,AVAILABLE
105600000000,12,7,12-8-9-10-11-7,42937648.6543503180,5,,AVAILABLE
105700000000,12,7,12-8-9-10-11-7,42936701.8687504977,5,,AVAILABLE
105800000000,12,7,12-8-9-10-11-7,42935754.3482582122,5,,AVAILABLE
105900000000,12,7,12-8-9-10-11-7,42934805.8932944983,5,,AVAILABLE
106000000000,12,7,12-8-9-10-11-7,42933866.2277419195,5,,AVAILABLE
106100000000,12,7,12-8-9-10-11-7,42932925.3680740297,5,,AVAILABLE
106200000000,12,7,12-8-9-10-11-7,42931992.7038632706,5,,AVAILABLE
106300000000,12,7,12-8-9-10-11-7,42931058.1871705502,5,,AVAILABLE
106400000000,12,7,12-8-9-10-11-7,42930129.9251450375,5,,AVAILABLE
106500000000,12,7,12-8-9-10-11-7,42929200.6073028892,5,,AVAILABLE
106600000000,12,7,12-8-9-10-11-7,42928278.6957435161,5,,AVAILABLE
106700000000,12,7,12-8-9-10-11-7,42927364.4392934144,5,,AVAILABLE
106800000000,12,7,12-8-9-10-11-7,42926448.9349192083,5,,AVAILABLE
106900000000,12,7,12-8-9-10-11-7,42925528.3089717925,5,,AVAILABLE
107000000000,12,7,12-8-9-10-11-7,42924619.2252443805,5,,AVAILABLE
107100000000,12,7,12-8-9-10-11-7,42923716.1819736809,5,,AVAILABLE
107200000000,12,7,12-8-9-10-11-7,42922813.5306662247,5,,AVAILABLE
107300000000,12,7,12-8-9-10-11-7,42921912.6318853125,5,,AVAILABLE
107400000000,12,7,12-8-9-10-11-7,42921014.7610959336,5,,AVAILABLE
107500000000,12,7,12-8-9-10-11-7,42920119.6328965649,5,,AVAILABLE
107600000000,12,7,12-8-9-10-11-7,42919229.8372646570,5,,AVAILABLE
107700000000,12,7,12-8-9-10-11-7,42918341.8244331554,5,,AVAILABLE
107800000000,12,7,12-8-9-10-11-7,42917450.6622486487,5,,AVAILABLE
107900000000,12,7,12-8-9-10-11-7,42916571.7774749696,5,,AVAILABLE
108000000000,12,7,12-8-9-10-11-7,42915694.7020736262,5,,AVAILABLE
108100000000,12,7,12-8-9-10-11-7,42914818.3814752027,5,,AVAILABLE
108200000000,12,7,12-8-9-10-11-7,42913943.9074224681,5,,AVAILABLE
108300000000,12,7,12-8-9-10-11-7,42913079.0028000474,5,,AVAILABLE
108400000000,12,7,12-8-9-10-11-7,42912212.5929324627,5,,AVAILABLE
108500000000,12,7,12-8-9-10-11-7,42911343.6910992637,5,,AVAILABLE
108600000000,12,7,12-8-9-10-11-7,42910488.6925658733,5,,AVAILABLE
108700000000,12,7,12-8-9-10-11-7,42909629.1866695359,5,,AVAILABLE
108800000000,12,7,12-8-9-10-11-7,42908778.2285891399,5,,AVAILABLE
108900000000,12,7,12-8-9-10-11-7,42907931.3806980401,5,,AVAILABLE
109000000000,12,7,12-8-9-10-11-7,42907078.7656778917,5,,AVAILABLE
109100000000,12,7,12-8-9-10-11-7,42906242.3631226867,5,,AVAILABLE
109200000000,12,7,12-8-9-10-11-7,42905401.7336104065,5,,AVAILABLE
109300000000,12,7,12-8-9-10-11-7,42904558.5535717681,5,,AVAILABLE
109400000000,12,7,12-8-9-10-11-7,42903729.0454512388,5,,AVAILABLE
109500000000,12,7,12-8-9-10-11-7,42902895.7762584463,5,,AVAILABLE
109600000000,12,7,12-8-9-10-11-7,42902070.0714382380,5,,AVAILABLE
109700000000,12,7,12-8-9-10-11-7,42901244.1277791485,5,,AVAILABLE
109800000000,12,7,12-8-9-10-11-7,42900425.9525023326,5,,AVAILABLE
109900000000,12,7,12-8-9-10-11-7,42899604.6443075463,5,,AVAILABLE
110000000000,12,7,12-8-9-10-11-7,42898783.1769468561,5,,AVAILABLE
110100000000,12,7,12-8-9-10-11-7,42897975.5156199858,5,,AVAILABLE
110200000000,12,7,12-8-9-10-11-7,42897165.3852327317,5,,AVAILABLE
110300000000,12,7,12-8-9-10-11-7,42896362.5051720366,5,,AVAILABLE
110400000000,12,7,12-8-9-10-11-7,42895558.1503658742,5,,AVAILABLE
110500000000,12,7,12-8-9-10-11-7,42894757.9098513573,5,,AVAILABLE
110600000000,12,7,12-8-9-10-11-7,42893963.7723544613,5,,AVAILABLE
110700000000,12,7,12-8-9-10-11-7,42893171.4480452612,5,,AVAILABLE
110800000000,12,7,12-8-9-10-11-7,42892381.0503116846,5,,AVAILABLE
110900000000,12,7,12-8-9-10-11-7,42891597.8926879764,5,,AVAILABLE
111000000000,12,7,12-8-9-10-11-7,42890811.8374003917,5,,AVAILABLE
111100000000,12,7,12-8-9-10-11-7,42890038.4959610105,5,,AVAILABLE
111200000000,12,7,12-8-9-10-11-7,42889255.8903248534,5,,AVAILABLE
111300000000,12,7,12-8-9-10-11-7,42888481.3449873999,5,,AVAILABLE
111400000000,12,7,12-8-9-10-11-7,42887716.2218489945,5,,AVAILABLE
111500000000,12,7,12-8-9-10-11-7,42886940.8758883253,5,,AVAILABLE
111600000000,12,7,12-8-9-10-11-7,42886180.5351679102,5,,AVAILABLE
111700000000,12,7,12-8-9-10-11-7,42885415.0003818795,5,,AVAILABLE
111800000000,12,7,12-8-9-10-11-7,42884659.7918938994,5,,AVAILABLE
111900000000,12,7,12-8-9-10-11-7,42883902.8637563139,5,,AVAILABLE
112000000000,12,7,12-8-9-10-11-7,42883155.4035634473,5,,AVAILABLE
112100000000,12,7,12-8-9-10-11-7,42882405.7281714901,5,,AVAILABLE
112200000000,12,7,12-8-9-10-11-7,42881663.6293172315,5,,AVAILABLE
112300000000,12,7,12-8-9-10-11-7,42880921.0686651170,5,,AVAILABLE
112400000000,12,7,12-8-9-10-11-7,42880182.3759204075,5,,AVAILABLE
112500000000,12,7,12-8-9-10-11-7,42879448.4677736610,5,,AVAILABLE
112600000000,12,7,12-8-9-10-11-7,42878718.4999352992,5,,AVAILABLE
112700000000,12,7,12-8-9-10-11-7,42877981.6620828509,5,,AVAILABLE
112800000000,12,7,12-8-9-10-11-7,42877256.0596029684,5,,AVAILABLE
112900000000,12,7,12-8-9-10-11-7,42876534.9675820023,5,,AVAILABLE
113000000000,12,7,12-8-9-10-11-7,42875816.2243468612,5,,AVAILABLE
113100000000,12,7,12-8-9-10-11-7,42875102.0116672888,5,,AVAILABLE
113200000000,12,7,12-8-9-10-11-7,42874385.9164597169,5,,AVAILABLE
113300000000,12,7,12-8-9-10-11-7,42873678.1257842109,5,,AVAILABLE
113400000000,12,7,12-8-9-10-11-7,42872972.6971318573,5,,AVAILABLE
113500000000,12,7,12-8-9-10-11-7,42872266.8935028240,5,,AVAILABLE
113600000000,12,7,12-8-9-10-11-7,42871567.3364316225,5,,AVAILABLE
113700000000,12,7,12-8-9-10-11-7,42870873.0843693838,5,,AVAILABLE
113800000000,12,7,12-8-9-10-11-7,42870180.6033987924,5,,AVAILABLE
113900000000,12,7,12-8-9-10-11-7,42869491.4807470515,5,,AVAILABLE
114000000000,12,7,12-8-9-10-11-7,42868799.8525122851,5,,AVAILABLE
114100000000,12,7,12-8-9-10-11-7,42868115.5245920718,5,,AVAILABLE
114200000000,12,7,12-8-9-10-11-7,42867434.6296956465,5,,AVAILABLE
114300000000,12,7,12-8-9-10-11-7,42866759.7015563250,5,,AVAILABLE
114400000000,12,7,12-8-9-10-11-7,42866081.8647154868,5,,AVAILABLE
114500000000,12,7,12-8-9-10-11-7,42865414.6354410574,5,,AVAILABLE
114600000000,12,7,12-8-9-10-11-7,42864742.7616397887,5,,AVAILABLE
114700000000,12,7,12-8-9-10-11-7,42864085.0094324499,5,,AVAILABLE
114800000000,12,7,12-8-9-10-11-7,42863419.9995424896,5,,AVAILABLE
114900000000,12,7,12-8-9-10-11-7,42862759.5408651456,5,,AVAILABLE
115000000000,12,7,12-8-9-10-11-7,42862104.5685443059,5,,AVAILABLE
115100000000,12,7,12-8-9-10-11-7,42861453.3082216531,5,,AVAILABLE
115200000000,12,7,12-8-9-10-11-7,42860805.4801759943,5,,AVAILABLE
115300000000,12,7,12-8-9-10-11-7,42860161.9470067471,5,,AVAILABLE
115400000000,12,7,12-8-9-10-11-7,42859518.4214162081,5,,AVAILABLE
115500000000,12,7,12-8-9-10-11-7,42858875.7229073197,5,,AVAILABLE
115600000000,12,7,12-8-9-10-11-7,42858245.0878085718,5,,AVAILABLE
115700000000,12,7,12-8-9-10-11-7,42857608.9383186176,5,,AVAILABLE
115800000000,12,7,12-8-9-10-11-7,42856982.4692933857,5,,AVAILABLE
115900000000,12,7,12-8-9-10-11-7,42856356.9910286963,5,,AVAILABLE
116000000000,12,7,12-8-9-10-11-7,42855733.7060243711,5,,AVAILABLE
116100000000,12,7,12-8-9-10-11-7,42855112.4951377884,5,,AVAILABLE
116200000000,12,7,12-8-9-10-11-7,42854497.3227622136,5,,AVAILABLE
116300000000,12,7,12-8-9-10-11-7,42853884.1282377914,5,,AVAILABLE
116400000000,12,7,12-8-9-10-11-7,42853274.3168830052,5,,AVAILABLE
116500000000,12,7,12-8-9-10-11-7,42852667.7786806673,5,,AVAILABLE
116600000000,12,7,12-8-9-10-11-7,42852063.3162192255,5,,AVAILABLE
116700000000,12,7,12-8-9-10-11-7,42851464.0458158404,5,,AVAILABLE
116800000000,12,7,12-8-9-10-11-7,42850864.7914488465,5,,AVAILABLE
116900000000,12,7,12-8-9-10-11-7,42850270.0451283604,5,,AVAILABLE
117000000000,12,7,12-8-9-10-11-7,42849683.8764201328,5,,AVAILABLE
117100000000,12,7,12-8-9-10-11-7,42849095.3236029819,5,,AVAILABLE
117200000000,12,7,12-8-9-10-11-7,42848511.9836322814,5,,AVAILABLE
117300000000,12,7,12-8-9-10-11-7,42847928.5769284442,5,,AVAILABLE
117400000000,12,7,12-8-9-10-11-7,42847351.9202181101,5,,AVAILABLE
117500000000,12,7,12-8-9-10-11-7,42846776.5373222232,5,,AVAILABLE
117600000000,12,7,12-8-9-10-11-7,42846205.2150447890,5,,AVAILABLE
117700000000,12,7,12-8-9-10-11-7,42845635.9671377465,5,,AVAILABLE
117800000000,12,7,12-8-9-10-11-7,42845070.3569568619,5,,AVAILABLE
117900000000,12,7,12-8-9-10-11-7,42844510.5849070102,5,,AVAILABLE
118000000000,12,7,12-8-9-10-11-7,42843956.8085930869,5,,AVAILABLE
118100000000,12,7,12-8-9-10-11-7,42843400.0938029438,5,,AVAILABLE
118200000000,12,7,12-8-9-10-11-7,42842844.1246658191,5,,AVAILABLE
118300000000,12,7,12-8-9-10-11-7,42842299.1904648691,5,,AVAILABLE
118400000000,12,7,12-8-9-10-11-7,42841752.8809100911,5,,AVAILABLE
118500000000,12,7,12-8-9-10-11-7,42841213.3093575388,5,,AVAILABLE
118600000000,12,7,12-8-9-10-11-7,42840673.3501301035,5,,AVAILABLE
118700000000,12,7,12-8-9-10-11-7,42840136.8695328385,5,,AVAILABLE
118800000000,12,7,12-8-9-10-11-7,42839607.1739297211,5,,AVAILABLE
118900000000,12,7,12-8-9-10-11-7,42839071.6683028340,5,,AVAILABLE
119000000000,12,7,12-8-9-10-11-7,42838549.9233593792,5,,AVAILABLE
119100000000,12,7,12-8-9-10-11-7,42838026.3943292722,5,,AVAILABLE
119200000000,12,7,12-8-9-10-11-7,42837510.0338190421,5,,AVAILABLE
119300000000,12,7,12-8-9-10-11-7,42836992.0815779120,5,,AVAILABLE
119400000000,12,7,12-8-9-10-11-7,42836477.7819235772,5,,AVAILABLE
119500000000,12,7,12-8-9-10-11-7,42835965.3424011171,5,,AVAILABLE
119600000000,12,7,12-8-9-10-11-7,42835464.0553919524,5,,AVAILABLE
119700000000,12,7,12-8-9-10-11-7,42834959.0139207095,5,,AVAILABLE
119800000000,12,7,12-8-9-10-11-7,42834458.3991664797,5,,AVAILABLE
119900000000,12,7,12-8-9-10-11-7,42833961.4667483196,5,,AVAILABLE
120000000000,12,7,12-8-9-10-11-7,42833467.6210801005,5,,AVAILABLE
120100000000,12,7,12-8-9-10-11-7,42832983.8972119391,5,,AVAILABLE
120200000000,12,7,12-8-9-10-11-7,42832494.0643994510,5,,AVAILABLE
120300000000,12,7,12-8-9-10-11-7,42832009.0396498591,5,,AVAILABLE
120400000000,12,7,12-8-9-10-11-7,42831527.1615661755,5,,AVAILABLE
120500000000,12,7,12-8-9-10-11-7,42831050.9211212471,5,,AVAILABLE
120600000000,12,7,12-8-9-10-11-7,42830578.4077869952,5,,AVAILABLE
120700000000,12,7,12-8-9-10-11-7,42830106.4350747690,5,,AVAILABLE
120800000000,12,7,12-8-9-10-11-7,42829643.5073762909,5,,AVAILABLE
120900000000,12,7,12-8-9-10-11-7,42829174.5442255586,5,,AVAILABLE
121000000000,12,7,12-8-9-10-11-7,42828713.7847274020,5,,AVAILABLE
121100000000,12,7,12-8-9-10-11-7,42828256.6494358927,5,,AVAILABLE
121200000000,12,7,12-8-9-10-11-7,42827805.0804034919,5,,AVAILABLE
121300000000,12,7,12-8-9-10-11-7,42827351.6332025453,5,,AVAILABLE
121400000000,12,7,12-8-9-10-11-7,42826905.8491817117,5,,AVAILABLE
121500000000,12,7,12-8-9-10-11-7,42826457.1885126606,5,,AVAILABLE
121600000000,12,7,12-8-9-10-11-7,42826018.2678306103,5,,AVAILABLE
121700000000,12,7,12-8-9-10-11-7,42825576.6710688919,5,,AVAILABLE
121800000000,12,7,12-8-9-10-11-7,42825144.0203757957,5,,AVAILABLE
121900000000,12,7,12-8-9-10-11-7,42824709.3638506159,5,,AVAILABLE
122000000000,12,7,12-8-9-10-11-7,42824284.8793773726,5,,AVAILABLE
122100000000,12,7,12-8-9-10-11-7,42823856.6289924681,5,,AVAILABLE
122200000000,12,7,12-8-9-10-11-7,42823434.5399556011,5,,AVAILABLE
122300000000,12,7,12-8-9-10-11-7,42823018.2794756219,5,,AVAILABLE
122400000000,12,7,12-8-9-10-11-7,42822605.5038777590,5,,AVAILABLE
122500000000,12,7,12-8-9-10-11-7,42822189.4415974990,5,,AVAILABLE
122600000000,12,7,12-8-9-10-11-7,42821781.7913716659,5,,AVAILABLE
122700000000,12,7,12-8-9-10-11-7,42821378.8457017839,5,,AVAILABLE
122800000000,12,7,12-8-9-10-11-7,42820972.7840844542,5,,AVAILABLE
122900000000,12,7,12-8-9-10-11-7,42820575.6466838494,5,,AVAILABLE
123000000000,12,7,12-8-9-10-11-7,42820180.6715858579,5,,AVAILABLE
123100000000,12,7,12-8-9-10-11-7,42819784.5496416688,5,,AVAILABLE
123200000000,12,7,12-8-9-10-11-7,42819399.8605450243,5,,AVAILABLE
123300000000,12,7,12-8-9-10-11-7,42819008.0172660947,5,,AVAILABLE
123400000000,12,7,12-8-9-10-11-7,42818625.5006268546,5,,AVAILABLE
123500000000,12,7,12-8-9-10-11-7,42818246.5516453460,5,,AVAILABLE
123600000000,12,7,12-8-9-10-11-7,42817870.9249220639,5,,AVAILABLE
123700000000,12,7,12-8-9-10-11-7,42817499.9365571290,5,,AVAILABLE
123800000000,12,7,12-8-9-10-11-7,42817131.1769672036,5,,AVAILABLE
123900000000,12,7,12-8-9-10-11-7,42816761.2821037322,5,,AVAILABLE
124000000000,12,7,12-8-9-10-11-7,42816398.9841103107,5,,AVAILABLE
124100000000,12,7,12-8-9-10-11-7,42816036.3863062188,5,,AVAILABLE
124200000000,12,7,12-8-9-10-11-7,42815683.2439144179,5,,AVAILABLE
124300000000,12,7,12-8-9-10-11-7,42815330.8600261062,5,,AVAILABLE
124400000000,12,7,12-8-9-10-11-7,42814977.7761296406,5,,AVAILABLE
124500000000,12,7,12-8-9-10-11-7,42814631.2406907827,5,,AVAILABLE
124600000000,12,7,12-8-9-10-11-7,42814290.8918799013,5,,AVAILABLE
124700000000,12,7,12-8-9-10-11-7,42813945.7624835074,5,,AVAILABLE
124800000000,12,7,12-8-9-10-11-7,42813608.5591064394,5,,AVAILABLE
124900000000,12,7,12-8-9-10-11-7,42813278.1700656191,5,,AVAILABLE
125000000000,12,7,12-8-9-10-11-7,42812943.2394730821,5,,AVAILABLE
125100000000,12,7,12-8-9-10-11-7,42812616.3693171144,5,,AVAILABLE
125200000000,12,7,12-8-9-10-11-7,42812292.5129382014,5,,AVAILABLE
125300000000,12,7,12-8-9-10-11-7,42811970.6215091422,5,,AVAILABLE
125400000000,12,7,12-8-9-10-11-7,42811654.2422290146,5,,AVAILABLE
125500000000,12,7,12-8-9-10-11-7,42811336.4214079231,5,,AVAILABLE
125600000000,12,7,12-8-9-10-11-7,42811029.3395014331,5,,AVAILABLE
125700000000,12,7,12-8-9-10-11-7,42810721.7848622650,5,,AVAILABLE
125800000000,12,7,12-8-9-10-11-7,42810412.2058045119,5,,AVAILABLE
125900000000,12,7,12-8-9-10-11-7,42810116.0250265077,5,,AVAILABLE
126000000000,12,7,12-8-9-10-11-7,42809813.9309257120,5,,AVAILABLE
126100000000,12,7,12-8-9-10-11-7,42809522.5387856141,5,,AVAILABLE
126200000000,12,7,12-8-9-10-11-7,42809227.3276440725,5,,AVAILABLE
126300000000,12,7,12-8-9-10-11-7,42808938.5306382179,5,,AVAILABLE
126400000000,12,7,12-8-9-10-11-7,42808656.2038894221,5,,AVAILABLE
126500000000,12,7,12-8-9-10-11-7,42808371.7562528700,5,,AVAILABLE
126600000000,12,7,12-8-9-10-11-7,42808093.1071376354,5,,AVAILABLE
126700000000,12,7,12-8-9-10-11-7,42807822.5611393228,5,,AVAILABLE
126800000000,12,7,12-8-9-10-11-7,42807550.3802149147,5,,AVAILABLE
126900000000,12,7,12-8-9-10-11-7,42807277.0262764692,5,,AVAILABLE
127000000000,12,7,12-8-9-10-11-7,42807012.5187623426,5,,AVAILABLE
127100000000,12,7,12-8-9-10-11-7,42806752.3929811940,5,,AVAILABLE
127200000000,12,7,12-8-9-10-11-7,42806494.3541308194,5,,AVAILABLE
127300000000,12,7,12-8-9-10-11-7,42806232.8944711313,5,,AVAILABLE
127400000000,12,7,12-8-9-10-11-7,42805987.7564459592,5,,AVAILABLE
127500000000,12,7,12-8-9-10-11-7,42805735.1780338958,5,,AVAILABLE
127600000000,12,7,12-8-9-10-11-7,42805488.7237753868,5,,AVAILABLE
127700000000,12,7,12-8-9-10-11-7,42805244.5227994248,5,,AVAILABLE
127800000000,12,7,12-8-9-10-11-7,42805005.1469428167,5,,AVAILABLE
127900000000,12,7,12-8-9-10-11-7,42804771.2466189340,5,,AVAILABLE
128000000000,12,7,12-8-9-10-11-7,42804539.7459677160,5,,AVAILABLE
128100000000,12,7,12-8-9-10-11-7,42804311.3865146637,5,,AVAILABLE
128200000000,12,7,12-8-9-10-11-7,42804081.8406520560,5,,AVAILABLE
128300000000,12,7,12-8-9-10-11-7,42803859.6839541942,5,,AVAILABLE
128400000000,12,7,12-8-9-10-11-7,42803640.9042175785,5,,AVAILABLE
128500000000,12,7,12-8-9-10-11-7,42803420.5134420395,5,,AVAILABLE
128600000000,12,7,12-8-9-10-11-7,42803207.6733291522,5,,AVAILABLE
128700000000,12,7,12-8-9-10-11-7,42803000.0429380611,5,,AVAILABLE
128800000000,12,7,12-8-9-10-11-7,42802792.5925385579,5,,AVAILABLE
128900000000,12,7,12-8-9-10-11-7,42802589.6950345337,5,,AVAILABLE
129000000000,12,7,12-8-9-10-11-7,42802392.9593488500,5,,AVAILABLE
129100000000,12,7,12-8-9-10-11-7,42802191.1370399743,5,,AVAILABLE
129200000000,12,7,12-8-9-10-11-7,42802002.2202735767,5,,AVAILABLE
129300000000,12,7,12-8-9-10-11-7,42801807.2872146741,5,,AVAILABLE
129400000000,12,7,12-8-9-10-11-7,42801619.6377879903,5,,AVAILABLE
129500000000,12,7,12-8-9-10-11-7,42801435.4219554216,5,,AVAILABLE
129600000000,12,7,12-8-9-10-11-7,42801260.5512853488,5,,AVAILABLE
129700000000,12,7,12-8-9-10-11-7,42801076.7988757566,5,,AVAILABLE
129800000000,12,7,12-8-9-10-11-7,42800902.5093896091,5,,AVAILABLE
129900000000,12,7,12-8-9-10-11-7,42800729.5583131611,5,,AVAILABLE
130000000000,12,7,12-8-9-10-11-7,42800565.9800084680,5,,AVAILABLE
130100000000,12,7,12-8-9-10-11-7,42800399.2354239225,5,,AVAILABLE
130200000000,12,7,12-8-9-10-11-7,42800236.6331067011,5,,AVAILABLE
130300000000,12,7,12-8-9-10-11-7,42800083.0444623828,5,,AVAILABLE
130400000000,12,7,12-8-9-10-11-7,42799926.2195108533,5,,AVAILABLE
130500000000,12,7,12-8-9-10-11-7,42799777.7707171142,5,,AVAILABLE
130600000000,12,7,12-8-9-10-11-7,42799628.5235898271,5,,AVAILABLE
130700000000,12,7,12-8-9-10-11-7,42799486.0503472313,5,,AVAILABLE
130800000000,12,7,12-8-9-10-11-7,42799343.6953199431,5,,AVAILABLE
130900000000,12,7,12-8-9-10-11-7,42799199.5308518335,5,,AVAILABLE
131000000000,12,7,12-8-9-10-11-7,42799066.4028564692,5,,AVAILABLE
131100000000,12,7,12-8-9-10-11-7,42798938.3763663843,5,,AVAILABLE
131200000000,12,7,12-8-9-10-11-7,42798807.4348623008,5,,AVAILABLE
131300000000,12,7,12-8-9-10-11-7,42798679.5254585519,5,,AVAILABLE
131400000000,12,7,12-8-9-10-11-7,42798562.0280809850,5,,AVAILABLE
131500000000,12,7,12-8-9-10-11-7,42798440.8206903115,5,,AVAILABLE
131600000000,12,7,12-8-9-10-11-7,42798328.4814512879,5,,AVAILABLE
131700000000,12,7,12-8-9-10-11-7,42798214.3570184261,5,,AVAILABLE
131800000000,12,7,12-8-9-10-11-7,42798108.5426441804,5,,AVAILABLE
131900000000,12,7,12-8-9-10-11-7,42798000.0224554762,5,,AVAILABLE
132000000000,12,7,12-8-9-10-11-7,42797896.3598034233,5,,AVAILABLE
132100000000,12,7,12-8-9-10-11-7,42797798.6069183797,5,,AVAILABLE
132200000000,12,7,12-8-9-10-11-7,42797705.7047900632,5,,AVAILABLE
132300000000,12,7,12-8-9-10-11-7,42797604.5084264800,5,,AVAILABLE
132400000000,12,7,12-8-9-10-11-7,42797519.1782258675,5,,AVAILABLE
132500000000,12,7,12-8-9-10-11-7,42797438.6488737017,5,,AVAILABLE
132600000000,12,7,12-8-9-10-11-7,42797348.6366409734,5,,AVAILABLE
132700000000,12,7,12-8-9-10-11-7,42797272.3678512946,5,,AVAILABLE
132800000000,12,7,12-8-9-10-11-7,42797194.3663234115,5,,AVAILABLE
132900000000,12,7,12-8-9-10-11-7,42797123.4930421710,5,,AVAILABLE
133000000000,12,7,12-8-9-10-11-7,42797050.6890949458,5,,AVAILABLE
133100000000,12,7,12-8-9-10-11-7,42796985.7168063149,5,,AVAILABLE
133200000000,12,7,12-8-9-10-11-7,42796919.8067851886,5,,AVAILABLE
133300000000,12,7,12-8-9-10-11-7,42796862.3092616349,5,,AVAILABLE
133400000000,12,7,12-8-9-10-11-7,42796806.3113681749,5,,AVAILABLE
133500000000,12,7,12-8-9-10-11-7,42796746.4628508538,5,,AVAILABLE
133600000000,12,7,12-8-9-10-11-7,42796697.2049477547,5,,AVAILABLE
133700000000,12,7,12-8-9-10-11-7,42796654.3085153028,5,,AVAILABLE
133800000000,12,7,12-8-9-10-11-7,42796608.2687486634,5,,AVAILABLE
133900000000,12,7,12-8-9-10-11-7,42796568.8998219371,5,,AVAILABLE
134000000000,12,7,12-8-9-10-11-7,42796533.1828396171,5,,AVAILABLE
134100000000,12,7,12-8-9-10-11-7,42796497.0622667149,5,,AVAILABLE
134200000000,12,7,12-8-9-10-11-7,42796463.9357314482,5,,AVAILABLE
134300000000,12,7,12-8-9-10-11-7,42796442.2347033396,5,,AVAILABLE
134400000000,12,7,12-8-9-10-11-7,42796414.9054587558,5,,AVAILABLE
134500000000,12,7,12-8-9-10-11-7,42796394.9283102080,5,,AVAILABLE
134600000000,12,7,12-8-9-10-11-7,42796373.4941603616,5,,AVAILABLE
134700000000,12,7,12-8-9-10-11-7,42796361.4883467630,5,,AVAILABLE
134800000000,12,7,12-8-9-10-11-7,42796347.5416576117,5,,AVAILABLE
134900000000,12,7,12-8-9-10-11-7,42796339.8740713969,5,,AVAILABLE
135000000000,12,7,12-8-9-10-11-7,42796337.8028231487,5,,AVAILABLE
135100000000,12,7,12-8-9-10-11-7,42796333.3636624441,5,,AVAILABLE
135200000000,12,7,12-8-9-10-11-7,42796336.6558467969,5,,AVAILABLE
135300000000,12,7,12-8-9-10-11-7,42796337.8647530526,5,,AVAILABLE
135400000000,12,7,12-8-9-10-11-7,42796348.6987799034,5,,AVAILABLE
135500000000,12,7,12-8-9-10-11-7,42796357.4826273471,5,,AVAILABLE
135600000000,12,7,12-8-9-10-11-7,42796376.9198059216,5,,AVAILABLE
135700000000,12,7,12-8-9-10-11-7,42796396.4408399314,5,,AVAILABLE
135800000000,12,7,12-8-9-10-11-7,42796417.8931747302,5,,AVAILABLE
135900000000,12,7,12-8-9-10-11-7,42796438.9810957536,5,,AVAILABLE
136000000000,12,7,12-8-9-10-11-7,42796465.9843394905,5,,AVAILABLE
136100000000,12,7,12-8-9-10-11-7,42796497.2005104199,5,,AVAILABLE
136200000000,12,7,12-8-9-10-11-7,42796527.2807022557,5,,AVAILABLE
136300000000,12,7,12-8-9-10-11-7,42796570.6413329840,5,,AVAILABLE
136400000000,12,7,12-8-9-10-11-7,42796612.4047566503,5,,AVAILABLE
136500000000,12,7,12-8-9-10-11-7,42796657.1685873643,5,,AVAILABLE
136600000000,12,7,12-8-9-10-11-7,42796696.7378008589,5,,AVAILABLE
136700000000,12,7,12-8-9-10-11-7,42796754.6320078373,5,,AVAILABLE
136800000000,12,7,12-8-9-10-11-7,42796806.9899431169,5,,AVAILABLE
136900000000,12,7,12-8-9-10-11-7,42796862.6793522015,5,,AVAILABLE
137000000000,12,7,12-8-9-10-11-7,42796922.6269252524,5,,AVAILABLE
137100000000,12,7,12-8-9-10-11-7,42796987.3938614130,5,,AVAILABLE
137200000000,12,7,12-8-9-10-11-7,42797052.6974024326,5,,AVAILABLE
137300000000,12,7,12-8-9-10-11-7,42797120.5303404033,5,,AVAILABLE
137400000000,12,7,12-8-9-10-11-7,42797194.4344181344,5,,AVAILABLE
137500000000,12,7,12-8-9-10-11-7,42797270.9088382721,5,,AVAILABLE
137600000000,12,7,12-8-9-10-11-7,42797348.2923012301,5,,AVAILABLE
137700000000,12,7,12-8-9-10-11-7,42797434.6903355196,5,,AVAILABLE
137800000000,12,7,12-8-9-10-11-7,42797518.5438451543,5,,AVAILABLE
137900000000,12,7,12-8-9-10-11-7,42797607.5570468158,5,,AVAILABLE
138000000000,12,7,12-8-9-10-11-7,42797703.6672188491,5,,AVAILABLE
138100000000,12,7,12-8-9-10-11-7,42797800.0113486573,5,,AVAILABLE
138200000000,12,7,12-8-9-10-11-7,42797897.6517587975,5,,AVAILABLE
138300000000,12,7,12-8-9-10-11-7,42797998.1586173326,5,,AVAILABLE
138400000000,12,7,12-8-9-10-11-7,42798104.8610444888,5,,AVAILABLE
138500000000,12,7,12-8-9-10-11-7,42798215.1898610741,5,,AVAILABLE
138600000000,12,7,12-8-9-10-11-7,42798324.7158319950,5,,AVAILABLE
138700000000,12,7,12-8-9-10-11-7,42798443.5452459306,5,,AVAILABLE
138800000000,12,7,12-8-9-10-11-7,42798559.7626864016,5,,AVAILABLE
138900000000,12,7,12-8-9-10-11-7,42798679.6613305733,5,,AVAILABLE
139000000000,12,7,12-8-9-10-11-7,42798804.7297818661,5,,AVAILABLE
139100000000,12,7,12-8-9-10-11-7,42798930.6599274725,5,,AVAILABLE
139200000000,12,7,12-8-9-10-11-7,42799064.6448250711,5,,AVAILABLE
139300000000,12,7,12-8-9-10-11-7,42799198.9723888710,5,,AVAILABLE
139400000000,12,7,12-8-9-10-11-7,42799337.4411983266,5,,AVAILABLE
139500000000,12,7,12-8-9-10-11-7,42799475.0743893236,5,,AVAILABLE
139600000000,12,7,12-8-9-10-11-7,42799624.3042933419,5,,AVAILABLE
139700000000,12,7,12-8-9-10-11-7,42799771.6169441119,5,,AVAILABLE
139800000000,12,7,12-8-9-10-11-7,42799919.6140397713,5,,AVAILABLE
139900000000,12,7,12-8-9-10-11-7,42800078.7805796713,5,,AVAILABLE
140000000000,12,7,12-8-9-10-11-7,42800230.6683147922,5,,AVAILABLE
140100000000,12,7,12-8-9-10-11-7,42800395.0467973873,5,,AVAILABLE
140200000000,12,7,12-8-9-10-11-7,42800554.9276931584,5,,AVAILABLE
140300000000,12,7,12-8-9-10-11-7,42800722.3476916105,5,,AVAILABLE
140400000000,12,7,12-8-9-10-11-7,42800896.1989703253,5,,AVAILABLE
140500000000,12,7,12-8-9-10-11-7,42801069.2754716277,5,,AVAILABLE
140600000000,12,7,12-8-9-10-11-7,42801244.7048675716,5,,AVAILABLE
140700000000,12,7,12-8-9-10-11-7,42801420.4019025564,5,,AVAILABLE
140800000000,12,7,12-8-9-10-11-7,42801603.5786790624,5,,AVAILABLE
140900000000,12,7,12-8-9-10-11-7,42801791.7097147107,5,,AVAILABLE
141000000000,12,7,12-8-9-10-11-7,42801983.3047078624,5,,AVAILABLE
141100000000,12,7,12-8-9-10-11-7,42802172.6411137879,5,,AVAILABLE
141200000000,12,7,12-8-9-10-11-7,42802369.6411892623,5,,AVAILABLE
141300000000,12,7,12-8-9-10-11-7,42802566.9287434667,5,,AVAILABLE
141400000000,12,7,12-8-9-10-11-7,42802774.0656184927,5,,AVAILABLE
141500000000,12,7,12-8-9-10-11-7,42802975.8659911975,5,,AVAILABLE
141600000000,12,7,12-8-9-10-11-7,42803186.7498001158,5,,AVAILABLE
141700000000,12,7,12-8-9-10-11-7,42803398.9647373632,5,,AVAILABLE
141800000000,12,7,12-8-9-10-11-7,42803615.6045508757,5,,AVAILABLE
141900000000,12,7,12-8-9-10-11-7,42803835.3571781293,5,,AVAILABLE
142000000000,12,7,12-8-9-10-11-7,42804048.0363284871,5,,AVAILABLE
142100000000,12,7,12-8-9-10-11-7,42804278.7148319706,5,,AVAILABLE
142200000000,12,7,12-8-9-10-11-7,42804507.1289793998,5,,AVAILABLE
142300000000,12,7,12-8-9-10-11-7,42804737.0307000950,5,,AVAILABLE
142400000000,12,7,12-8-9-10-11-7,42804971.2558642775,5,,AVAILABLE
142500000000,12,7,12-8-9-10-11-7,42805212.5617596582,5,,AVAILABLE
142600000000,12,7,12-8-9-10-11-7,42805449.6744927615,5,,AVAILABLE
142700000000,12,7,12-8-9-10-11-7,42805699.1438036636,5,,AVAILABLE
142800000000,12,7,12-8-9-10-11-7,42805942.9715410247,5,,AVAILABLE
142900000000,12,7,12-8-9-10-11-7,42806195.2953068465,5,,AVAILABLE
143000000000,12,7,12-8-9-10-11-7,42806445.4201734215,5,,AVAILABLE
143100000000,12,7,12-8-9-10-11-7,42806703.5978791490,5,,AVAILABLE
143200000000,12,7,12-8-9-10-11-7,42806964.2368230820,5,,AVAILABLE
143300000000,12,7,12-8-9-10-11-7,42807231.0664758235,5,,AVAILABLE
143400000000,12,7,12-8-9-10-11-7,42807492.6061244160,5,,AVAILABLE
143500000000,12,7,12-8-9-10-11-7,42807765.3478470147,5,,AVAILABLE
143600000000,12,7,12-8-9-10-11-7,42808038.8992931545,5,,AVAILABLE
143700000000,12,7,12-8-9-10-11-7,42808318.0281640813,5,,AVAILABLE
143800000000,12,7,12-8-9-10-11-7,42808591.3458196521,5,,AVAILABLE
143900000000,12,7,12-8-9-10-11-7,42808873.8192574009,5,,AVAILABLE
144000000000,12,7,12-8-9-10-11-7,42809160.3827731609,5,,AVAILABLE
144100000000,12,7,12-8-9-10-11-7,42809447.0519792587,5,,AVAILABLE
144200000000,12,7,12-8-9-10-11-7,42809741.7660892680,5,,AVAILABLE
144300000000,12,7,12-8-9-10-11-7,42810036.5750613138,5,,AVAILABLE
144400000000,12,7,12-8-9-10-11-7,42810336.5465035513,5,,AVAILABLE
144500000000,12,7,12-8-9-10-11-7,42810635.9245617241,5,,AVAILABLE
144600000000,12,7,12-8-9-10-11-7,42810944.5425491557,5,,AVAILABLE
144700000000,12,7,12-8-9-10-11-7,42811246.4388796985,5,,AVAILABLE
144800000000,12,7,12-8-9-10-11-7,42811560.8728143126,5,,AVAILABLE
144900000000,12,7,12-8-9-10-11-7,42811875.6039720848,5,,AVAILABLE
145000000000,12,7,12-8-9-10-11-7,42812196.1228695586,5,,AVAILABLE
145100000000,12,7,12-8-9-10-11-7,42812515.8320125639,5,,AVAILABLE
145200000000,12,7,12-8-9-10-11-7,42812841.7699356079,5,,AVAILABLE
145300000000,12,7,12-8-9-10-11-7,42813166.6742679700,5,,AVAILABLE
145400000000,12,7,12-8-9-10-11-7,42813501.7198025435,5,,AVAILABLE
145500000000,12,7,12-8-9-10-11-7,42813829.7135834917,5,,AVAILABLE
145600000000,12,7,12-8-9-10-11-7,42814168.8712369725,5,,AVAILABLE
145700000000,12,7,12-8-9-10-11-7,42814507.8858279586,5,,AVAILABLE
145800000000,12,7,12-8-9-10-11-7,42814853.7521496117,5,,AVAILABLE
145900000000,12,7,12-8-9-10-11-7,42815197.3042783290,5,,AVAILABLE
146000000000,12,7,12-8-9-10-11-7,42815548.6134835184,5,,AVAILABLE
146100000000,12,7,12-8-9-10-11-7,42815904.7882522568,5,,AVAILABLE
146200000000,12,7,12-8-9-10-11-7,42816256.6571253985,5,,AVAILABLE
146300000000,12,7,12-8-9-10-11-7,42816618.5088817775,5,,AVAILABLE
146400000000,12,7,12-8-9-10-11-7,42816979.3938842118,5,,AVAILABLE
146500000000,12,7,12-8-9-10-11-7,42817341.1761551574,5,,AVAILABLE
146600000000,12,7,12-8-9-10-11-7,42817709.6708584428,5,,AVAILABLE
146700000000,12,7,12-8-9-10-11-7,42818086.8292111903,5,,AVAILABLE
146800000000,12,7,12-8-9-10-11-7,42818463.2875076681,5,,AVAILABLE
146900000000,12,7,12-8-9-10-11-7,42818841.0440908819,5,,AVAILABLE
147000000000,12,7,12-8-9-10-11-7,42819225.6375958100,5,,AVAILABLE
147100000000,12,7,12-8-9-10-11-7,42819600.3201853782,5,,AVAILABLE
147200000000,12,7,12-8-9-10-11-7,42819991.6558859199,5,,AVAILABLE
147300000000,12,7,12-8-9-10-11-7,42820386.0319094509,5,,AVAILABLE
147400000000,12,7,12-8-9-10-11-7,42820782.1661988944,5,,AVAILABLE
147500000000,12,7,12-8-9-10-11-7,42821176.9026637971,5,,AVAILABLE
147600000000,12,7,12-8-9-10-11-7,42821574.7647363991,5,,AVAILABLE
147700000000,12,7,12-8-9-10-11-7,42821977.9307294711,5,,AVAILABLE
147800000000,12,7,12-8-9-10-11-7,42822388.9417466596,5,,AVAILABLE
147900000000,12,7,12-8-9-10-11-7,42822793.6453968659,5,,AVAILABLE
148000000000,12,7,12-8-9-10-11-7,42823212.2500157878,5,,AVAILABLE
148100000000,12,7,12-8-9-10-11-7,42823628.8364392295,5,,AVAILABLE
148200000000,12,7,12-8-9-10-11-7,42824046.0434627384,5,,AVAILABLE
148300000000,12,7,12-8-9-10-11-7,42824471.9090103805,5,,AVAILABLE
148400000000,12,7,12-8-9-10-11-7,42824891.9190619364,5,,AVAILABLE
148500000000,12,7,12-8-9-10-11-7,42825321.0875735804,5,,AVAILABLE
148600000000,12,7,12-8-9-10-11-7,42825756.8414432481,5,,AVAILABLE
148700000000,12,7,12-8-9-10-11-7,42826193.4790530950,5,,AVAILABLE
148800000000,12,7,12-8-9-10-11-7,42826629.8293844759,5,,AVAILABLE
148900000000,12,7,12-8-9-10-11-7,42827071.5052825212,5,,AVAILABLE
149000000000,12,7,12-8-9-10-11-7,42827515.9898634404,5,,AVAILABLE
149100000000,12,7,12-8-9-10-11-7,42827962.3257993534,5,,AVAILABLE
149200000000,12,7,12-8-9-10-11-7,42828413.3209016174,5,,AVAILABLE
149300000000,12,7,12-8-9-10-11-7,42828868.8198775649,5,,AVAILABLE
149400000000,12,7,12-8-9-10-11-7,42829325.1206608042,5,,AVAILABLE
149500000000,12,7,12-8-9-10-11-7,42829790.1848358735,5,,AVAILABLE
149600000000,12,7,12-8-9-10-11-7,42830254.2016355768,5,,AVAILABLE
149700000000,12,7,12-8-9-10-11-7,42830723.8275170699,5,,AVAILABLE
149800000000,12,7,12-8-9-10-11-7,42831187.6800689399,5,,AVAILABLE
149900000000,12,7,12-8-9-10-11-7,42831662.1967449337,5,,AVAILABLE
150000000000,12,7,12-8-9-10-11-7,42832141.3227072358,5,,AVAILABLE
150100000000,12,7,12-8-9-10-11-7,42832616.5110521391,5,,AVAILABLE
150200000000,12,7,12-8-9-10-11-7,42833099.3930494413,5,,AVAILABLE
150300000000,12,7,12-8-9-10-11-7,42833588.9727678224,5,,AVAILABLE
150400000000,12,7,12-8-9-10-11-7,42834074.7054892257,5,,AVAILABLE
150500000000,12,7,12-8-9-10-11-7,42834567.1944988519,5,,AVAILABLE
150600000000,12,7,12-8-9-10-11-7,42835063.1132479087,5,,AVAILABLE
150700000000,12,7,12-8-9-10-11-7,42835560.4755127728,5,,AVAILABLE
150800000000,12,7,12-8-9-10-11-7,42836067.8569374904,5,,AVAILABLE
150900000000,12,7,12-8-9-10-11-7,42836567.9824314788,5,,AVAILABLE
151000000000,12,7,12-8-9-10-11-7,42837075.8325162306,5,,AVAILABLE
151100000000,12,7,12-8-9-10-11-7,42837585.7203086913,5,,AVAILABLE
151200000000,12,7,12-8-9-10-11-7,42838100.5023466423,5,,AVAILABLE
151300000000,12,7,12-8-9-10-11-7,42838621.9429481998,5,,AVAILABLE
151400000000,12,7,12-8-9-10-11-7,42839135.3503072858,5,,AVAILABLE
151500000000,12,7,12-8-9-10-11-7,42839665.6433787197,5,,AVAILABLE
151600000000,12,7,12-8-9-10-11-7,42840189.4250548929,5,,AVAILABLE
151700000000,12,7,12-8-9-10-11-7,42840718.3116611019,5,,AVAILABLE
151800000000,12,7,12-8-9-10-11-7,42841248.1925984174,5,,AVAILABLE
151900000000,12,7,12-8-9-10-11-7,42841789.2143219709,5,,AVAILABLE
152000000000,12,7,12-8-9-10-11-7,42842328.4691905156,5,,AVAILABLE
152100000000,12,7,12-8-9-10-11-7,42842867.7047190592,5,,AVAILABLE
152200000000,12,7,12-8-9-10-11-7,42843414.6323515475,5,,AVAILABLE
152300000000,12,7,12-8-9-10-11-7,42843961.6354710013,5,,AVAILABLE
152400000000,12,7,12-8-9-10-11-7,42844516.3279079497,5,,AVAILABLE
152500000000,12,7,12-8-9-10-11-7,42845073.6365251988,5,,AVAILABLE
152600000000,12,7,12-8-9-10-11-7,42845628.2897478491,5,,AVAILABLE
152700000000,12,7,12-8-9-10-11-7,42846191.5924996138,5,,AVAILABLE
152800000000,12,7,12-8-9-10-11-7,42846757.0351149440,5,,AVAILABLE
152900000000,12,7,12-8-9-10-11-7,42847321.9529631734,5,,AVAILABLE
153000000000,12,7,12-8-9-10-11-7,42847889.2262786254,5,,AVAILABLE
153100000000,12,7,12-8-9-10-11-7,42848465.0579161122,5,,AVAILABLE
153200000000,12,7,12-8-9-10-11-7,42849041.6906029359,5,,AVAILABLE
153300000000,12,7,12-8-9-10-11-7,42849617.8911586627,5,,AVAILABLE
153400000000,12,7,12-8-9-10-11-7,42850208.4920909628,5,,AVAILABLE
153500000000,12,7,12-8-9-10-11-7,42850788.6170580536,5,,AVAILABLE
153600000000,12,7,12-8-9-10-11-7,42851380.4319087639,5,,AVAILABLE
153700000000,12,7,12-8-9-10-11-7,42851971.1154183596,5,,AVAILABLE
153800000000,12,7,12-8-9-10-11-7,42852568.2213430032,5,,AVAILABLE
153900000000,12,7,12-8-9-10-11-7,42853164.2123180106,5,,AVAILABLE
154000000000,12,7,12-8-9-10-11-7,42853767.4580164701,5,,AVAILABLE
154100000000,12,7,12-8-9-10-11-7,42854371.0727436468,5,,AVAILABLE
154200000000,12,7,12-8-9-10-11-7,42854979.2815576792,5,,AVAILABLE
154300000000,12,7,12-8-9-10-11-7,42855590.3824415803,5,,AVAILABLE
154400000000,12,7,12-8-9-10-11-7,42856203.5691074580,5,,AVAILABLE
154500000000,12,7,12-8-9-10-11-7,42856819.4009019136,5,,AVAILABLE
154600000000,12,7,12-8-9-10-11-7,42857438.5629283190,5,,AVAILABLE
154700000000,12,7,12-8-9-10-11-7,42858064.5100110248,5,,AVAILABLE
154800000000,12,7,12-8-9-10-11-7,42858692.8840184137,5,,AVAILABLE
154900000000,12,7,12-8-9-10-11-7,42859323.6986480504,5,,AVAILABLE
155000000000,12,7,12-8-9-10-11-7,42859949.5578623265,5,,AVAILABLE
155100000000,12,7,12-8-9-10-11-7,42860586.4023493528,5,,AVAILABLE
155200000000,12,7,12-8-9-10-11-7,42861226.3188033402,5,,AVAILABLE
155300000000,12,7,12-8-9-10-11-7,42861869.6854637563,5,,AVAILABLE
155400000000,12,7,12-8-9-10-11-7,42862512.5266917795,5,,AVAILABLE
155500000000,12,7,12-8-9-10-11-7,42863158.1451972052,5,,AVAILABLE
155600000000,12,7,12-8-9-10-11-7,42863810.6712014675,5,,AVAILABLE
155700000000,12,7,12-8-9-10-11-7,42864465.6625309661,5,,AVAILABLE
155800000000,12,7,12-8-9-10-11-7,42865124.3524970859,5,,AVAILABLE
155900000000,12,7,12-8-9-10-11-7,42865779.0057077929,5,,AVAILABLE
156000000000,12,7,12-8-9-10-11-7,42866447.1403009221,5,,AVAILABLE
156100000000,12,7,12-8-9-10-11-7,42867115.7856621370,5,,AVAILABLE
156200000000,12,7,12-8-9-10-11-7,42867782.1629187837,5,,AVAILABLE
156300000000,12,7,12-8-9-10-11-7,42868456.5254351497,5,,AVAILABLE
156400000000,12,7,12-8-9-10-11-7,42869129.4392090365,5,,AVAILABLE
156500000000,12,7,12-8-9-10-11-7,42869809.5318792611,5,,AVAILABLE
156600000000,12,7,12-8-9-10-11-7,42870490.2637070939,5,,AVAILABLE
156700000000,12,7,12-8-9-10-11-7,42871175.3353780583,5,,AVAILABLE
156800000000,12,7,12-8-9-10-11-7,42871864.4445368052,5,,AVAILABLE
156900000000,12,7,12-8-9-10-11-7,42872553.5910112262,5,,AVAILABLE
157000000000,12,7,12-8-9-10-11-7,42873248.4442622885,5,,AVAILABLE
157100000000,12,7,12-8-9-10-11-7,42873947.0216015130,5,,AVAILABLE
157200000000,12,7,12-8-9-10-11-7,42874645.7503767088,5,,AVAILABLE
157300000000,12,7,12-8-9-10-11-7,42875346.3124533594,5,,AVAILABLE
157400000000,12,7,12-8-9-10-11-7,42876057.1509239674,5,,AVAILABLE
157500000000,12,7,12-8-9-10-11-7,42876768.7865586579,5,,AVAILABLE
157600000000,12,7,12-8-9-10-11-7,42877478.9319883436,5,,AVAILABLE
157700000000,12,7,12-8-9-10-11-7,42878196.5833412558,5,,AVAILABLE
157800000000,12,7,12-8-9-10-11-7,42878910.0134742334,5,,AVAILABLE
157900000000,12,7,12-8-9-10-11-7,42879638.2812542915,5,,AVAILABLE
158000000000,12,7,12-8-9-10-11-7,42880359.3435944617,5,,AVAILABLE
158100000000,12,7,12-8-9-10-11-7,42881090.1446836591,5,,AVAILABLE
158200000000,12,7,12-8-9-10-11-7,42881821.6036287174,5,,AVAILABLE
158300000000,12,7,12-8-9-10-11-7,42882548.1260402873,5,,AVAILABLE
158400000000,12,7,12-8-9-10-11-7,42883286.6047889218,5,,AVAILABLE
158500000000,12,7,12-8-9-10-11-7,42884026.7291089445,5,,AVAILABLE
158600000000,12,7,12-8-9-10-11-7,42884773.6546011344,5,,AVAILABLE
158700000000,12,7,12-8-9-10-11-7,42885514.7993958369,5,,AVAILABLE
158800000000,12,7,12-8-9-10-11-7,42886266.7218328118,5,,AVAILABLE
158900000000,12,7,12-8-9-10-11-7,42887019.4883419499,5,,AVAILABLE
159000000000,12,7,12-8-9-10-11-7,42887774.5761759058,5,,AVAILABLE
159100000000,12,7,12-8-9-10-11-7,42888533.8732960075,5,,AVAILABLE
159200000000,12,7,12-8-9-10-11-7,42889293.5285081714,5,,AVAILABLE
159300000000,12,7,12-8-9-10-11-7,42890058.9481893629,5,,AVAILABLE
159400000000,12,7,12-8-9-10-11-7,42890823.5428582653,5,,AVAILABLE
159500000000,12,7,12-8-9-10-11-7,42891591.6801210493,5,,AVAILABLE
159600000000,12,7,12-8-9-10-11-7,42892371.0539204553,5,,AVAILABLE
159700000000,12,7,12-8-9-10-11-7,42893145.8600565046,5,,AVAILABLE
159800000000,12,7,12-8-9-10-11-7,42893921.1348617747,5,,AVAILABLE
159900000000,12,7,12-8-9-10-11-7,42894707.1363718435,5,,AVAILABLE
160000000000,12,7,12-8-9-10-11-7,42895494.3620797545,5,,AVAILABLE
160100000000,12,7,12-8-9-10-11-7,42896279.1945435628,5,,AVAILABLE
160200000000,12,7,12-8-9-10-11-7,42897071.7115499452,5,,AVAILABLE
160300000000,12,7,12-8-9-10-11-7,42897870.1166329235,5,,AVAILABLE
160400000000,12,7,12-8-9-10-11-7,42898665.1961617693,5,,AVAILABLE
160500000000,12,7,12-8-9-10-11-7,42899464.2129800841,5,,AVAILABLE
160600000000,12,7,12-8-9-10-11-7,42900270.4832933247,5,,AVAILABLE
160700000000,12,7,12-8-9-10-11-7,42901074.7383343428,5,,AVAILABLE
160800000000,12,7,12-8-9-10-11-7,42901887.0897759646,5,,AVAILABLE
160900000000,12,7,12-8-9-10-11-7,42902699.4009177461,5,,AVAILABLE
161000000000,12,7,12-8-9-10-11-7,42903515.7132358700,5,,AVAILABLE
161100000000,12,7,12-8-9-10-11-7,42904335.1819968298,5,,AVAILABLE
161200000000,12,7,12-8-9-10-11-7,42905153.3206632361,5,,AVAILABLE
161300000000,12,7,12-8-9-10-11-7,42905980.1216959879,5,,AVAILABLE
161400000000,12,7,12-8-9-10-11-7,42906805.5380430296,5,,AVAILABLE
161500000000,12,7,12-8-9-10-11-7,42907638.0327049717,5,,AVAILABLE
161600000000,12,7,12-8-9-10-11-7,42908471.7126271501,5,,AVAILABLE
161700000000,12,7,12-8-9-10-11-7,42909309.9544812217,5,,AVAILABLE
161800000000,12,7,12-8-9-10-11-7,42910149.4251301661,5,,AVAILABLE
161900000000,12,7,12-8-9-10-11-7,42910994.9993375465,5,,AVAILABLE
162000000000,12,7,12-8-9-10-11-7,42911837.0446236357,5,,AVAILABLE
162100000000,12,7,12-8-9-10-11-7,42912686.1104335412,5,,AVAILABLE
162200000000,12,7,12-8-9-10-11-7,42913540.8752094656,5,,AVAILABLE
162300000000,12,7,12-8-9-10-11-7,42914392.3703372478,5,,AVAILABLE
162400000000,12,7,12-8-9-10-11-7,42915251.3634940013,5,,AVAILABLE
162500000000,12,7,12-8-9-10-11-7,42916112.4637647942,5,,AVAILABLE
162600000000,12,7,12-8-9-10-11-7,42916976.8279453218,5,,AVAILABLE
162700000000,12,7,12-8-9-10-11-7,42917840.5628804713,5,,AVAILABLE
162800000000,12,7,12-8-9-10-11-7,42918710.8627111167,5,,AVAILABLE
162900000000,12,7,12-8-9-10-11-7,42919586.6614364162,5,,AVAILABLE
163000000000,12,7,12-8-9-10-11-7,42920463.5114380196,5,,AVAILABLE
163100000000,12,7,12-8-9-10-11-7,42921342.2582144588,5,,AVAILABLE
163200000000,12,7,12-8-9-10-11-7,42922221.3431702107,5,,AVAILABLE
163300000000,12,7,12-8-9-10-11-7,42923106.1546110809,5,,AVAILABLE
163400000000,12,7,12-8-9-10-11-7,42923996.8154330179,5,,AVAILABLE
163500000000,12,7,12-8-9-10-11-7,42924885.3305657804,5,,AVAILABLE
163600000000,12,7,12-8-9-10-11-7,42925777.8231341839,5,,AVAILABLE
163700000000,12,7,12-8-9-10-11-7,42926673.5772817135,5,,AVAILABLE
163800000000,12,7,12-8-9-10-11-7,42927575.3769727871,5,,AVAILABLE
163900000000,12,7,12-8-9-10-11-7,42928474.9182724953,5,,AVAILABLE
164000000000,12,7,12-8-9-10-11-7,42929382.0493878946,5,,AVAILABLE
164100000000,12,7,12-8-9-10-11-7,42930286.5403234363,5,,AVAILABLE
164200000000,12,7,12-8-9-10-11-7,42931204.2527129576,5,,AVAILABLE
164300000000,12,7,12-8-9-10-11-7,42932117.2611902654,5,,AVAILABLE
164400000000,12,7,12-8-9-10-11-7,42933029.4099218696,5,,AVAILABLE
164500000000,12,7,12-8-9-10-11-7,42933954.0447150245,5,,AVAILABLE
164600000000,12,7,12-8-9-10-11-7,42934875.8372245878,5,,AVAILABLE
164700000000,12,7,12-8-9-10-11-7,42935804.9721001685,5,,AVAILABLE
164800000000,12,7,12-8-9-10-11-7,42936731.4627514854,5,,AVAILABLE
164900000000,12,7,12-8-9-10-11-7,42937660.7088031247,5,,AVAILABLE
165000000000,12,7,12-8-9-10-11-7,42938600.6559827551,5,,AVAILABLE
165100000000,12,7,12-8-9-10-11-7,42939538.1093544215,5,,AVAILABLE
165200000000,12,7,12-8-9-10-11-7,42940479.7428909466,5,,AVAILABLE
165300000000,12,7,12-8-9-10-11-7,42941423.6886285469,5,,AVAILABLE
165400000000,12,7,12-8-9-10-11-7,42942370.3910317421,5,,AVAILABLE
165500000000,12,7,12-8-9-10-11-7,42943318.7814565450,5,,AVAILABLE
165600000000,12,7,12-8-9-10-11-7,42944271.5688620135,5,,AVAILABLE
165700000000,12,7,12-8-9-10-11-7,42945224.5636420101,5,,AVAILABLE
165800000000,12,7,12-8-9-10-11-7,42946187.3553398177,5,,AVAILABLE
165900000000,12,7,12-8-9-10-11-7,42947146.4402664751,5,,AVAILABLE
166000000000,12,7,12-8-9-10-11-7,42948112.5660404712,5,,AVAILABLE
166100000000,12,7,12-8-9-10-11-7,42949079.2918951213,5,,AVAILABLE
166200000000,12,7,12-8-9-10-11-7,42950048.0225950629,5,,AVAILABLE
166300000000,12,7,12-8-9-10-11-7,42951027.3363475725,5,,AVAILABLE
166400000000,12,7,12-8-9-10-11-7,42952000.4609477669,5,,AVAILABLE
166500000000,12,7,12-8-9-10-11-7,42952981.1780539379,5,,AVAILABLE
166600000000,12,7,12-8-9-10-11-7,42953963.1338600218,5,,AVAILABLE
166700000000,12,7,12-8-9-10-11-7,42954948.2448137105,5,,AVAILABLE
166800000000,12,7,12-8-9-10-11-7,42955932.5404933393,5,,AVAILABLE
166900000000,12,7,12-8-9-10-11-7,42956924.8670503199,5,,AVAILABLE
167000000000,12,7,12-8-9-10-11-7,42957919.6018990129,5,,AVAILABLE
167100000000,12,7,12-8-9-10-11-7,42958918.0580771640,5,,AVAILABLE
167200000000,12,7,12-8-9-10-11-7,42959914.2020847946,5,,AVAILABLE
167300000000,12,7,12-8-9-10-11-7,42960918.4994833767,5,,AVAILABLE
167400000000,12,7,12-8-9-10-11-7,42961926.2205733359,5,,AVAILABLE
167500000000,12,7,12-8-9-10-11-7,42962936.9376253113,5,,AVAILABLE
167600000000,12,7,12-8-9-10-11-7,42963943.6071245894,5,,AVAILABLE
167700000000,12,7,12-8-9-10-11-7,42964958.6393117905,5,,AVAILABLE
167800000000,12,7,12-8-9-10-11-7,42965975.7301869467,5,,AVAILABLE
167900000000,12,7,12-8-9-10-11-7,42966993.4666704386,5,,AVAILABLE
168000000000,12,7,12-8-9-10-11-7,42968019.5808414668,5,,AVAILABLE
168100000000,12,7,12-8-9-10-11-7,42969043.9492181912,5,,AVAILABLE
168200000000,12,7,12-8-9-10-11-7,42970074.0869551450,5,,AVAILABLE
168300000000,12,7,12-8-9-10-11-7,42971107.6615400687,5,,AVAILABLE
168400000000,12,7,12-8-9-10-11-7,42972142.4169170856,5,,AVAILABLE
168500000000,12,7,12-8-9-10-11-7,42973180.1442921311,5,,AVAILABLE
168600000000,12,7,12-8-9-10-11-7,42974219.8168154582,5,,AVAILABLE
168700000000,12,7,12-8-9-10-11-7,42975260.8336852416,5,,AVAILABLE
168800000000,12,7,12-8-9-10-11-7,42976308.9707097933,5,,AVAILABLE
168900000000,12,7,12-8-9-10-11-7,42977360.9943673760,5,,AVAILABLE
169000000000,12,7,12-8-9-10-11-7,42978411.8992121369,5,,AVAILABLE
169100000000,12,7,12-8-9-10-11-7,42979469.6808168888,5,,AVAILABLE
169200000000,12,7,12-8-9-10-11-7,42980522.4285514876,5,,AVAILABLE
169300000000,12,7,12-8-9-10-11-7,42981581.0991542190,5,,AVAILABLE
169400000000,12,7,12-8-9-10-11-7,42982649.3539083824,5,,AVAILABLE
169500000000,12,7,12-8-9-10-11-7,42983718.9963622317,5,,AVAILABLE
169600000000,12,7,12-8-9-10-11-7,42984784.3933450729,5,,AVAILABLE
169700000000,12,7,12-8-9-10-11-7,42985857.3329691067,5,,AVAILABLE
169800000000,12,7,12-8-9-10-11-7,42986927.2187733352,5,,AVAILABLE
169900000000,12,7,12-8-9-10-11-7,42988008.0675903484,5,,AVAILABLE
170000000000,12,7,12-8-9-10-11-7,42989089.6913446933,5,,AVAILABLE
170100000000,12,7,12-8-9-10-11-7,42990174.3953616172,5,,AVAILABLE
170200000000,12,7,12-8-9-10-11-7,42991261.2136887014,5,,AVAILABLE
170300000000,12,7,12-8-9-10-11-7,42992353.6226611361,5,,AVAILABLE
170400000000,12,7,12-8-9-10-11-7,42993445.0004088059,5,,AVAILABLE
170500000000,12,7,12-8-9-10-11-7,42994536.4167904258,5,,AVAILABLE
170600000000,12,7,12-8-9-10-11-7,42995641.4280895442,5,,AVAILABLE
170700000000,12,7,12-8-9-10-11-7,42996739.6508563086,5,,AVAILABLE
170800000000,12,7,12-8-9-10-11-7,42997838.3008916527,5,,AVAILABLE
170900000000,12,7,12-8-9-10-11-7,42998946.1583186984,5,,AVAILABLE
171000000000,12,7,12-8-9-10-11-7,43000052.5124695748,5,,AVAILABLE
171100000000,12,7,12-8-9-10-11-7,43001166.8962616995,5,,AVAILABLE
171200000000,12,7,12-8-9-10-11-7,43002287.1636072248,5,,AVAILABLE
171300000000,12,7,12-8-9-10-11-7,43003403.9737921655,5,,AVAILABLE
171400000000,12,7,12-8-9-10-11-7,43004522.1759556830,5,,AVAILABLE
171500000000,12,7,12-8-9-10-11-7,43005646.4293861538,5,,AVAILABLE
171600000000,12,7,12-8-9-10-11-7,43006771.4162070006,5,,AVAILABLE
171700000000,12,7,12-8-9-10-11-7,43007903.3940386549,5,,AVAILABLE
171800000000,12,7,12-8-9-10-11-7,43009036.0184610039,5,,AVAILABLE
171900000000,12,7,12-8-9-10-11-7,43010171.2957018316,5,,AVAILABLE
172000000000,12,7,12-8-9-10-11-7,43011306.8425280824,5,,AVAILABLE
172100000000,12,7,12-8-9-10-11-7,43012445.2945594266,5,,AVAILABLE
172200000000,12,7,12-8-9-10-11-7,43013590.9749120399,5,,AVAILABLE
172300000000,12,7,12-8-9-10-11-7,43014739.2022953555,5,,AVAILABLE
172400000000,12,7,12-8-9-10-11-7,43015890.7673514411,5,,AVAILABLE
172500000000,12,7,12-8-9-10-11-7,43017042.9429971576,5,,AVAILABLE
172600000000,12,7,12-8-9-10-11-7,43018195.7783090472,5,,AVAILABLE
172700000000,12,7,12-8-9-10-11-7,43019357.4192740247,5,,AVAILABLE
172800000000,12,7,12-8-9-10-11-7,43020509.9726381376,5,,AVAILABLE
172900000000,12,7,12-8-9-10-11-7,43021679.0939514488,5,,AVAILABLE
173000000000,12,7,12-8-9-10-11-7,43022841.2771799639,5,,AVAILABLE
173100000000,12,7,12-8-9-10-11-7,43024015.4846200421,5,,AVAILABLE
173200000000,12,7,12-8-9-10-11-7,43025185.5892266855,5,,AVAILABLE
173300000000,12,7,12-8-9-10-11-7,43026360.4566623122,5,,AVAILABLE
173400000000,12,7,12-8-9-10-11-7,43027540.2559417859,5,,AVAILABLE
173500000000,12,7,12-8-9-10-11-7,43028720.1451164857,5,,AVAILABLE
173600000000,12,7,12-8-9-10-11-7,43029903.0632060021,5,,AVAILABLE
173700000000,12,7,12-8-9-10-11-7,43031088.2772399709,5,,AVAILABLE
173800000000,12,7,12-8-9-10-11-7,43032279.2749288008,5,,AVAILABLE
173900000000,12,7,12-8-9-10-11-7,43033470.4437722340,5,,AVAILABLE
174000000000,12,7,12-8-9-10-11-7,43034663.2700387388,5,,AVAILABLE
174100000000,12,7,12-8-9-10-11-7,43035859.6844393834,5,,AVAILABLE
174200000000,12,7,12-8-9-10-11-7,43037061.9342997149,5,,AVAILABLE
174300000000,12,7,12-8-9-10-11-7,43038262.4552357718,5,,AVAILABLE
174400000000,12,7,12-8-9-10-11-7,43039473.5507247746,5,,AVAILABLE
174500000000,12,7,12-8-9-10-11-7,43040678.4715443030,5,,AVAILABLE
174600000000,12,7,12-8-9-10-11-7,43041887.2057151720,5,,AVAILABLE
174700000000,12,7,12-8-9-10-11-7,43043105.1410115585,5,,AVAILABLE
174800000000,12,7,12-8-9-10-11-7,43044319.3185070902,5,,AVAILABLE
174900000000,12,7,12-8-9-10-11-7,43045543.4810182303,5,,AVAILABLE
175000000000,12,7,12-8-9-10-11-7,43046761.2887737453,5,,AVAILABLE
175100000000,12,7,12-8-9-10-11-7,43047991.5343704820,5,,AVAILABLE
175200000000,12,7,12-8-9-10-11-7,43049215.6457939893,5,,AVAILABLE
175300000000,12,7,12-8-9-10-11-7,43050443.6942172050,5,,AVAILABLE
175400000000,12,7,12-8-9-10-11-7,43051678.1079220772,5,,AVAILABLE
175500000000,12,7,12-8-9-10-11-7,43052917.9606586695,5,,AVAILABLE
175600000000,12,7,12-8-9-10-11-7,43054157.8850454614,5,,AVAILABLE
175700000000,12,7,12-8-9-10-11-7,43055398.9761462882,5,,AVAILABLE
175800000000,12,7,12-8-9-10-11-7,43056642.2363747656,5,,AVAILABLE
175900000000,12,7,12-8-9-10-11-7,43057887.4928806871,5,,AVAILABLE
176000000000,12,7,12-8-9-10-11-7,43059142.0804595947,5,,AVAILABLE
176100000000,12,7,12-8-9-10-11-7,43060395.8507361487,5,,AVAILABLE
176200000000,12,7,12-8-9-10-11-7,43061648.8248162791,5,,AVAILABLE
176300000000,12,7,12-8-9-10-11-7,43062905.5436188951,5,,AVAILABLE
176400000000,12,7,12-8-9-10-11-7,43064169.8624400496,5,,AVAILABLE
176500000000,12,7,12-8-9-10-11-7,43065432.7293244824,5,,AVAILABLE
176600000000,12,7,12-8-9-10-11-7,43066701.0603401065,5,,AVAILABLE
176700000000,12,7,12-8-9-10-11-7,43067966.3740169704,5,,AVAILABLE
176800000000,12,7,12-8-9-10-11-7,43069240.8661611304,5,,AVAILABLE
176900000000,12,7,12-8-9-10-11-7,43070513.5459188223,5,,AVAILABLE
177000000000,12,7,12-8-9-10-11-7,43071794.4298729300,5,,AVAILABLE
177100000000,12,7,12-8-9-10-11-7,43073074.4470556080,5,,AVAILABLE
177200000000,12,7,12-8-9-10-11-7,43074358.6444453970,5,,AVAILABLE
177300000000,12,7,12-8-9-10-11-7,43075645.5007812008,5,,AVAILABLE
177400000000,12,7,12-8-9-10-11-7,43076932.2284212336,5,,AVAILABLE
177500000000,12,7,12-8-9-10-11-7,43078226.4290410504,5,,AVAILABLE
177600000000,12,7,12-8-9-10-11-7,43079520.5716351271,5,,AVAILABLE
177700000000,12,7,12-8-9-10-11-7,43080815.0213177875,5,,AVAILABLE
177800000000,12,7,12-8-9-10-11-7,43082117.2907673717,5,,AVAILABLE
177900000000,12,7,12-8-9-10-11-7,43083421.4249395132,5,,AVAILABLE
178000000000,12,7,12-8-9-10-11-7,43084728.1637600437,5,,AVAILABLE
178100000000,12,7,12-8-9-10-11-7,43086033.1641553938,5,,AVAILABLE
178200000000,12,7,12-8-9-10-11-7,43087341.8178555742,5,,AVAILABLE
178300000000,12,7,12-8-9-10-11-7,43088655.6292639598,5,,AVAILABLE
178400000000,12,7,12-8-9-10-11-7,43089974.0893072113,5,,AVAILABLE
178500000000,12,7,12-8-9-10-11-7,43091293.2073133439,5,,AVAILABLE
178600000000,12,7,12-8-9-10-11-7,43092612.0200055763,5,,AVAILABLE
178700000000,12,7,12-8-9-10-11-7,43093937.6865412444,5,,AVAILABLE
178800000000,12,7,12-8-9-10-11-7,43095266.0419181734,5,,AVAILABLE
178900000000,12,7,12-8-9-10-11-7,43096594.7751636803,5,,AVAILABLE
179000000000,12,7,12-8-9-10-11-7,43097927.3490997329,5,,AVAILABLE
179100000000,12,7,12-8-9-10-11-7,43099262.9322609678,5,,AVAILABLE
179200000000,12,7,12-8-9-10-11-7,43100600.6594262421,5,,AVAILABLE
179300000000,12,7,12-8-9-10-11-7,43101942.0364101902,5,,AVAILABLE
179400000000,12,7,12-8-9-10-11-7,43103284.6822053194,5,,AVAILABLE
179500000000,12,7,12-8-9-10-11-7,43104631.3801004440,5,,AVAILABLE
179600000000,12,7,12-8-9-10-11-7,43105977.5698190108,5,,AVAILABLE
179700000000,12,7,12-8-9-10-11-7,43107330.5491462573,5,,AVAILABLE
179800000000,12,7,12-8-9-10-11-7,43108686.5114229694,5,,AVAILABLE
179900000000,12,7,12-8-9-10-11-7,43110045.6377831474,5,,AVAILABLE
180000000000,12,7,12-8-9-10-11-7,43111405.2604005933,5,,AVAILABLE
180100000000,12,7,12-8-9-10-11-7,43112763.4907687530,5,,AVAILABLE
180200000000,12,7,12-8-9-10-11-7,43114132.4006314948,5,,AVAILABLE
180300000000,12,7,12-8-9-10-11-7,43115496.9427574426,5,,AVAILABLE
180400000000,12,7,12-8-9-10-11-7,43116866.3667439595,5,,AVAILABLE
180500000000,12,7,12-8-9-10-11-7,43118245.0946960002,5,,AVAILABLE
180600000000,12,7,12-8-9-10-11-7,43119612.3409467340,5,,AVAILABLE
180700000000,12,7,12-8-9-10-11-7,43120994.4587826058,5,,AVAILABLE
180800000000,12,7,12-8-9-10-11-7,43122370.9979565665,5,,AVAILABLE
180900000000,12,7,12-8-9-10-11-7,43123762.0698649362,5,,AVAILABLE
181000000000,12,7,12-8-9-10-11-7,43125146.5442696214,5,,AVAILABLE
181100000000,12,7,12-8-9-10-11-7,43126537.5339359343,5,,AVAILABLE
181200000000,12,7,12-8-9-10-11-7,43127927.0720182732,5,,AVAILABLE
181300000000,12,7,12-8-9-10-11-7,43129319.2794265375,5,,AVAILABLE
181400000000,12,7,12-8-9-10-11-7,43130718.4407181740,5,,AVAILABLE
181500000000,12,7,12-8-9-10-11-7,43132121.5428171977,5,,AVAILABLE
181600000000,12,7,12-8-9-10-11-7,43133521.7377232760,5,,AVAILABLE
181700000000,12,7,12-8-9-10-11-7,43134926.5166296214,5,,AVAILABLE
181800000000,12,7,12-8-9-10-11-7,43136336.3551103547,5,,AVAILABLE
181900000000,12,7,12-8-9-10-11-7,43137743.6273615807,5,,AVAILABLE
182000000000,12,7,12-8-9-10-11-7,43139159.6075201631,5,,AVAILABLE
182100000000,12,7,12-8-9-10-11-7,43140576.5132148862,5,,AVAILABLE
182200000000,12,7,12-8-9-10-11-7,43141992.1796511635,5,,AVAILABLE
182300000000,12,7,12-8-9-10-11-7,43143413.4742798954,5,,AVAILABLE
182400000000,12,7,12-8-9-10-11-7,43144837.6809420884,5,,AVAILABLE
182500000000,12,7,12-8-9-10-11-7,43146265.6576778889,5,,AVAILABLE
182600000000,12,7,12-8-9-10-11-7,43147692.4073757008,5,,AVAILABLE
182700000000,12,7,12-8-9-10-11-7,43149120.7304164693,5,,AVAILABLE
182800000000,12,7,12-8-9-10-11-7,43150560.8923321217,5,,AVAILABLE
182900000000,12,7,12-8-9-10-11-7,43151998.1832663491,5,,AVAILABLE
183000000000,12,7,12-8-9-10-11-7,43153434.9671245590,5,,AVAILABLE
183100000000,12,7,12-8-9-10-11-7,43154879.7617130280,5,,AVAILABLE
183200000000,12,7,12-8-9-10-11-7,43156325.5271208957,5,,AVAILABLE
183300000000,12,7,12-8-9-10-11-7,43157768.3436947092,5,,AVAILABLE
183400000000,12,7,12-8-9-10-11-7,43159222.1813809350,5,,AVAILABLE
183500000000,12,7,12-8-9-10-11-7,43160673.1717222556,5,,AVAILABLE
183600000000,12,7,12-8-9-10-11-7,43162123.0498902127,5,,AVAILABLE
183700000000,12,7,12-8-9-10-11-7,43163589.3230636492,5,,AVAILABLE
183800000000,12,7,12-8-9-10-11-7,43165046.4467082545,5,,AVAILABLE
183900000000,12,7,12-8-9-10-11-7,43166513.2793847993,5,,AVAILABLE
184000000000,12,7,12-8-9-10-11-7,43167981.1504200548,5,,AVAILABLE
184100000000,12,7,12-8-9-10-11-7,43169442.6802642867,5,,AVAILABLE
184200000000,12,7,12-8-9-10-11-7,43170915.8922272846,5,,AVAILABLE
184300000000,12,7,12-8-9-10-11-7,43172388.4063796550,5,,AVAILABLE
184400000000,12,7,12-8-9-10-11-7,43173866.2669453025,5,,AVAILABLE
184500000000,12,7,12-8-9-10-11-7,43175347.7512533292,5,,AVAILABLE
184600000000,12,7,12-8-9-10-11-7,43176830.6879364774,5,,AVAILABLE
184700000000,12,7,12-8-9-10-11-7,43178314.2829795405,5,,AVAILABLE
184800000000,12,7,12-8-9-10-11-7,43179798.7960410193,5,,AVAILABLE
184900000000,12,7,12-8-9-10-11-7,43181290.1645895764,5,,AVAILABLE
185000000000,12,7,12-8-9-10-11-7,43182781.3729235604,5,,AVAILABLE
185100000000,12,7,12-8-9-10-11-7,43184275.8009589091,5,,AVAILABLE
185200000000,12,7,12-8-9-10-11-7,43185772.5512726605,5,,AVAILABLE
185300000000,12,7,12-8-9-10-11-7,43187274.4565364867,5,,AVAILABLE
185400000000,12,7,12-8-9-10-11-7,43188775.7917649895,5,,AVAILABLE
185500000000,12,7,12-8-9-10-11-7,43190278.9257550091,5,,AVAILABLE
185600000000,12,7,12-8-9-10-11-7,43191788.3449937254,5,,AVAILABLE
185700000000,12,7,12-8-9-10-11-7,43193301.3342190981,5,,AVAILABLE
185800000000,12,7,12-8-9-10-11-7,43194809.4653652757,5,,AVAILABLE
185900000000,12,7,12-8-9-10-11-7,43196326.2813615277,5,,AVAILABLE
186000000000,12,7,12-8-9-10-11-7,43197843.6538369283,5,,AVAILABLE
186100000000,12,7,12-8-9-10-11-7,43199367.7287177667,5,,AVAILABLE
186200000000,12,7,12-8-9-10-11-7,43200891.0007008538,5,,AVAILABLE
186300000000,12,7,12-8-9-10-11-7,43202416.0971487239,5,,AVAILABLE
186400000000,12,7,12-8-9-10-11-7,43203941.6282476857,5,,AVAILABLE
186500000000,12,7,12-8-9-10-11-7,43205473.8125474155,5,,AVAILABLE
186600000000,12,7,12-8-9-10-11-7,43207011.2250552624,5,,AVAILABLE
186700000000,12,7,12-8-9-10-11-7,43208544.8190016598,5,,AVAILABLE
186800000000,12,7,12-8-9-10-11-7,43210082.6042859256,5,,AVAILABLE
186900000000,12,7,12-8-9-10-11-7,43211622.3828318790,5,,AVAILABLE
187000000000,12,7,12-8-9-10-11-7,43213165.6726006493,5,,AVAILABLE
187100000000,12,7,12-8-9-10-11-7,43214713.8145639002,5,,AVAILABLE
187200000000,12,7,12-8-9-10-11-7,43216261.5980077833,5,,AVAILABLE
187300000000,12,7,12-8-9-10-11-7,43217814.8704501018,5,,AVAILABLE
187400000000,12,7,12-8-9-10-11-7,43219368.3938630670,5,,AVAILABLE
187500000000,12,7,12-8-9-10-11-7,43220927.0031445771,5,,AVAILABLE
187600000000,12,7,12-8-9-10-11-7,43222481.6692025512,5,,AVAILABLE
187700000000,12,7,12-8-9-10-11-7,43224041.7640869617,5,,AVAILABLE
187800000000,12,7,12-8-9-10-11-7,43225608.3917304203,5,,AVAILABLE
187900000000,12,7,12-8-9-10-11-7,43227177.4048310071,5,,AVAILABLE
188000000000,12,7,12-8-9-10-11-7,43228745.9534295276,5,,AVAILABLE
188100000000,12,7,12-8-9-10-11-7,43230318.8134949207,5,,AVAILABLE
188200000000,12,7,12-8-9-10-11-7,43231892.7044479698,5,,AVAILABLE
188300000000,12,7,12-8-9-10-11-7,43233469.2630433887,5,,AVAILABLE
188400000000,12,7,12-8-9-10-11-7,43235044.7331803590,5,,AVAILABLE
188500000000,12,7,12-8-9-10-11-7,43236627.5323541760,5,,AVAILABLE
188600000000,12,7,12-8-9-10-11-7,43238213.7405385822,5,,AVAILABLE
188700000000,12,7,12-8-9-10-11-7,43239804.6231053174,5,,AVAILABLE
188800000000,12,7,12-8-9-10-11-7,43241392.7682314813,5,,AVAILABLE
188900000000,12,7,12-8-9-10-11-7,43242984.1870221123,5,,AVAILABLE
189000000000,12,7,12-8-9-10-11-7,43244577.3467084095,5,,AVAILABLE
189100000000,12,7,12-8-9-10-11-7,43246177.7390001863,5,,AVAILABLE
189200000000,12,7,12-8-9-10-11-7,43247775.9817459658,5,,AVAILABLE
189300000000,12,7,12-8-9-10-11-7,43249372.9167219922,5,,AVAILABLE
189400000000,12,7,12-8-9-10-11-7,43250983.3630111292,5,,AVAILABLE
189500000000,12,7,12-8-9-10-11-7,43252592.1542915031,5,,AVAILABLE
189600000000,12,7,12-8-9-10-11-7,43254199.0599364191,5,,AVAILABLE
189700000000,12,7,12-8-9-10-11-7,43255810.5917851254,5,,AVAILABLE
189800000000,12,7,12-8-9-10-11-7,43257425.6826427355,5,,AVAILABLE
189900000000,12,7,12-8-9-10-11-7,43259040.0386584401,5,,AVAILABLE
190000000000,12,7,12-8-9-10-11-7,43260662.9825475961,5,,AVAILABLE
190100000000,12,7,12-8-9-10-11-7,43262285.2532418817,5,,AVAILABLE
190200000000,12,7,12-8-9-10-11-7,43263908.7198340446,5,,AVAILABLE
190300000000,12,7,12-8-9-10-11-7,43265536.0096928030,5,,AVAILABLE
190400000000,12,7,12-8-9-10-11-7,43267168.1966936067,5,,AVAILABLE
190500000000,12,7,12-8-9-10-11-7,43268804.8125190884,5,,AVAILABLE
190600000000,12,7,12-8-9-10-11-7,43270434.6574481204,5,,AVAILABLE
190700000000,12,7,12-8-9-10-11-7,43272068.9555590227,5,,AVAILABLE
190800000000,12,7,12-8-9-10-11-7,43273713.1854384094,5,,AVAILABLE
190900000000,12,7,12-8-9-10-11-7,43275354.6353758872,5,,AVAILABLE
191000000000,12,7,12-8-9-10-11-7,43276998.8067575172,5,,AVAILABLE
191100000000,12,7,12-8-9-10-11-7,43278643.4492521733,5,,AVAILABLE
191200000000,12,7,12-8-9-10-11-7,43280293.5784820840,5,,AVAILABLE
191300000000,12,7,12-8-9-10-11-7,43281948.3155261129,5,,AVAILABLE
191400000000,12,7,12-8-9-10-11-7,43283599.2741942704,5,,AVAILABLE
191500000000,12,7,12-8-9-10-11-7,43285260.0124757811,5,,AVAILABLE
191600000000,12,7,12-8-9-10-11-7,43286918.0245792419,5,,AVAILABLE
191700000000,12,7,12-8-9-10-11-7,43288582.8749203682,5,,AVAILABLE
191800000000,12,7,12-8-9-10-11-7,43290247.3402639255,5,,AVAILABLE
191900000000,12,7,12-8-9-10-11-7,43291914.4790963456,5,,AVAILABLE
192000000000,12,7,12-8-9-10-11-7,43293584.2732011452,5,,AVAILABLE
192100000000,12,7,12-8-9-10-11-7,43295253.5855413824,5,,AVAILABLE
192200000000,12,7,12-8-9-10-11-7,43296928.7452340350,5,,AVAILABLE
192300000000,12,7,12-8-9-10-11-7,43298602.8671065867,5,,AVAILABLE
192400000000,12,7,12-8-9-10-11-7,43300288.3790031075,5,,AVAILABLE
192500000000,12,7,12-8-9-10-11-7,43301965.6188241914,5,,AVAILABLE
192600000000,12,7,12-8-9-10-11-7,43303649.7031892687,5,,AVAILABLE
192700000000,12,7,12-8-9-10-11-7,43305339.5438765287,5,,AVAILABLE
192800000000,12,7,12-8-9-10-11-7,43307025.4250672609,5,,AVAILABLE
192900000000,12,7,12-8-9-10-11-7,43308720.6255609840,5,,AVAILABLE
193000000000,12,7,12-8-9-10-11-7,43310412.7831756696,5,,AVAILABLE
193100000000,12,7,12-8-9-10-11-7,43312111.0941113904,5,,AVAILABLE
193200000000,12,7,12-8-9-10-11-7,43313808.9087201357,5,,AVAILABLE
193300000000,12,7,12-8-9-10-11-7,43315505.5596949905,5,,AVAILABLE
193400000000,12,7,12-8-9-10-11-7,43317212.3510070443,5,,AVAILABLE
193500000000,12,7,12-8-9-10-11-7,43318920.2558400407,5,,AVAILABLE
193600000000,12,7,12-8-9-10-11-7,43320627.2825129256,5,,AVAILABLE
193700000000,12,7,12-8-9-10-11-7,43322338.5535661206,5,,AVAILABLE
193800000000,12,7,12-8-9-10-11-7,43324049.8740144670,5,,AVAILABLE
193900000000,12,7,12-8-9-10-11-7,43325765.5584592447,5,,AVAILABLE
194000000000,12,7,12-8-9-10-11-7,43327486.1984817460,5,,AVAILABLE
194100000000,12,7,12-8-9-10-11-7,43329207.0477046892,5,,AVAILABLE
194200000000,12,7,12-8-9-10-11-7,43330929.5527290851,5,,AVAILABLE
194300000000,12,7,12-8-9-10-11-7,43332659.6430348977,5,,AVAILABLE
194400000000,12,7,12-8-9-10-11-7,43334382.0819760412,5,,AVAILABLE
194500000000,12,7,12-8-9-10-11-7,43336112.6772402227,5,,AVAILABLE
194600000000,12,7,12-8-9-10-11-7,43337850.2791843712,5,,AVAILABLE
194700000000,12,7,12-8-9-10-11-7,43339584.7091505975,5,,AVAILABLE
194800000000,12,7,12-8-9-10-11-7,43341319.6703782752,5,,AVAILABLE
194900000000,12,7,12-8-9-10-11-7,43343058.6941362917,5,,AVAILABLE
195000000000,12,7,12-8-9-10-11-7,43344802.3894704580,5,,AVAILABLE
195100000000,12,7,12-8-9-10-11-7,43346546.3782035336,5,,AVAILABLE
195200000000,12,7,12-8-9-10-11-7,43348293.7466718107,5,,AVAILABLE
195300000000,12,7,12-8-9-10-11-7,43350043.4043302536,5,,AVAILABLE
195400000000,12,7,12-8-9-10-11-7,43351798.6765310019,5,,AVAILABLE
195500000000,12,7,12-8-9-10-11-7,43353552.5998244956,5,,AVAILABLE
195600000000,12,7,12-8-9-10-11-7,43355309.9910269678,5,,AVAILABLE
195700000000,12,7,12-8-9-10-11-7,43357068.4352751896,5,,AVAILABLE
195800000000,12,7,12-8-9-10-11-7,43358831.8201041147,5,,AVAILABLE
195900000000,12,7,12-8-9-10-11-7,43360596.4542291686,5,,AVAILABLE
196000000000,12,7,12-8-9-10-11-7,43362359.4283741042,5,,AVAILABLE
196100000000,12,7,12-8-9-10-11-7,43364128.5843340829,5,,AVAILABLE
196200000000,12,7,12-8-9-10-11-7,43365902.8739284277,5,,AVAILABLE
196300000000,12,7,12-8-9-10-11-7,43367673.0940962061,5,,AVAILABLE
196400000000,12,7,12-8-9-10-11-7,43369449.1481482014,5,,AVAILABLE
196500000000,12,7,12-8-9-10-11-7,43371233.7365276814,5,,AVAILABLE
196600000000,12,7,12-8-9-10-11-7,43373008.2744146436,5,,AVAILABLE
196700000000,12,7,12-8-9-10-11-7,43374797.3741160333,5,,AVAILABLE
196800000000,12,7,12-8-9-10-11-7,43376580.4110573754,5,,AVAILABLE
196900000000,12,7,12-8-9-10-11-7,43378364.0923466980,5,,AVAILABLE
197000000000,12,7,12-8-9-10-11-7,43380159.0312310159,5,,AVAILABLE
197100000000,12,7,12-8-9-10-11-7,43381953.7198930532,5,,AVAILABLE
197200000000,12,7,12-8-9-10-11-7,43383743.7659628168,5,,AVAILABLE
197300000000,12,7,12-8-9-10-11-7,43385547.8494369835,5,,AVAILABLE
197400000000,12,7,12-8-9-10-11-7,43387347.1810385734,5,,AVAILABLE
197500000000,12,7,12-8-9-10-11-7,43389145.2553030327,5,,AVAILABLE
197600000000,12,7,12-8-9-10-11-7,43390951.5620731935,5,,AVAILABLE
197700000000,12,7,12-8-9-10-11-7,43392759.2949861586,5,,AVAILABLE
197800000000,12,7,12-8-9-10-11-7,43394565.6819691211,5,,AVAILABLE
197900000000,12,7,12-8-9-10-11-7,43396378.1390175298,5,,AVAILABLE
198000000000,12,7,12-8-9-10-11-7,43398188.7897795960,5,,AVAILABLE
198100000000,12,7,12-8-9-10-11-7,43400009.6603356823,5,,AVAILABLE
198200000000,12,7,12-8-9-10-11-7,43401824.8270673975,5,,AVAILABLE
198300000000,12,7,12-8-9-10-11-7,43403647.1338554844,5,,AVAILABLE
198400000000,12,7,12-8-9-10-11-7,43405470.9492431954,5,,AVAILABLE
198500000000,12,7,12-8-9-10-11-7,43407293.2161424011,5,,AVAILABLE
198600000000,12,7,12-8-9-10-11-7,43409123.3033802807,5,,AVAILABLE
198700000000,12,7,12-8-9-10-11-7,43410957.6882271394,5,,AVAILABLE
198800000000,12,7,12-8-9-10-11-7,43412788.1055367142,5,,AVAILABLE
198900000000,12,7,12-8-9-10-11-7,43414619.0572990999,5,,AVAILABLE
199000000000,12,7,12-8-9-10-11-7,43416462.5796672031,5,,AVAILABLE
199100000000,12,7,12-8-9-10-11-7,43418296.9702403247,5,,AVAILABLE
199200000000,12,7,12-8-9-10-11-7,43420139.4246931076,5,,AVAILABLE
199300000000,12,7,12-8-9-10-11-7,43421986.5355336666,5,,AVAILABLE
199400000000,12,7,12-8-9-10-11-7,43423833.2140339166,5,,AVAILABLE
199500000000,12,7,12-8-9-10-11-7,43425679.7268024832,5,,AVAILABLE
199600000000,12,7,12-8-9-10-11-7,43427531.8189993277,5,,AVAILABLE
199700000000,12,7,12-8-9-10-11-7,43429383.9692238122,5,,AVAILABLE
199800000000,12,7,12-8-9-10-11-7,43431242.1952517629,5,,AVAILABLE
199900000000,12,7,12-8-9-10-11-7,43433096.8208671436,5,,AVAILABLE
