time_ns,source,destination,route,rtt_ns,hop_count,failed_isls,status
0,12,13,12-1-0-3-13,29423137.7582285441,4,,NORMAL
100000000,12,13,12-1-0-3-13,29420274.7523780316,4,,NORMAL
200000000,12,13,12-1-0-3-13,29417416.2549379691,4,,NORMAL
300000000,12,13,12-1-0-3-13,29414557.0226525590,4,,NORMAL
400000000,12,13,12-1-0-3-13,29411701.9179692790,4,,NORMAL
500000000,12,13,12-1-0-3-13,29408850.1008567959,4,,NORMAL
600000000,12,13,12-1-0-3-13,29406002.1623740010,4,,NORMAL
700000000,12,13,12-1-0-3-13,29403159.0706807673,4,,NORMAL
800000000,12,13,12-1-0-3-13,29400312.8807676099,4,,NORMAL
900000000,12,13,12-1-0-3-13,29397478.8448407762,4,,NORMAL
1000000000,12,13,12-1-0-3-13,29394645.6294133514,4,,NORMAL
1100000000,12,13,12-1-0-3-13,29391816.5416989326,4,,NORMAL
1200000000,12,13,12-1-0-3-13,29388984.9375459999,4,,NORMAL
1300000000,12,13,12-1-0-3-13,29386162.4322737679,4,,NORMAL
1400000000,12,13,12-1-0-3-13,29383343.8015010655,4,,NORMAL
1500000000,12,13,12-1-0-3-13,29380523.6305930093,4,,NORMAL
1600000000,12,13,12-1-0-3-13,29377712.4176221453,4,,NORMAL
1700000000,12,13,12-1-0-3-13,29374903.0804625936,4,,NORMAL
1800000000,12,13,12-1-0-3-13,29372094.2023473755,4,,NORMAL
1900000000,12,13,12-1-0-3-13,29369298.0646757148,4,,NORMAL
2000000000,12,13,12-1-0-3-13,29366492.1285677999,4,,NORMAL
2100000000,12,13,12-1-0-3-13,29363699.0425060876,4,,NORMAL
2200000000,12,13,12-1-0-3-13,29360906.5260974243,4,,NORMAL
2300000000,12,13,12-1-0-3-13,29358122.4996629842,4,,NORMAL
2400000000,12,13,12-1-0-3-13,29355330.5662655719,4,,NORMAL
2500000000,12,13,12-1-0-3-13,29352548.7601813152,4,,NORMAL
2600000000,12,13,12-1-0-3-13,29349771.0818063542,4,,NORMAL
2700000000,12,13,12-1-0-3-13,29346997.9954928644,4,,NORMAL
2800000000,12,13,12-1-0-3-13,29344223.1256974824,4,,NORMAL
2900000000,12,13,12-1-0-3-13,29341458.7628897540,4,,NORMAL
3000000000,12,13,12-1-0-3-13,29338691.8913970292,4,,NORMAL
3100000000,12,13,12-1-0-3-13,29335927.8649162576,4,,NORMAL
3200000000,12,13,12-1-0-3-13,29333173.8257661983,4,,NORMAL
3300000000,12,13,12-1-0-3-13,29330420.4110861309,4,,NORMAL
3400000000,12,13,12-1-0-3-13,29327673.5346315429,4,,NORMAL
3500000000,12,13,12-1-0-3-13,29324923.3701694086,4,,NORMAL
3600000000,12,13,12-1-0-3-13,29322179.2257006876,4,,NORMAL
3700000000,12,13,12-1-0-3-13,29319439.6725743189,4,,NORMAL
3800000000,12,13,12-1-0-3-13,29316699.3063753769,4,,NORMAL
3900000000,12,13,12-1-0-3-13,29313966.9157105796,4,,NORMAL
4000000000,12,13,12-1-0-3-13,29311244.0714721829,4,,NORMAL
4100000000,12,13,12-1-0-3-13,29308514.4173384458,4,,NORMAL
4200000000,12,13,12-1-0-3-13,29305792.1572520062,4,,NORMAL
4300000000,12,13,12-1-0-3-13,29303072.7148438878,4,,NORMAL
4400000000,12,13,12-1-0-3-13,29300363.8711474612,4,,NORMAL
4500000000,12,13,12-1-0-3-13,29297646.9095280394,4,,NORMAL
4600000000,12,13,12-1-0-3-13,29294939.4840996340,4,,NORMAL
4700000000,12,13,12-1-0-3-13,29292234.0473051071,4,,NORMAL
4800000000,12,13,12-1-0-3-13,29289531.3214910626,4,,NORMAL
4900000000,12,13,12-1-0-3-13,29286835.6567555740,4,,NORMAL
5000000000,12,13,12-1-0-3-13,29284142.2319751866,4,,NORMAL
5100000000,12,13,12-1-0-3-13,29281450.7964030840,4,,NORMAL
5200000000,12,13,12-1-0-3-13,29278763.9550101757,4,,NORMAL
5300000000,12,13,12-1-0-3-13,29276074.4207189865,4,,NORMAL
5400000000,12,13,12-1-0-3-13,29273394.5288301744,4,,NORMAL
5500000000,12,13,12-1-0-3-13,29270722.4119579978,4,,NORMAL
5600000000,12,13,12-1-0-3-13,29268049.5710983351,4,,NORMAL
5700000000,12,13,12-1-0-3-13,29265378.9784050100,4,,NORMAL
5800000000,12,13,12-1-0-3-13,29262713.5548840873,4,,NORMAL
5900000000,12,13,12-1-0-3-13,29260050.9556331560,4,,NORMAL
6000000000,12,13,12-1-0-3-13,29257389.3118924052,4,,NORMAL
6100000000,12,13,12-1-0-3-13,29254732.2454682738,4,,NORMAL
6200000000,12,13,12-1-0-3-13,29252080.8242118582,4,,NORMAL
6300000000,12,13,12-1-0-3-13,29249436.7127785161,4,,NORMAL
6400000000,12,13,12-1-0-3-13,29246790.3555867970,4,,NORMAL
6500000000,12,13,12-1-0-3-13,29244147.7566774413,4,,NORMAL
6600000000,12,13,12-1-0-3-13,29241508.3747830056,4,,NORMAL
6700000000,12,13,12-1-0-3-13,29238875.9873759449,4,,NORMAL
6800000000,12,13,12-1-0-3-13,29236244.0128895342,4,,NORMAL
6900000000,12,13,12-1-0-3-13,29233615.9989393577,4,,NORMAL
7000000000,12,13,12-1-0-3-13,29230995.5472637452,4,,NORMAL
7100000000,12,13,12-1-0-3-13,29228368.3802548274,4,,NORMAL
7200000000,12,13,12-1-0-3-13,29225761.3292036876,4,,NORMAL
7300000000,12,13,12-1-0-3-13,29223145.3476286903,4,,NORMAL
7400000000,12,13,12-1-0-3-13,29220531.6921304353,4,,NORMAL
7500000000,12,13,12-1-0-3-13,29217927.4803342260,4,,NORMAL
7600000000,12,13,12-1-0-3-13,29215321.7913104296,4,,NORMAL
7700000000,12,13,12-1-0-3-13,29212726.9659382440,4,,NORMAL
7800000000,12,13,12-1-0-3-13,29210133.6181733012,4,,NORMAL
7900000000,12,13,12-1-0-3-13,29207538.0656804889,4,,NORMAL
8000000000,12,13,12-1-0-3-13,29204952.1346397363,4,,NORMAL
8100000000,12,13,12-1-0-3-13,29202363.9999128692,4,,NORMAL
8200000000,12,13,12-1-0-3-13,29199782.7683357187,4,,NORMAL
8300000000,12,13,12-1-0-3-13,29197210.3459613994,4,,NORMAL
8400000000,12,13,12-1-0-3-13,29194638.7385635450,4,,NORMAL
8500000000,12,13,12-1-0-3-13,29192063.2933245637,4,,NORMAL
8600000000,12,13,12-1-0-3-13,29189495.5978114083,4,,NORMAL
8700000000,12,13,12-1-0-3-13,29186934.6974638291,4,,NORMAL
8800000000,12,13,12-1-0-3-13,29184375.7156451307,4,,NORMAL
8900000000,12,13,12-1-0-3-13,29181814.2713126987,4,,NORMAL
9000000000,12,13,12-1-0-3-13,29179262.3048743308,4,,NORMAL
9100000000,12,13,12-1-0-3-13,29176713.5922413729,4,,NORMAL
9200000000,12,13,12-1-0-3-13,29174168.6115280725,4,,NORMAL
9300000000,12,13,12-1-0-3-13,29171624.6371048875,4,,NORMAL
9400000000,12,13,12-1-0-3-13,29169089.8491795696,4,,NORMAL
9500000000,12,13,12-1-0-3-13,29166555.9913328327,4,,NORMAL
9600000000,12,13,12-1-0-3-13,29164019.5092131123,4,,NORMAL
9700000000,12,13,12-1-0-3-13,29161495.8460292853,4,,NORMAL
9800000000,12,13,12-1-0-3-13,29158970.4143181182,4,,NORMAL
9900000000,12,13,12-1-0-3-13,29156451.0363456570,4,,NORMAL
10000000000,12,13,12-1-0-3-13,29153930.2228953019,4,,NORMAL
10100000000,12,13,12-1-0-3-13,29151418.6768837571,4,,NORMAL
10200000000,12,13,12-1-0-3-13,29148904.0299839377,4,,NORMAL
10300000000,12,13,12-1-0-3-13,29146402.2075404413,4,,NORMAL
10400000000,12,13,12-1-0-3-13,29143904.5643795803,4,,NORMAL
10500000000,12,13,12-1-0-3-13,29141401.4600250982,4,,NORMAL
10600000000,12,13,12-1-0-3-13,29138904.5986252651,4,,NORMAL
10700000000,12,13,12-1-0-3-13,29136412.9838173389,4,,NORMAL
10800000000,12,13,12-1-0-3-13,29133926.0691121034,4,,NORMAL
10900000000,12,13,12-1-0-3-13,29131438.2984775230,4,,NORMAL
11000000000,12,13,12-1-0-3-13,29128956.5155986287,4,,NORMAL
11100000000,12,13,12-1-0-3-13,29126483.9820431322,4,,NORMAL
11200000000,12,13,12-1-0-3-13,29124007.8849186972,4,,NORMAL
11300000000,12,13,12-1-0-3-13,29121539.8420769386,4,,NORMAL
11400000000,12,13,12-1-0-3-13,29119070.3468485512,4,,NORMAL
11500000000,12,13,12-1-0-3-13,29116604.8085513264,4,,NORMAL
11600000000,12,13,12-1-0-3-13,29114148.0385201424,4,,NORMAL
11700000000,12,13,12-1-0-3-13,29111689.2330195829,4,,NORMAL
11800000000,12,13,12-1-0-3-13,29109239.4620916285,4,,NORMAL
11900000000,12,13,12-1-0-3-13,29106788.3412394449,4,,NORMAL
12000000000,12,13,12-1-0-3-13,29104346.9023223892,4,,NORMAL
12100000000,12,13,12-1-0-3-13,29101908.2571044788,4,,NORMAL
12200000000,12,13,12-1-0-3-13,29099465.6958660074,4,,NORMAL
12300000000,12,13,12-1-0-3-13,29097034.0479617752,4,,NORMAL
12400000000,12,13,12-1-0-3-13,29094604.6443464831,4,,NORMAL
12500000000,12,13,12-1-0-3-13,29092170.4537480399,4,,NORMAL
12600000000,12,13,12-1-0-3-13,29089751.2452749275,4,,NORMAL
12700000000,12,13,12-1-0-3-13,29087332.5490187518,4,,NORMAL
12800000000,12,13,12-1-0-3-13,29084908.6105626374,4,,NORMAL
12900000000,12,13,12-1-0-3-13,29082497.3557046764,4,,NORMAL
13000000000,12,13,12-1-0-3-13,29080089.3668341562,4,,NORMAL
13100000000,12,13,12-1-0-3-13,29077688.2816288657,4,,NORMAL
13200000000,12,13,12-1-0-3-13,29075281.8247315921,4,,NORMAL
13300000000,12,13,12-1-0-3-13,29072887.7386080623,4,,NORMAL
13400000000,12,13,12-1-0-3-13,29070488.7631127648,4,,NORMAL
13500000000,12,13,12-1-0-3-13,29068094.8957899474,4,,NORMAL
13600000000,12,13,12-1-0-3-13,29065710.4711666070,4,,NORMAL
13700000000,12,13,12-1-0-3-13,29063323.9372799583,4,,NORMAL
13800000000,12,13,12-1-0-3-13,29060945.6779138930,4,,NORMAL
13900000000,12,13,12-1-0-3-13,29058568.3750741854,4,,NORMAL
14000000000,12,13,12-1-0-3-13,29056196.1341546364,4,,NORMAL
14100000000,12,13,12-1-0-3-13,29053825.8308668174,4,,NORMAL
14200000000,12,13,12-1-0-3-13,29051462.3213707022,4,,NORMAL
14300000000,12,13,12-1-0-3-13,29049102.1867316589,4,,NORMAL
14400000000,12,13,12-1-0-3-13,29046741.6100213751,4,,NORMAL
14500000000,12,13,12-1-0-3-13,29044385.2393214144,4,,NORMAL
14600000000,12,13,12-1-0-3-13,29042036.6294723451,4,,NORMAL
14700000000,12,13,12-1-0-3-13,29039684.4646400362,4,,NORMAL
14800000000,12,13,12-1-0-3-13,29037345.1613053791,4,,NORMAL
14900000000,12,13,12-1-0-3-13,29035002.6306555234,4,,NORMAL
15000000000,12,13,12-1-0-3-13,29032665.1751988269,4,,NORMAL
15100000000,12,13,12-1-0-3-13,29030332.9985343516,4,,NORMAL
15200000000,12,13,12-1-0-3-13,29028003.8542330824,4,,NORMAL
15300000000,12,13,12-1-0-3-13,29025677.1346735358,4,,NORMAL
15400000000,12,13,12-1-0-3-13,29023357.6248483919,4,,NORMAL
15500000000,12,13,12-1-0-3-13,29021037.0840882249,4,,NORMAL
15600000000,12,13,12-1-0-3-13,29018721.9061577246,4,,NORMAL
15700000000,12,13,12-1-0-3-13,29016412.2039046399,4,,NORMAL
15800000000,12,13,12-1-0-3-13,29014103.1914418265,4,,NORMAL
15900000000,12,13,12-1-0-3-13,29011802.7811487056,4,,NORMAL
16000000000,12,13,12-1-0-3-13,29009499.3069572225,4,,NORMAL
16100000000,12,13,12-1-0-3-13,29007204.9936042503,4,,NORMAL
16200000000,12,13,12-1-0-3-13,29004910.8135301769,4,,NORMAL
16300000000,12,13,12-1-0-3-13,29002620.1932764985,4,,NORMAL
16400000000,12,13,12-1-0-3-13,29000336.0270323679,4,,NORMAL
16500000000,12,13,12-1-0-3-13,28998051.0955156349,4,,NORMAL
16600000000,12,13,12-1-0-3-13,28995775.3203555048,4,,NORMAL
16700000000,12,13,12-1-0-3-13,28993502.2656707317,4,,NORMAL
16800000000,12,13,12-1-0-3-13,28991223.4173339978,4,,NORMAL
16900000000,12,13,12-1-0-3-13,28988958.7651697248,4,,NORMAL
17000000000,12,13,12-1-0-3-13,28986700.4591313824,4,,NORMAL
17100000000,12,13,12-1-0-3-13,28984437.3492816687,4,,NORMAL
17200000000,12,13,12-1-0-3-13,28982178.7806775160,4,,NORMAL
17300000000,12,13,12-1-0-3-13,28979925.7262742110,4,,NORMAL
17400000000,12,13,12-1-0-3-13,28977677.3180731349,4,,NORMAL
17500000000,12,13,12-1-0-3-13,28975434.4836711809,4,,NORMAL
17600000000,12,13,12-1-0-3-13,28973193.8039209619,4,,NORMAL
17700000000,12,13,12-1-0-3-13,28970953.3112298213,4,,NORMAL
17800000000,12,13,12-1-0-3-13,28968719.3531558178,4,,NORMAL
17900000000,12,13,12-1-0-3-13,28966485.7584654316,4,,NORMAL
18000000000,12,13,12-4-3-13,25346492.5036325082,3,,NORMAL
18100000000,12,13,12-4-3-13,25345063.9331905507,3,,NORMAL
18200000000,12,13,12-4-3-13,25343633.7300011851,3,,NORMAL
18300000000,12,13,12-4-3-13,25342214.7244185694,3,,NORMAL
18400000000,12,13,12-4-3-13,25340792.7888349295,3,,NORMAL
18500000000,12,13,12-4-3-13,25339379.4533047527,3,,NORMAL
18600000000,12,13,12-4-3-13,25337970.9558844045,3,,NORMAL
18700000000,12,13,12-4-3-13,25336560.9572035521,3,,NORMAL
18800000000,12,13,12-4-3-13,25335163.4518915638,3,,NORMAL
18900000000,12,13,12-4-3-13,25333764.2922679149,3,,NORMAL
19000000000,12,13,12-4-3-13,25332371.8627361804,3,,NORMAL
19100000000,12,13,12-4-3-13,25330985.0196056776,3,,NORMAL
19200000000,12,13,12-4-3-13,25329600.8569794223,3,,NORMAL
19300000000,12,13,12-4-3-13,25328220.8277804591,3,,NORMAL
19400000000,12,13,12-4-3-13,25326844.4691874012,3,,NORMAL
19500000000,12,13,12-4-3-13,25325476.7298670150,3,,NORMAL
19600000000,12,13,12-4-3-13,25324108.6360975392,3,,NORMAL
19700000000,12,13,12-4-3-13,25322745.9741005041,3,,NORMAL
19800000000,12,13,12-4-3-13,25321386.1470178254,3,,NORMAL
19900000000,12,13,12-4-3-13,25320032.5856153592,3,,NORMAL
20000000000,12,13,12-4-3-13,25318683.6220981628,3,,NORMAL
20100000000,12,13,12-4-3-13,25317337.0305433795,3,,NORMAL
20200000000,12,13,12-4-3-13,25315995.4044964537,3,,NORMAL
20300000000,12,13,12-4-3-13,25314658.8409015574,3,,NORMAL
20400000000,12,13,12-4-3-13,25313328.0784241110,3,,NORMAL
20500000000,12,13,12-4-3-13,25311998.0182505175,3,,NORMAL
20600000000,12,13,12-4-3-13,25310676.7910409793,3,,NORMAL
20700000000,12,13,12-4-3-13,25309355.2418683246,3,,NORMAL
20800000000,12,13,12-4-3-13,25308037.1183451414,3,,NORMAL
20900000000,12,13,12-4-3-13,25306727.8559576198,3,,NORMAL
21000000000,12,13,12-4-3-13,25305423.1605401225,3,,NORMAL
21100000000,12,13,12-4-3-13,25304118.1451678127,3,,NORMAL
21200000000,12,13,12-4-3-13,25302819.9837229177,3,,NORMAL
21300000000,12,13,12-4-3-13,25301530.2842854112,3,,NORMAL
21400000000,12,13,12-4-3-13,25300237.2044102475,3,,NORMAL
21500000000,12,13,12-4-3-13,25298954.8412628435,3,,NORMAL
21600000000,12,13,12-4-3-13,25297670.0297662616,3,,NORMAL
21700000000,12,13,12-4-3-13,25296398.5296625607,3,,NORMAL
21800000000,12,13,12-4-3-13,25295125.1666313745,3,,NORMAL
21900000000,12,13,12-4-3-13,25293858.2839263529,3,,NORMAL
22000000000,12,13,12-4-3-13,25292590.8379237428,3,,NORMAL
22100000000,12,13,12-4-3-13,25291334.5703741908,3,,NORMAL
22200000000,12,13,12-4-3-13,25290081.3855293654,3,,NORMAL
22300000000,12,13,12-4-3-13,25288830.8220214248,3,,NORMAL
22400000000,12,13,12-4-3-13,25287582.0068801492,3,,NORMAL
22500000000,12,13,12-4-3-13,25286341.2210496329,3,,NORMAL
22600000000,12,13,12-4-3-13,25285103.8887262940,3,,NORMAL
22700000000,12,13,12-4-3-13,25283870.0700375214,3,,NORMAL
22800000000,12,13,12-4-3-13,25282641.2181948610,3,,NORMAL
22900000000,12,13,12-4-3-13,25281415.2004270852,3,,NORMAL
23000000000,12,13,12-4-3-13,25280197.2138053477,3,,NORMAL
23100000000,12,13,12-4-3-13,25278983.9409602657,3,,NORMAL
23200000000,12,13,12-4-3-13,25277767.7609554827,3,,NORMAL
23300000000,12,13,12-4-3-13,25276563.0052944496,3,,NORMAL
23400000000,12,13,12-4-3-13,25275357.6518873610,3,,NORMAL
23500000000,12,13,12-4-3-13,25274161.9958871342,3,,NORMAL
23600000000,12,13,12-4-3-13,25272964.9081229828,3,,NORMAL
23700000000,12,13,12-4-3-13,25271776.2205508761,3,,NORMAL
23800000000,12,13,12-4-3-13,25270590.8301996514,3,,NORMAL
23900000000,12,13,12-4-3-13,25269412.9654122703,3,,NORMAL
24000000000,12,13,12-4-3-13,25268234.0763272755,3,,NORMAL
24100000000,12,13,12-4-3-13,25267058.7401859500,3,,NORMAL
24200000000,12,13,12-4-3-13,25265890.7148390710,3,,NORMAL
24300000000,12,13,12-4-3-13,25264727.6561484970,3,,NORMAL
24400000000,12,13,12-4-3-13,25263567.4311469272,3,,NORMAL
24500000000,12,13,12-4-3-13,25262413.7843046375,3,,NORMAL
24600000000,12,13,12-4-3-13,25261262.6586117260,3,,NORMAL
24700000000,12,13,12-4-3-13,25260116.1307538226,3,,NORMAL
24800000000,12,13,12-4-3-13,25258974.9930210970,3,,NORMAL
24900000000,12,13,12-4-3-13,25257835.6874417551,3,,NORMAL
25000000000,12,13,12-4-3-13,25256701.0923427939,3,,NORMAL
25100000000,12,13,12-4-3-13,25255573.9077223353,3,,NORMAL
25200000000,12,13,12-4-3-13,25254448.8786894307,3,,NORMAL
25300000000,12,13,12-4-3-13,25253326.8957685865,3,,NORMAL
25400000000,12,13,12-4-3-13,25252211.4293847270,3,,NORMAL
25500000000,12,13,12-4-3-13,25251100.3099474497,3,,NORMAL
25600000000,12,13,12-4-3-13,25249993.9426496364,3,,NORMAL
25700000000,12,13,12-4-3-13,25248889.7891285643,3,,NORMAL
25800000000,12,13,12-4-3-13,25247789.3472755812,3,,NORMAL
25900000000,12,13,12-4-3-13,25246697.4679623134,3,,NORMAL
26000000000,12,13,12-4-3-13,25245607.3797788583,3,,NORMAL
26100000000,12,13,12-4-3-13,25244518.5022959486,3,,NORMAL
26200000000,12,13,12-4-3-13,25243439.0179750174,3,,NORMAL
26300000000,12,13,12-4-3-13,25242361.3271785192,3,,NORMAL
26400000000,12,13,12-4-3-13,25241290.3674169183,3,,NORMAL
26500000000,12,13,12-4-3-13,25240220.9414840229,3,,NORMAL
26600000000,12,13,12-4-3-13,25239155.6946754232,3,,NORMAL
26700000000,12,13,12-4-3-13,25238094.0700679459,3,,NORMAL
26800000000,12,13,12-4-3-13,25237043.6452690065,3,,NORMAL
26900000000,12,13,12-4-3-13,25235993.3476253338,3,,NORMAL
27000000000,12,13,12-4-3-13,25234944.1181339435,3,,NORMAL
27100000000,12,13,12-4-3-13,25233902.4536433443,3,,NORMAL
27200000000,12,13,12-4-3-13,25232865.3869874552,3,,NORMAL
27300000000,12,13,12-4-3-13,25231828.8173136264,3,,NORMAL
27400000000,12,13,12-4-3-13,25230799.5517490953,3,,NORMAL
27500000000,12,13,12-4-3-13,25229775.2506875731,3,,NORMAL
27600000000,12,13,12-9-10-11-7-13,41142503.5589829832,5,,NORMAL
27700000000,12,13,12-9-10-11-7-13,41142161.6104179248,5,,NORMAL
27800000000,12,13,12-9-10-11-7-13,41141830.6379770190,5,,NORMAL
27900000000,12,13,12-9-10-11-7-13,41141497.6137191579,5,,NORMAL
28000000000,12,13,12-9-10-11-7-13,41141169.1460203305,5,,NORMAL
28100000000,12,13,12-9-10-11-7-13,41140852.4831797779,5,,NORMAL
28200000000,12,13,12-9-10-11-7-13,41140536.5051821992,5,,NORMAL
28300000000,12,13,12-9-10-11-7-13,41140220.5915166512,5,,NORMAL
28400000000,12,13,12-9-10-11-7-13,41139915.1212099418,5,,NORMAL
28500000000,12,13,12-9-10-11-7-13,41139612.6797482073,5,,NORMAL
28600000000,12,13,12-9-10-11-7-13,41139315.3734748065,5,,NORMAL
28700000000,12,13,12-9-10-11-7-13,41139024.7465271652,5,,NORMAL
28800000000,12,13,12-9-10-11-7-13,41138735.5633103028,5,,NORMAL
28900000000,12,13,12-9-10-11-7-13,41138454.5886145905,5,,NORMAL
29000000000,12,13,12-9-10-11-7-13,41138174.5954719111,5,,NORMAL
29100000000,12,13,12-9-10-11-7-13,41137901.4098443836,5,,NORMAL
29200000000,12,13,12-9-10-11-7-13,41137629.5402020290,5,,NORMAL
29300000000,12,13,12-9-10-11-7-13,41137366.4258091077,5,,NORMAL
29400000000,12,13,12-9-10-11-7-13,41137102.8466542661,5,,NORMAL
29500000000,12,13,12-9-10-11-7-13,41136853.6895631403,5,,NORMAL
29600000000,12,13,12-9-10-11-7-13,41136601.7510838509,5,,NORMAL
29700000000,12,13,12-9-10-11-7-13,41136357.9862765595,5,,NORMAL
29800000000,12,13,12-9-10-11-7-13,41136113.7600467652,5,,NORMAL
29900000000,12,13,12-9-10-11-7-13,41135878.8156068996,5,,NORMAL
30000000000,12,13,12-9-10-11-7-13,41135644.7000714913,5,,NORMAL
30100000000,12,13,12-9-10-11-7-13,41135423.1336677596,5,,NORMAL
30200000000,12,13,12-9-10-11-7-13,41135199.7957130224,5,,NORMAL
30300000000,12,13,12-9-10-11-7-13,41134980.5340600163,5,,NORMAL
30400000000,12,13,12-9-10-11-7-13,41134765.3542852178,5,,NORMAL
30500000000,12,13,12-9-10-11-7-13,41134563.5333858877,5,,NORMAL
30600000000,12,13,12-9-10-11-7-13,41134360.2029386461,5,,NORMAL
30700000000,12,13,12-9-10-11-7-13,41134159.4132035822,5,,NORMAL
30800000000,12,13,12-9-10-11-7-13,41133966.5942346379,5,,NORMAL
30900000000,12,13,12-9-10-11-7-13,41133781.7494997531,5,,NORMAL
31000000000,12,13,12-9-10-11-7-13,41133594.5931902677,5,,NORMAL
31100000000,12,13,12-9-10-11-7-13,41133416.7646240816,5,,NORMAL
31200000000,12,13,12-9-10-11-7-13,41133236.2253374159,5,,NORMAL
31300000000,12,13,12-9-10-11-7-13,41133071.8585023656,5,,NORMAL
31400000000,12,13,12-9-10-11-7-13,41132904.6800227985,5,,NORMAL
31500000000,12,13,12-9-10-11-7-13,41132741.0573971346,5,,NORMAL
31600000000,12,13,12-9-10-11-7-13,41132589.7726125568,5,,NORMAL
31700000000,12,13,12-9-10-11-7-13,41132435.1794409305,5,,NORMAL
31800000000,12,13,12-9-10-11-7-13,41132288.0483858883,5,,NORMAL
31900000000,12,13,12-9-10-11-7-13,41132147.2072437927,5,,NORMAL
32000000000,12,13,12-9-10-11-7-13,41132012.5133976340,5,,NORMAL
32100000000,12,13,12-9-10-11-7-13,41131882.9984321222,5,,NORMAL
32200000000,12,13,12-9-10-11-7-13,41131754.0884455219,5,,NORMAL
32300000000,12,13,12-9-10-11-7-13,41131635.4547054395,5,,NORMAL
32400000000,12,13,12-9-10-11-7-13,41131512.7377766892,5,,NORMAL
32500000000,12,13,12-9-10-11-7-13,41131397.0501162335,5,,NORMAL
32600000000,12,13,12-9-10-11-7-13,41131291.0097415224,5,,NORMAL
32700000000,12,13,12-9-10-11-7-13,41131189.7740229890,5,,NORMAL
32800000000,12,13,12-9-10-11-7-13,41131090.6117493659,5,,NORMAL
32900000000,12,13,12-9-10-11-7-13,41130997.5737204403,5,,NORMAL
33000000000,12,13,12-9-10-11-7-13,41130906.5460084304,5,,NORMAL
33100000000,12,13,12-9-10-11-7-13,41130824.2527181432,5,,NORMAL
33200000000,12,13,12-9-10-11-7-13,41130744.8253861442,5,,NORMAL
33300000000,12,13,12-9-10-11-7-13,41130668.3469484150,5,,NORMAL
33400000000,12,13,12-9-10-11-7-13,41130597.0963632017,5,,NORMAL
33500000000,12,13,12-9-10-11-7-13,41130530.7171826288,5,,NORMAL
33600000000,12,13,12-9-10-11-7-13,41130470.8195739090,5,,NORMAL
33700000000,12,13,12-9-10-11-7-13,41130419.5318162888,5,,NORMAL
33800000000,12,13,12-9-10-11-7-13,41130366.6290350556,5,,NORMAL
33900000000,12,13,12-9-10-11-7-13,41130315.0130980760,5,,NORMAL
34000000000,12,13,12-9-10-11-7-13,41130278.6684134901,5,,NORMAL
34100000000,12,13,12-9-10-11-7-13,41130240.9123697430,5,,NORMAL
34200000000,12,13,12-9-10-11-7-13,41130205.7789434865,5,,NORMAL
34300000000,12,13,12-9-10-11-7-13,41130182.4035086930,5,,NORMAL
34400000000,12,13,12-9-10-11-7-13,41130157.5926714092,5,,NORMAL
34500000000,12,13,12-9-10-11-7-13,41130142.5058534890,5,,NORMAL
34600000000,12,13,12-9-10-11-7-13,41130128.2463750169,5,,NORMAL
34700000000,12,13,12-9-10-11-7-13,41130119.7589053884,5,,NORMAL
34800000000,12,13,12-9-10-11-7-13,41130115.1820123345,5,,NORMAL
34900000000,12,13,12-9-10-11-7-13,41130119.4206095338,5,,NORMAL
35000000000,12,13,12-9-10-11-7-13,41130121.4348461181,5,,NORMAL
35100000000,12,13,12-9-10-11-7-13,41130130.0807430446,5,,NORMAL
35200000000,12,13,12-9-10-11-7-13,41130149.0500409976,5,,NORMAL
35300000000,12,13,12-9-10-11-7-13,41130171.0294385254,5,,NORMAL
35400000000,12,13,12-9-10-11-7-13,41130196.2222442180,5,,NORMAL
35500000000,12,13,12-9-10-11-7-13,41130229.0146161616,5,,NORMAL
35600000000,12,13,12-9-10-11-7-13,41130261.2043643072,5,,NORMAL
35700000000,12,13,12-9-10-11-7-13,41130298.2658767328,5,,NORMAL
35800000000,12,13,12-9-10-11-7-13,41130348.8810964748,5,,NORMAL
35900000000,12,13,12-9-10-11-7-13,41130398.2099870890,5,,NORMAL
36000000000,12,13,12-9-10-11-7-13,41130448.4984127358,5,,NORMAL
36100000000,12,13,12-9-10-11-7-13,41130508.3850438371,5,,NORMAL
36200000000,12,13,12-9-10-11-7-13,41130568.3578033075,5,,NORMAL
36300000000,12,13,12-9-10-11-7-13,41130643.6069817767,5,,NORMAL
36400000000,12,13,12-9-10-11-7-13,41130712.8468964472,5,,NORMAL
36500000000,12,13,12-9-10-11-7-13,41130790.9595126137,5,,NORMAL
36600000000,12,13,12-9-10-11-7-13,41130875.4981551766,5,,NORMAL
36700000000,12,13,12-9-10-11-7-13,41130958.6402625367,5,,NORMAL
36800000000,12,13,12-9-10-11-7-13,41131055.1791368723,5,,NORMAL
36900000000,12,13,12-9-10-11-7-13,41131154.0459474549,5,,NORMAL
37000000000,12,13,12-9-10-11-7-13,41131251.2078075856,5,,NORMAL
37100000000,12,13,12-9-10-11-7-13,41131359.3340295255,5,,NORMAL
37200000000,12,13,12-9-10-11-7-13,41131470.1267457604,5,,NORMAL
37300000000,12,13,12-9-10-11-7-13,41131585.3001711965,5,,NORMAL
37400000000,12,13,12-9-10-11-7-13,41131707.0292263553,5,,NORMAL
37500000000,12,13,12-9-10-11-7-13,41131830.3414104581,5,,NORMAL
37600000000,12,13,12-9-10-11-7-13,41131960.9313030317,5,,NORMAL
37700000000,12,13,12-9-10-11-7-13,41132097.3977998793,5,,NORMAL
37800000000,12,13,12-9-10-11-7-13,41132240.6878815368,5,,NORMAL
37900000000,12,13,12-9-10-11-7-13,41132386.0067280680,5,,NORMAL
38000000000,12,13,12-9-10-11-7-13,41132540.5117475241,5,,NORMAL
38100000000,12,13,12-9-10-11-7-13,41132689.7959750965,5,,NORMAL
38200000000,12,13,12-9-10-11-7-13,41132849.2634133697,5,,NORMAL
38300000000,12,13,12-9-10-11-7-13,41133012.8286833912,5,,NORMAL
38400000000,12,13,12-9-10-11-7-13,41133184.0500508696,5,,NORMAL
38500000000,12,13,12-9-10-11-7-13,41133355.1937479600,5,,NORMAL
38600000000,12,13,12-9-10-11-7-13,41133537.1823442429,5,,NORMAL
38700000000,12,13,12-9-10-11-7-13,41133718.8610443994,5,,NORMAL
38800000000,12,13,12-9-10-11-7-13,41133908.6099300832,5,,NORMAL
38900000000,12,13,12-9-10-11-7-13,41134101.0551910847,5,,NORMAL
39000000000,12,13,12-9-10-11-7-13,41134303.4909971580,5,,NORMAL
39100000000,12,13,12-9-10-11-7-13,41134503.6965314224,5,,NORMAL
39200000000,12,13,12-9-10-11-7-13,41134708.6681300476,5,,NORMAL
39300000000,12,13,12-9-10-11-7-13,41134926.4862142429,5,,NORMAL
39400000000,12,13,12-9-10-11-7-13,41135140.3121477887,5,,NORMAL
39500000000,12,13,12-9-10-11-7-13,41135364.4230715781,5,,NORMAL
39600000000,12,13,12-9-10-11-7-13,41135589.6619744897,5,,NORMAL
39700000000,12,13,12-9-10-11-7-13,41135820.3057061955,5,,NORMAL
39800000000,12,13,12-9-10-11-7-13,41136060.4856599942,5,,NORMAL
39900000000,12,13,12-9-10-11-7-13,41136299.8148357272,5,,NORMAL
40000000000,12,13,12-9-10-11-7-13,41136549.4254775420,5,,NORMAL
40100000000,12,13,12-9-10-11-7-13,41136800.3347562924,5,,NORMAL
40200000000,12,13,12-9-10-11-7-13,41137052.4360146374,5,,NORMAL
40300000000,12,13,12-9-10-11-7-13,41137317.8819547817,5,,NORMAL
40400000000,12,13,12-9-10-11-7-13,41137582.5746777132,5,,NORMAL
40500000000,12,13,12-9-10-11-7-13,41137849.8460865021,5,,NORMAL
40600000000,12,13,12-9-10-11-7-13,41138126.5082857087,5,,NORMAL
40700000000,12,13,12-9-10-11-7-13,41138406.0698955506,5,,NORMAL
40800000000,12,13,12-9-10-11-7-13,41138691.6464357823,5,,NORMAL
40900000000,12,13,12-9-10-11-7-13,41138985.0126102939,5,,NORMAL
41000000000,12,13,12-9-10-11-7-13,41139281.4726293460,5,,NORMAL
41100000000,12,13,12-9-10-11-7-13,41139576.1315330565,5,,NORMAL
41200000000,12,13,12-9-10-11-7-13,41139881.6148435622,5,,NORMAL
41300000000,12,13,12-9-10-11-7-13,41140188.1364032030,5,,NORMAL
41400000000,12,13,12-9-10-11-7-13,41140502.8851795048,5,,NORMAL
41500000000,12,13,12-9-10-11-7-13,41140824.0163029730,5,,NORMAL
41600000000,12,13,12-9-10-11-7-13,41141149.9673225209,5,,NORMAL
41700000000,12,13,12-9-10-11-7-13,41141476.2571020946,5,,NORMAL
41800000000,12,13,12-9-10-11-7-13,41141811.2998811901,5,,NORMAL
41900000000,12,13,12-9-10-11-7-13,41142151.3202774599,5,,NORMAL
42000000000,12,13,12-9-10-11-7-13,41142496.4808579981,5,,NORMAL
42100000000,12,13,12-9-10-11-7-13,41142842.5708199590,5,,NORMAL
42200000000,12,13,12-9-10-11-7-13,41143195.9196425229,5,,NORMAL
42300000000,12,13,12-9-10-11-7-13,41143554.2600067332,5,,NORMAL
42400000000,12,13,12-9-10-11-7-13,41143914.0023049936,5,,NORMAL
42500000000,12,13,12-9-10-11-7-13,41144279.4463309869,5,,NORMAL
42600000000,12,13,12-9-10-11-7-13,41144652.1167015508,5,,NORMAL
42700000000,12,13,12-9-10-11-7-13,41145029.1905724481,5,,NORMAL
42800000000,12,13,12-9-10-11-7-13,41145417.2294087932,5,,NORMAL
42900000000,12,13,12-9-10-11-7-13,41145800.5024625212,5,,NORMAL
43000000000,12,13,12-9-10-11-7-13,41146192.5585419387,5,,NORMAL
43100000000,12,13,12-9-10-11-7-13,41146593.1099051982,5,,NORMAL
43200000000,12,13,12-9-10-11-7-13,41146989.2040947825,5,,NORMAL
43300000000,12,13,12-9-10-11-7-13,41147400.1260403767,5,,NORMAL
43400000000,12,13,12-9-10-11-7-13,41147812.4113165662,5,,NORMAL
43500000000,12,13,12-9-10-11-7-13,41148223.9251711518,5,,NORMAL
43600000000,12,13,12-9-10-11-7-13,41148649.1796685234,5,,NORMAL
43700000000,12,13,12-9-10-11-7-13,41149076.1418280005,5,,NORMAL
43800000000,12,13,12-9-10-11-7-13,41149502.8459581882,5,,NORMAL
43900000000,12,13,12-9-10-11-7-13,41149942.1235061660,5,,NORMAL
44000000000,12,13,12-9-10-11-7-13,41150379.6020194367,5,,NORMAL
44100000000,12,13,12-9-10-11-7-13,41150824.2711492032,5,,NORMAL
44200000000,12,13,12-9-10-11-7-13,41151279.4525505453,5,,NORMAL
44300000000,12,13,12-9-10-11-7-13,41151730.5387101397,5,,NORMAL
44400000000,12,13,12-9-10-11-7-13,41152194.0983671322,5,,NORMAL
44500000000,12,13,12-9-10-11-7-13,41152657.6462036893,5,,NORMAL
44600000000,12,13,12-9-10-11-7-13,41153131.9792120308,5,,NORMAL
44700000000,12,13,12-9-10-11-7-13,41153602.0342082232,5,,NORMAL
44800000000,12,13,12-9-10-11-7-13,41154082.5213294998,5,,NORMAL
44900000000,12,13,12-9-10-11-7-13,41154570.1203298941,5,,NORMAL
45000000000,12,13,12-9-10-11-7-13,41155057.2559185326,5,,NORMAL
45100000000,12,13,12-9-10-11-7-13,41155549.2622567937,5,,NORMAL
45200000000,12,13,12-9-10-11-7-13,41156048.7256014720,5,,NORMAL
45300000000,12,13,12-9-10-11-7-13,41156553.4680556133,5,,NORMAL
45400000000,12,13,12-9-10-11-7-13,41157067.4033345878,5,,NORMAL
45500000000,12,13,12-9-10-11-7-13,41157581.5687375069,5,,NORMAL
45600000000,12,13,12-9-10-11-7-13,41158099.1583047584,5,,NORMAL
45700000000,12,13,12-9-10-11-7-13,41158617.6432556808,5,,NORMAL
45800000000,12,13,12-9-10-11-7-13,41159146.8264161497,5,,NORMAL
45900000000,12,13,12-9-10-11-7-13,41159681.4567805007,5,,NORMAL
46000000000,12,13,12-9-10-11-7-13,41160218.8182873130,5,,NORMAL
46100000000,12,13,12-9-10-11-7-13,41160767.9566119313,5,,NORMAL
46200000000,12,13,12-9-10-11-7-13,41161311.3102913424,5,,NORMAL
46300000000,12,13,12-9-10-11-7-13,41161868.3718264922,5,,NORMAL
46400000000,12,13,12-9-10-11-7-13,41162425.1289501265,5,,NORMAL
46500000000,12,13,12-9-10-11-7-13,41162988.3870756999,5,,NORMAL
46600000000,12,13,12-9-10-11-7-13,41163552.6189047843,5,,NORMAL
46700000000,12,13,12-9-10-11-7-13,41164127.9461972266,5,,NORMAL
46800000000,12,13,12-9-10-11-7-13,41164705.5863692462,5,,NORMAL
46900000000,12,13,12-9-10-11-7-13,41165288.9401020035,5,,NORMAL
47000000000,12,13,12-9-10-11-7-13,41165879.4680710509,5,,NORMAL
47100000000,12,13,12-9-10-11-7-13,41166472.5055005923,5,,NORMAL
47200000000,12,13,12-9-10-11-7-13,41167068.1612130180,5,,NORMAL
47300000000,12,13,12-9-10-11-7-13,41167668.2750682011,5,,NORMAL
47400000000,12,13,12-9-10-11-7-13,41168273.8633904308,5,,NORMAL
47500000000,12,13,12-9-10-11-7-13,41168888.6337599084,5,,NORMAL
47600000000,12,13,12-9-10-11-7-13,41169507.3952012956,5,,NORMAL
47700000000,12,13,12-9-10-11-7-13,41170128.1606531516,5,,NORMAL
47800000000,12,13,12-9-10-11-7-13,41170757.6981955916,5,,NORMAL
47900000000,12,13,12-9-10-11-7-13,41171389.6245637834,5,,NORMAL
48000000000,12,13,12-9-10-11-7-13,41172024.7327120751,5,,NORMAL
48100000000,12,13,12-9-10-11-7-13,41172667.4530430213,5,,NORMAL
48200000000,12,13,12-9-10-11-7-13,41173312.9321856275,5,,NORMAL
48300000000,12,13,12-9-10-11-7-13,41173962.7817795351,5,,NORMAL
48400000000,12,13,12-9-10-11-7-13,41174624.5847060233,5,,NORMAL
48500000000,12,13,12-9-10-11-7-13,41175282.8560365364,5,,NORMAL
48600000000,12,13,12-9-10-11-7-13,41175949.7751893178,5,,NORMAL
48700000000,12,13,12-9-10-11-7-13,41176622.4397496581,5,,NORMAL
48800000000,12,13,12-9-10-11-7-13,41177294.7762191519,5,,NORMAL
48900000000,12,13,12-9-10-11-7-13,41177977.1429433823,5,,NORMAL
49000000000,12,13,12-9-10-11-7-13,41178665.9050979093,5,,NORMAL
49100000000,12,13,12-9-10-11-7-13,41179353.8469310775,5,,NORMAL
49200000000,12,13,12-9-10-11-7-13,41180051.6229452193,5,,NORMAL
49300000000,12,13,12-9-10-11-7-13,41180751.8224946484,5,,NORMAL
49400000000,12,13,12-9-10-11-7-13,41181457.1244466603,5,,NORMAL
49500000000,12,13,12-9-10-11-7-13,41182174.1758534014,5,,NORMAL
49600000000,12,13,12-9-10-11-7-13,41182886.5836793929,5,,NORMAL
49700000000,12,13,12-9-10-11-7-13,41183605.0792980492,5,,NORMAL
49800000000,12,13,12-9-10-11-7-13,41184331.9636967257,5,,NORMAL
49900000000,12,13,12-9-10-11-7-13,41185062.7716762349,5,,NORMAL
50000000000,12,13,12-9-10-11-7-13,41185798.6550438702,5,,NORMAL
50100000000,12,13,12-9-10-11-7-13,41186538.5056698397,5,,NORMAL
50200000000,12,13,12-9-10-11-7-13,41187286.6575461850,5,,NORMAL
50300000000,12,13,12-9-10-11-7-13,41188032.0842607319,5,,NORMAL
50400000000,12,13,12-9-10-11-7-13,41188788.6166917235,5,,NORMAL
50500000000,12,13,12-9-10-11-7-13,41189553.0452189818,5,,NORMAL
50600000000,12,13,12-9-10-11-7-13,41190320.7928666547,5,,NORMAL
50700000000,12,13,12-9-10-11-7-13,41191091.4902044162,5,,NORMAL
50800000000,12,13,12-9-10-11-7-13,41191865.0420034006,5,,NORMAL
50900000000,12,13,12-9-10-11-7-13,41192644.5443583801,5,,NORMAL
51000000000,12,13,12-9-10-11-7-13,41193433.8082896397,5,,NORMAL
51100000000,12,13,12-9-10-11-7-13,41194220.5884659886,5,,NORMAL
51200000000,12,13,12-9-10-11-7-13,41195019.6297471374,5,,NORMAL
51300000000,12,13,12-9-10-11-7-13,41195815.4367068708,5,,NORMAL
51400000000,12,13,12-9-10-11-7-13,41196623.4555279240,5,,NORMAL
51500000000,12,13,12-9-10-11-7-13,41197432.6801242530,5,,NORMAL
51600000000,12,13,12-9-10-11-7-13,41198244.4932541326,5,,NORMAL
51700000000,12,13,12-9-10-11-7-13,41199063.8406911120,5,,NORMAL
51800000000,12,13,12-9-10-11-7-13,41199887.3948227316,5,,NORMAL
51900000000,12,13,12-9-10-11-7-13,41200722.2070451751,5,,NORMAL
52000000000,12,13,12-9-10-11-7-13,41201560.0350322053,5,,NORMAL
52100000000,12,13,12-9-10-11-7-13,41202395.8478744850,5,,NORMAL
52200000000,12,13,12-9-10-11-7-13,41203238.1454487965,5,,NORMAL
52300000000,12,13,12-9-10-11-7-13,41204092.1453886479,5,,NORMAL
52400000000,12,13,12-9-10-11-7-13,41204949.7057384923,5,,NORMAL
52500000000,12,13,12-9-10-11-7-13,41205805.3487983793,5,,NORMAL
52600000000,12,13,12-9-10-11-7-13,41206674.6049236059,5,,NORMAL
52700000000,12,13,12-9-10-11-7-13,41207546.2927365825,5,,NORMAL
52800000000,12,13,12-9-10-11-7-13,41208416.0273480639,5,,NORMAL
52900000000,12,13,12-9-10-11-7-13,41209294.6211506948,5,,NORMAL
53000000000,12,13,12-9-10-11-7-13,41210178.4562259018,5,,NORMAL
53100000000,12,13,12-9-10-11-7-13,41211070.3736570030,5,,NORMAL
53200000000,12,13,12-9-10-11-7-13,41211966.9161411449,5,,NORMAL
53300000000,12,13,12-9-10-11-7-13,41212864.8831965327,5,,NORMAL
53400000000,12,13,12-9-10-11-7-13,41213771.5210917667,5,,NORMAL
53500000000,12,13,12-9-10-11-7-13,41214681.2987159565,5,,NORMAL
53600000000,12,13,12-9-10-11-7-13,41215599.6114167571,5,,NORMAL
53700000000,12,13,12-9-10-11-7-13,41216514.3404078260,5,,NORMAL
53800000000,12,13,12-9-10-11-7-13,41217440.8193146437,5,,NORMAL
53900000000,12,13,12-9-10-11-7-13,41218368.0350508317,5,,NORMAL
54000000000,12,13,12-9-10-11-7-13,41219305.1198985055,5,,NORMAL
54100000000,12,13,12-9-10-11-7-13,41220243.3381702676,5,,NORMAL
54200000000,12,13,12-9-10-11-7-13,41221188.7807608321,5,,NORMAL
54300000000,12,13,12-9-10-11-7-13,41222143.5348924622,5,,NORMAL
54400000000,12,13,12-9-10-11-7-13,41223091.3060509861,5,,NORMAL
54500000000,12,13,12-9-10-11-7-13,41224052.7707580179,5,,NORMAL
54600000000,12,13,12-9-10-11-7-13,41225023.4730897471,5,,NORMAL
54700000000,12,13,12-9-10-11-7-13,41225990.1430473700,5,,NORMAL
54800000000,12,13,12-9-10-11-7-13,41226964.8763772845,5,,NORMAL
54900000000,12,13,12-9-10-11-7-13,41227941.1500777230,5,,NORMAL
55000000000,12,13,12-9-10-11-7-13,41228931.2321276590,5,,NORMAL
55100000000,12,13,12-9-10-11-7-13,41229918.4929019064,5,,NORMAL
55200000000,12,13,12-9-10-11-7-13,41230915.7123069912,5,,NORMAL
55300000000,12,13,12-9-10-11-7-13,41231912.6570568308,5,,NORMAL
55400000000,12,13,12-9-10-11-7-13,41232920.8124624789,5,,NORMAL
55500000000,12,13,12-9-10-11-7-13,41233929.7184973806,5,,NORMAL
55600000000,12,13,12-9-10-11-7-13,41234948.5709603205,5,,NORMAL
55700000000,12,13,12-9-10-11-7-13,41235964.1555090100,5,,NORMAL
55800000000,12,13,12-9-10-11-7-13,41236991.4159123525,5,,NORMAL
55900000000,12,13,12-9-10-11-7-13,41238021.6298362538,5,,NORMAL
56000000000,12,13,12-9-10-11-7-13,41239052.8247080222,5,,NORMAL
56100000000,12,13,12-9-10-11-7-13,41240095.4854176268,5,,NORMAL
56200000000,12,13,12-9-10-11-7-13,41241142.1596520841,5,,NORMAL
56300000000,12,13,12-9-10-11-7-13,41242191.7395654395,5,,NORMAL
56400000000,12,13,12-9-10-11-7-13,41243244.8812068775,5,,NORMAL
56500000000,12,13,12-9-10-11-7-13,41244304.1831830740,5,,NORMAL
56600000000,12,13,12-9-10-11-7-13,41245371.5327487290,5,,NORMAL
56700000000,12,13,12-9-10-11-7-13,41246440.9550623372,5,,NORMAL
56800000000,12,13,12-9-10-11-7-13,41247516.2920399904,5,,NORMAL
56900000000,12,13,12-9-10-11-7-13,41248599.9461361319,5,,NORMAL
57000000000,12,13,12-9-10-11-7-13,41249681.2594586611,5,,NORMAL
57100000000,12,13,12-9-10-11-7-13,41250772.2081772164,5,,NORMAL
57200000000,12,13,12-9-10-11-7-13,41251869.2698313892,5,,NORMAL
57300000000,12,13,12-9-10-11-7-13,41252970.6352805346,5,,NORMAL
57400000000,12,13,12-9-10-11-7-13,41254075.2996857464,5,,NORMAL
57500000000,12,13,12-9-10-11-7-13,41255186.2547301874,5,,NORMAL
57600000000,12,13,12-9-10-11-7-13,41256301.5800428912,5,,NORMAL
57700000000,12,13,12-9-10-11-7-13,41257424.2388450801,5,,NORMAL
57800000000,12,13,12-9-10-11-7-13,41258546.5725233629,5,,NORMAL
57900000000,12,13,12-9-10-11-7-13,41259678.6581949443,5,,NORMAL
58000000000,12,13,12-9-10-11-7-13,41260815.9022081569,5,,NORMAL
58100000000,12,13,12-9-10-11-7-13,41261956.5535302162,5,,NORMAL
58200000000,12,13,12-9-10-11-7-13,41263102.0779878274,5,,NORMAL
58300000000,12,13,12-9-10-11-7-13,41264257.4166502804,5,,NORMAL
58400000000,12,13,12-9-10-11-7-13,41265410.6322332397,5,,NORMAL
58500000000,12,13,12-9-10-11-7-13,41266575.0068124458,5,,NORMAL
58600000000,12,13,12-9-10-11-7-13,41267737.6078519821,5,,NORMAL
58700000000,12,13,12-9-10-11-7-13,41268907.0106048062,5,,NORMAL
58800000000,12,13,12-9-10-11-7-13,41270088.0959372520,5,,NORMAL
58900000000,12,13,12-9-10-11-7-13,41271266.5253133848,5,,NORMAL
59000000000,12,13,12-9-10-11-7-13,41272455.1380835623,5,,NORMAL
59100000000,12,13,12-9-10-11-7-13,41273648.9320584089,5,,NORMAL
59200000000,12,13,12-9-10-11-7-13,41274840.7670617327,5,,NORMAL
59300000000,12,13,12-9-10-11-7-13,41276045.3302214146,5,,NORMAL
59400000000,12,13,12-9-10-11-7-13,41277246.8819945231,5,,NORMAL
59500000000,12,13,12-9-10-11-7-13,41278457.7215584591,5,,NORMAL
59600000000,12,13,12-9-10-11-7-13,41279676.5163730234,5,,NORMAL
59700000000,12,13,12-9-10-11-7-13,41280903.5853006095,5,,NORMAL
59800000000,12,13,12-9-10-11-7-13,41282128.4509057328,5,,NORMAL
59900000000,12,13,12-9-10-11-7-13,41283359.8434830233,5,,NORMAL
60000000000,12,13,12-9-10-11-7-13,41284595.9397452399,5,,NORMAL
60100000000,12,13,12-9-10-11-7-13,41285837.4800416604,5,,NORMAL
60200000000,12,13,12-9-10-11-7-13,41287086.7667217627,5,,NORMAL
60300000000,12,13,12-9-10-11-7-13,41288338.0117715895,5,,NORMAL
60400000000,12,13,12-9-10-11-7-13,41289595.2121230513,5,,NORMAL
60500000000,12,13,12-9-10-11-7-13,41290859.9972854406,5,,NORMAL
60600000000,12,13,12-9-10-11-7-13,41292122.9944490418,5,,NORMAL
60700000000,12,13,12-9-10-11-7-13,41293396.0272838697,5,,NORMAL
60800000000,12,13,12-9-10-11-7-13,41294677.5997104496,5,,NORMAL
60900000000,12,13,12-9-10-11-7-13,41295962.2347973734,5,,NORMAL
61000000000,12,13,12-9-10-11-7-13,41297248.4909098521,5,,NORMAL
61100000000,12,13,12-9-10-11-7-13,41298545.2546068057,5,,NORMAL
61200000000,12,13,12-9-10-11-7-13,41299835.2882352397,5,,NORMAL
61300000000,12,13,12-9-10-11-7-13,41301142.9060188085,5,,NORMAL
61400000000,12,13,12-9-10-11-7-13,41302451.8326292410,5,,NORMAL
61500000000,12,13,12-9-10-11-7-13,41303764.8851271644,5,,NORMAL
61600000000,12,13,12-9-10-11-7-13,41305080.5071151108,5,,NORMAL
61700000000,12,13,12-9-10-11-7-13,41306405.6516174451,5,,NORMAL
61800000000,12,13,12-9-10-11-7-13,41307731.4018776789,5,,NORMAL
61900000000,12,13,12-9-10-11-7-13,41309068.4547120109,5,,NORMAL
62000000000,12,13,12-9-10-11-7-13,41310405.9112337083,5,,NORMAL
62100000000,12,13,12-9-10-11-7-13,41311750.5959318727,5,,NORMAL
62200000000,12,13,12-9-10-11-7-13,41313102.1015842631,5,,NORMAL
62300000000,12,13,12-9-10-11-7-13,41314452.6125791296,5,,NORMAL
62400000000,12,13,12-9-10-11-7-13,41315813.8476700038,5,,NORMAL
62500000000,12,13,12-9-10-11-7-13,41317176.5098109916,5,,NORMAL
62600000000,12,13,12-9-10-11-7-13,41318546.4078398123,5,,NORMAL
62700000000,12,13,12-9-10-11-7-13,41319917.4926787093,5,,NORMAL
62800000000,12,13,12-9-10-11-7-13,41321300.2443271726,5,,NORMAL
62900000000,12,13,12-9-10-11-7-13,41322683.1838321537,5,,NORMAL
63000000000,12,13,12-9-10-11-7-13,41324076.4090421945,5,,NORMAL
63100000000,12,13,12-9-10-11-7-13,41325469.9140320048,5,,NORMAL
63200000000,12,13,12-9-10-11-7-13,41326875.5002262145,5,,NORMAL
63300000000,12,13,12-9-10-11-7-13,41328272.3016580939,5,,NORMAL
63400000000,12,13,12-9-10-11-7-13,41329685.9877543822,5,,NORMAL
63500000000,12,13,12-9-10-11-7-13,41331105.2688538507,5,,NORMAL
63600000000,12,13,12-9-10-11-7-13,41332520.9256325737,5,,NORMAL
63700000000,12,13,12-9-10-11-7-13,41333945.2573664412,5,,NORMAL
63800000000,12,13,12-9-10-11-7-13,41335376.3059337139,5,,NORMAL
63900000000,12,13,12-9-10-11-7-13,41336812.2397922426,5,,NORMAL
64000000000,12,13,12-9-10-11-7-13,41338254.2041686550,5,,NORMAL
64100000000,12,13,12-9-10-11-7-13,41339700.6964109913,5,,NORMAL
64200000000,12,13,12-9-10-11-7-13,41341149.9043646604,5,,NORMAL
64300000000,12,13,12-9-10-11-7-13,41342606.2926066145,5,,NORMAL
64400000000,12,13,12-9-10-11-7-13,41344072.8232422620,5,,NORMAL
64500000000,12,13,12-9-10-11-7-13,41345536.1466961801,5,,NORMAL
64600000000,12,13,12-9-10-11-7-13,41347008.4809921905,5,,NORMAL
64700000000,12,13,12-9-10-11-7-13,41348481.8684554920,5,,NORMAL
64800000000,12,13,12-9-10-11-7-13,41349963.7193143144,5,,NORMAL
64900000000,12,13,12-9-10-11-7-13,41351456.0438644886,5,,NORMAL
65000000000,12,13,12-9-10-11-7-13,41352948.0366934612,5,,NORMAL
65100000000,12,13,12-9-10-11-7-13,41354446.8892027363,5,,NORMAL
65200000000,12,13,12-9-10-11-7-13,41355948.2671555057,5,,NORMAL
65300000000,12,13,12-9-10-11-7-13,41357455.1422867626,5,,NORMAL
65400000000,12,13,12-9-10-11-7-13,41358962.7952083498,5,,NORMAL
65500000000,12,13,12-9-10-11-7-13,41360482.2923317403,5,,NORMAL
65600000000,12,13,12-9-10-11-7-13,41362004.3718054369,5,,NORMAL
65700000000,12,13,12-9-10-11-7-13,41363535.6737203300,5,,NORMAL
65800000000,12,13,12-9-10-11-7-13,41365070.8573746085,5,,NORMAL
65900000000,12,13,12-9-10-11-7-13,41366605.4417881146,5,,NORMAL
66000000000,12,13,12-9-10-11-7-13,41368149.6812717468,5,,NORMAL
66100000000,12,13,12-9-10-11-7-13,41369700.0948826522,5,,NORMAL
66200000000,12,13,12-9-10-11-7-13,41371254.3430622891,5,,NORMAL
66300000000,12,13,12-9-10-11-7-13,41372813.0294911191,5,,NORMAL
66400000000,12,13,12-9-10-11-7-13,41374372.2153349593,5,,NORMAL
66500000000,12,13,12-9-10-11-7-13,41375946.3727377579,5,,NORMAL
66600000000,12,13,12-9-10-11-7-13,41377517.1819215715,5,,NORMAL
66700000000,12,13,12-9-10-11-7-13,41379093.0402786806,5,,NORMAL
66800000000,12,13,12-9-10-11-7-13,41380680.8204946667,5,,NORMAL
66900000000,12,13,12-9-10-11-7-13,41382274.3817124069,5,,NORMAL
67000000000,12,13,12-9-10-11-7-13,41383863.9948932230,5,,NORMAL
67100000000,12,13,12-9-10-11-7-13,41385463.9650353640,5,,NORMAL
67200000000,12,13,12-9-10-11-7-13,41387071.4820063561,5,,NORMAL
67300000000,12,13,12-9-10-11-7-13,41388682.6243931428,5,,NORMAL
67400000000,12,13,12-9-10-11-7-13,41390295.3111756518,5,,NORMAL
67500000000,12,13,12-9-10-11-7-13,41391919.9267489016,5,,NORMAL
67600000000,12,13,12-9-10-11-7-13,41393544.5586686656,5,,NORMAL
67700000000,12,13,12-9-10-11-7-13,41395174.5402158275,5,,NORMAL
67800000000,12,13,12-9-10-11-7-13,41396809.3871911839,5,,NORMAL
67900000000,12,13,12-9-10-11-7-13,41398454.8549695611,5,,NORMAL
68000000000,12,13,12-9-10-11-7-13,41400094.7243192792,5,,NORMAL
68100000000,12,13,12-9-10-11-7-13,41401745.8176604658,5,,NORMAL
68200000000,12,13,12-9-10-11-7-13,41403409.0720603690,5,,NORMAL
68300000000,12,13,12-9-10-11-7-13,41405068.6709738076,5,,NORMAL
68400000000,12,13,12-9-10-11-7-13,41406730.0206511915,5,,NORMAL
68500000000,12,13,12-9-10-11-7-13,41408409.9986110702,5,,NORMAL
68600000000,12,13,12-9-10-11-7-13,41410085.7794254497,5,,NORMAL
68700000000,12,13,12-9-10-11-7-13,41411766.4215944186,5,,NORMAL
68800000000,12,13,12-9-10-11-7-13,41413451.3194873333,5,,NORMAL
68900000000,12,13,12-9-10-11-7-13,41415142.5353580117,5,,NORMAL
69000000000,12,13,12-9-10-11-7-13,41416847.6171904728,5,,NORMAL
69100000000,12,13,12-9-10-11-7-13,41418548.9716735706,5,,NORMAL
69200000000,12,13,12-9-10-11-7-13,41420256.3170109466,5,,NORMAL
69300000000,12,13,12-9-10-11-7-13,41421971.4245767817,5,,NORMAL
69400000000,12,13,12-9-10-11-7-13,41423688.4178437218,5,,NORMAL
69500000000,12,13,12-9-10-11-7-13,41425408.9720873833,5,,NORMAL
69600000000,12,13,12-9-10-11-7-13,41427137.2917537689,5,,NORMAL
69700000000,12,13,12-9-10-11-7-13,41428878.3750071228,5,,NORMAL
69800000000,12,13,12-9-10-11-7-13,41430614.5690300390,5,,NORMAL
69900000000,12,13,12-9-10-11-7-13,41432357.5053059980,5,,NORMAL
70000000000,12,13,12-9-10-11-7-13,41434108.0052002743,5,,NORMAL
70100000000,12,13,12-9-10-11-7-13,41435864.8308292702,5,,NORMAL
70200000000,12,13,12-9-10-11-7-13,41437622.6777568534,5,,NORMAL
70300000000,12,13,12-9-10-11-7-13,41439389.6532144397,5,,NORMAL
70400000000,12,13,12-9-10-11-7-13,41441160.9477868751,5,,NORMAL
70500000000,12,13,12-9-10-11-7-13,41442934.8102772981,5,,NORMAL
70600000000,12,13,12-9-10-11-7-13,41444711.8198875561,5,,NORMAL
70700000000,12,13,12-9-10-11-7-13,41446499.7726046816,5,,NORMAL
70800000000,12,13,12-9-10-11-7-13,41448291.9625654891,5,,NORMAL
70900000000,12,13,12-9-10-11-7-13,41450086.3550200537,5,,NORMAL
71000000000,12,13,12-9-10-11-7-13,41451888.0912642330,5,,NORMAL
71100000000,12,13,12-9-10-11-7-13,41453697.9420123771,5,,NORMAL
71200000000,12,13,12-9-10-11-7-13,41455506.3782923594,5,,NORMAL
71300000000,12,13,12-9-10-11-7-13,41457323.1778845116,5,,NORMAL
71400000000,12,13,12-9-10-11-7-13,41459141.5024341643,5,,NORMAL
71500000000,12,13,12-9-10-11-7-13,41460976.9021927118,5,,NORMAL
71600000000,12,13,12-9-10-11-7-13,41462804.4572580680,5,,NORMAL
71700000000,12,13,12-9-10-11-7-13,41464639.4470215589,5,,NORMAL
71800000000,12,13,12-9-10-11-7-13,41466485.9398900568,5,,NORMAL
71900000000,12,13,12-9-10-11-7-13,41468331.9249792770,5,,NORMAL
72000000000,12,13,12-9-10-11-7-13,41470186.2152177989,5,,NORMAL
72100000000,12,13,12-9-10-11-7-13,41472040.7435625270,5,,NORMAL
72200000000,12,13,12-9-10-11-7-13,41473904.3493554816,5,,NORMAL
72300000000,12,13,12-9-10-11-7-13,41475775.4896883070,5,,NORMAL
72400000000,12,13,12-9-10-11-7-13,41477653.8250349537,5,,NORMAL
72500000000,12,13,12-9-10-11-7-13,41479531.3473677263,5,,NORMAL
72600000000,12,13,12-9-10-11-7-13,41481408.3857188672,5,,NORMAL
72700000000,12,13,12-9-10-11-7-13,41483303.8031048402,5,,NORMAL
72800000000,12,13,12-9-10-11-7-13,41485193.5209050924,5,,NORMAL
72900000000,12,13,12-9-10-11-7-13,41487096.5586296096,5,,NORMAL
73000000000,12,13,12-9-10-11-7-13,41489002.4391836673,5,,NORMAL
73100000000,12,13,12-9-10-11-7-13,41490911.0343857706,5,,NORMAL
73200000000,12,13,12-9-10-11-7-13,41492823.7418176234,5,,NORMAL
73300000000,12,13,12-9-10-11-7-13,41494745.9129982814,5,,NORMAL
73400000000,12,13,12-9-10-11-7-13,41496671.0847121775,5,,NORMAL
73500000000,12,13,12-9-10-11-7-13,41498602.5044804737,5,,NORMAL
73600000000,12,13,12-9-10-11-7-13,41500539.1417908818,5,,NORMAL
73700000000,12,13,12-9-10-11-7-13,41502478.8661613837,5,,NORMAL
73800000000,12,13,12-9-10-11-7-13,41504425.9062962607,5,,NORMAL
73900000000,12,13,12-9-10-11-7-13,41506378.8857609183,5,,NORMAL
74000000000,12,13,12-9-10-11-7-13,41508336.2591840923,5,,NORMAL
74100000000,12,13,12-9-10-11-7-13,41510297.9619512483,5,,NORMAL
74200000000,12,13,12-9-10-11-7-13,41512264.8019850180,5,,NORMAL
74300000000,12,13,12-4-3-2-5-13,42043769.6967617199,5,,NORMAL
74400000000,12,13,12-4-3-2-5-13,42046076.3987224400,5,,NORMAL
74500000000,12,13,12-4-3-2-5-13,42048379.1016595960,5,,NORMAL
74600000000,12,13,12-4-3-2-5-13,42050694.8985312507,5,,NORMAL
74700000000,12,13,12-4-3-2-5-13,42053011.7869066671,5,,NORMAL
74800000000,12,13,12-4-3-2-5-13,42055330.6328993142,5,,NORMAL
74900000000,12,13,12-4-3-2-5-13,42057652.7313252091,5,,NORMAL
75000000000,12,13,12-4-3-2-5-13,42059982.3917118981,5,,NORMAL
75100000000,12,13,12-4-3-2-5-13,42062318.3826861233,5,,NORMAL
75200000000,12,13,12-4-3-2-5-13,42064655.8714954704,5,,NORMAL
75300000000,12,13,12-4-3-2-5-13,42066999.4900199249,5,,NORMAL
75400000000,12,13,12-4-3-2-5-13,42069345.6750303581,5,,NORMAL
75500000000,12,13,12-4-3-2-5-13,42071702.0584586039,5,,NORMAL
75600000000,12,13,12-4-3-2-5-13,42074052.5609699339,5,,NORMAL
75700000000,12,13,12-4-3-2-5-13,42076415.0072687715,5,,NORMAL
75800000000,12,13,12-4-3-2-5-13,42078781.1663844436,5,,NORMAL
75900000000,12,13,12-4-3-2-5-13,42081149.1033868939,5,,NORMAL
76000000000,12,13,12-4-3-2-5-13,42083524.3424808607,5,,NORMAL
76100000000,12,13,12-4-3-2-5-13,42085902.8480100334,5,,NORMAL
76200000000,12,13,12-4-3-2-5-13,42088284.0170491189,5,,NORMAL
76300000000,12,13,12-4-3-2-5-13,42090670.7866447270,5,,NORMAL
76400000000,12,13,12-4-3-2-5-13,42093061.2165458277,5,,NORMAL
76500000000,12,13,12-4-3-2-5-13,42095452.9831367731,5,,NORMAL
76600000000,12,13,12-4-3-2-5-13,42097855.6391832829,5,,NORMAL
76700000000,12,13,12-4-3-2-5-13,42100260.8563488200,5,,NORMAL
76800000000,12,13,12-4-3-2-5-13,42102666.0681470633,5,,NORMAL
76900000000,12,13,12-4-3-2-5-13,42105080.8495594263,5,,NORMAL
77000000000,12,13,12-4-3-2-5-13,42107496.9070864990,5,,NORMAL
77100000000,12,13,12-4-3-2-5-13,42109915.6063261554,5,,NORMAL
77200000000,12,13,12-4-3-2-5-13,42112342.7831067666,5,,NORMAL
77300000000,12,13,12-4-3-2-5-13,42114773.8005288616,5,,NORMAL
77400000000,12,13,12-4-3-2-5-13,42117208.7746853381,5,,NORMAL
77500000000,12,13,12-4-3-2-5-13,42119644.8301056921,5,,NORMAL
77600000000,12,13,12-4-3-2-5-13,42122090.4212159961,5,,NORMAL
77700000000,12,13,12-4-3-2-5-13,42124540.8235172778,5,,NORMAL
77800000000,12,13,12-4-3-2-5-13,42126986.1982826442,5,,NORMAL
77900000000,12,13,12-4-3-2-5-13,42129442.6582363695,5,,NORMAL
78000000000,12,13,12-4-3-2-5-13,42131907.1809486598,5,,NORMAL
78100000000,12,13,12-4-3-2-5-13,42134365.7854584455,5,,NORMAL
78200000000,12,13,12-4-3-2-5-13,42136839.5629366264,5,,NORMAL
78300000000,12,13,12-4-3-2-5-13,42139315.5713505670,5,,NORMAL
78400000000,12,13,12-4-3-2-5-13,42141793.9633921236,5,,NORMAL
78500000000,12,13,12-4-3-2-5-13,42144272.9971989319,5,,NORMAL
78600000000,12,13,12-4-3-2-5-13,42146761.3658010587,5,,NORMAL
78700000000,12,13,12-4-3-2-5-13,42149250.3920900822,5,,NORMAL
78800000000,12,13,12-4-3-2-5-13,42151746.1342787668,5,,NORMAL
78900000000,12,13,12-4-3-2-5-13,42154250.5776516348,5,,NORMAL
79000000000,12,13,12-4-3-2-5-13,42156748.0904229507,5,,NORMAL
79100000000,12,13,12-4-3-2-5-13,42159256.6457394958,5,,NORMAL
79200000000,12,13,12-4-3-2-5-13,42161774.5288489312,5,,NORMAL
79300000000,12,13,12-4-3-2-5-13,42164286.1040482447,5,,NORMAL
79400000000,12,13,12-4-3-2-5-13,42166810.0793996304,5,,NORMAL
79500000000,12,13,12-4-3-2-5-13,42169334.9287200496,5,,NORMAL
79600000000,12,13,12-4-3-2-5-13,42171868.4519289955,5,,NORMAL
79700000000,12,13,12-4-3-2-5-13,42174396.9604388177,5,,NORMAL
79800000000,12,13,12-4-3-2-5-13,42176935.0987449214,5,,NORMAL
79900000000,12,13,12-4-3-2-5-13,42179477.9452086091,5,,NORMAL
80000000000,12,13,12-4-3-2-5-13,42182027.9494596645,5,,NORMAL
80100000000,12,13,12-4-3-2-5-13,42184577.5751400366,5,,NORMAL
80200000000,12,13,12-4-3-2-5-13,42187134.9517303407,5,,NORMAL
80300000000,12,13,12-4-3-2-5-13,42189696.2934671044,5,,NORMAL
80400000000,12,13,12-4-3-2-5-13,42192259.3181800619,5,,NORMAL
80500000000,12,13,12-4-3-2-5-13,42194828.9136115238,5,,NORMAL
80600000000,12,13,12-4-3-2-5-13,42197400.1953388527,5,,NORMAL
80700000000,12,13,12-4-3-2-5-13,42199977.5943913832,5,,NORMAL
80800000000,12,13,12-4-3-2-5-13,42202560.4088415727,5,,NORMAL
80900000000,12,13,12-4-3-2-5-13,42205147.5332913324,5,,NORMAL
81000000000,12,13,12-4-3-2-5-13,42207739.4719910249,5,,NORMAL
81100000000,12,13,12-4-3-2-5-13,42210333.7948520705,5,,NORMAL
81200000000,12,13,12-4-3-2-5-13,42212933.7215238586,5,,NORMAL
81300000000,12,13,12-4-3-2-5-13,42215536.3096185029,5,,NORMAL
81400000000,12,13,12-4-3-2-5-13,42218145.6010109335,5,,NORMAL
81500000000,12,13,12-4-3-2-5-13,42220756.4474960938,5,,NORMAL
81600000000,12,13,12-4-3-2-5-13,42223373.3057624400,5,,NORMAL
81700000000,12,13,12-4-3-2-5-13,42225987.6230833977,5,,NORMAL
81800000000,12,13,12-4-3-2-5-13,42228620.3728489727,5,,NORMAL
81900000000,12,13,12-4-3-2-5-13,42231245.0835933238,5,,NORMAL
82000000000,12,13,12-4-3-2-5-13,42233885.1917848885,5,,NORMAL
82100000000,12,13,12-4-3-2-5-13,42236517.7489871159,5,,NORMAL
82200000000,12,13,12-4-3-2-5-13,42239163.0945572779,5,,NORMAL
82300000000,12,13,12-4-3-2-5-13,42241806.0585689619,5,,NORMAL
82400000000,12,13,12-4-3-2-5-13,42244457.8882984817,5,,NORMAL
82500000000,12,13,12-4-3-2-5-13,42247112.5961937010,5,,NORMAL
82600000000,12,13,12-4-3-2-5-13,42249771.8042393848,5,,NORMAL
82700000000,12,13,12-4-3-2-5-13,42252431.2823615000,5,,NORMAL
82800000000,12,13,12-4-3-2-5-13,42255104.2088572085,5,,NORMAL
82900000000,12,13,12-4-3-2-5-13,42257778.8363113627,5,,NORMAL
83000000000,12,13,12-4-3-2-5-13,42260451.5384858027,5,,NORMAL
83100000000,12,13,12-4-3-2-5-13,42263134.0086239576,5,,NORMAL
83200000000,12,13,12-4-3-2-5-13,42265816.5226055458,5,,NORMAL
83300000000,12,13,12-4-3-2-5-13,42268505.9219504371,5,,NORMAL
83400000000,12,13,12-4-3-2-5-13,42271201.1975175962,5,,NORMAL
83500000000,12,13,12-4-3-2-5-13,42273900.8565281853,5,,NORMAL
83600000000,12,13,12-4-3-2-5-13,42276602.1963646039,5,,NORMAL
83700000000,12,13,12-4-3-2-5-13,42279308.9707603082,5,,NORMAL
83800000000,12,13,12-4-3-2-5-13,42282019.7019891664,5,,NORMAL
83900000000,12,13,12-4-3-2-5-13,42284735.5690943003,5,,NORMAL
84000000000,12,13,12-4-3-2-5-13,42287448.0589611232,5,,NORMAL
84100000000,12,13,12-4-3-2-5-13,42290171.3542762026,5,,NORMAL
84200000000,12,13,12-4-3-2-5-13,42292900.7446073666,5,,NORMAL
84300000000,12,13,12-4-3-2-5-13,42295632.7159945443,5,,NORMAL
84400000000,12,13,12-4-3-2-5-13,42298369.0590220019,5,,NORMAL
84500000000,12,13,12-4-3-2-5-13,42301113.8206203654,5,,NORMAL
84600000000,12,13,12-4-3-2-5-13,42303858.5880651176,5,,NORMAL
84700000000,12,13,12-4-3-2-5-13,42306609.4554153010,5,,NORMAL
84800000000,12,13,12-4-3-2-5-13,42309361.0176386014,5,,NORMAL
84900000000,12,13,12-4-3-2-5-13,42312113.3987885937,5,,NORMAL
85000000000,12,13,12-4-3-2-5-13,42314879.2605331093,5,,NORMAL
85100000000,12,13,12-4-3-2-5-13,42317639.7250261679,5,,NORMAL
85200000000,12,13,12-4-3-2-5-13,42320416.4069914073,5,,NORMAL
85300000000,12,13,12-4-3-2-5-13,42323185.5376769751,5,,NORMAL
85400000000,12,13,12-4-3-2-5-13,42325964.8977927417,5,,NORMAL
85500000000,12,13,12-4-3-2-5-13,42328751.1190921888,5,,NORMAL
85600000000,12,13,12-4-3-2-5-13,42331539.5708230212,5,,NORMAL
85700000000,12,13,12-4-3-2-5-13,42334329.5622768104,5,,NORMAL
85800000000,12,13,12-4-3-2-5-13,42337131.4228742644,5,,NORMAL
85900000000,12,13,12-4-3-2-5-13,42339927.4798537642,5,,NORMAL
86000000000,12,13,12-4-3-2-5-13,42342734.1689235270,5,,NORMAL
86100000000,12,13,12-4-3-2-5-13,42345534.8226302043,5,,NORMAL
86200000000,12,13,12-4-3-2-5-13,42348347.1487659737,5,,NORMAL
86300000000,12,13,12-4-3-2-5-13,42351168.3751709610,5,,NORMAL
86400000000,12,13,12-4-3-2-5-13,42353991.1081253663,5,,NORMAL
86500000000,12,13,12-4-3-2-5-13,42356814.5542523116,5,,NORMAL
86600000000,12,13,12-4-3-2-5-13,42359645.5417829305,5,,NORMAL
86700000000,12,13,12-4-3-2-5-13,42362479.6066723838,5,,NORMAL
86800000000,12,13,12-4-3-2-5-13,42365315.8300073072,5,,NORMAL
86900000000,12,13,12-4-3-2-5-13,42368162.6503790617,5,,NORMAL
87000000000,12,13,12-4-3-2-5-13,42371006.2681456655,5,,NORMAL
87100000000,12,13,12-4-3-2-5-13,42373856.4354515523,5,,NORMAL
87200000000,12,13,12-4-3-2-5-13,42376714.3362972587,5,,NORMAL
87300000000,12,13,12-4-3-2-5-13,42379572.7252543718,5,,NORMAL
87400000000,12,13,12-4-3-2-5-13,42382429.8280266672,5,,NORMAL
87500000000,12,13,12-4-3-2-5-13,42385302.7368862331,5,,NORMAL
87600000000,12,13,12-4-3-2-5-13,42388174.3693864048,5,,NORMAL
87700000000,12,13,12-4-3-2-5-13,42391053.7426386327,5,,NORMAL
87800000000,12,13,12-4-3-2-5-13,42393934.9501434937,5,,NORMAL
87900000000,12,13,12-4-3-2-5-13,42396813.7860619873,5,,NORMAL
88000000000,12,13,12-4-3-2-5-13,42399707.3242365867,5,,NORMAL
88100000000,12,13,12-4-3-2-5-13,42402599.1353192106,5,,NORMAL
88200000000,12,13,12-4-3-2-5-13,42405497.0318079591,5,,NORMAL
88300000000,12,13,12-4-3-2-5-13,42408398.4177260026,5,,NORMAL
88400000000,12,13,12-4-3-2-5-13,42411304.3831571937,5,,NORMAL
88500000000,12,13,12-4-3-2-5-13,42414211.4356720522,5,,NORMAL
88600000000,12,13,12-4-3-2-5-13,42417129.7328077778,5,,NORMAL
88700000000,12,13,12-4-3-2-5-13,42420044.5685790032,5,,NORMAL
88800000000,12,13,12-4-3-2-5-13,42422967.0462509170,5,,NORMAL
88900000000,12,13,12-4-3-2-5-13,42425895.3293313608,5,,NORMAL
89000000000,12,13,12-4-3-2-5-13,42428828.2154221013,5,,NORMAL
89100000000,12,13,12-4-3-2-5-13,42431760.0145675540,5,,NORMAL
89200000000,12,13,12-4-3-2-5-13,42434698.1057906896,5,,NORMAL
89300000000,12,13,12-4-3-2-5-13,42437647.0094604939,5,,NORMAL
89400000000,12,13,12-4-3-2-5-13,42440593.3456081823,5,,NORMAL
89500000000,12,13,12-4-3-2-5-13,42443544.2713806704,5,,NORMAL
89600000000,12,13,12-4-3-2-5-13,42446500.3789883181,5,,NORMAL
89700000000,12,13,12-4-3-2-5-13,42449462.1599132493,5,,NORMAL
89800000000,12,13,12-4-3-2-5-13,42452429.7322650999,5,,NORMAL
89900000000,12,13,12-4-3-2-5-13,42455395.8617294803,5,,NORMAL
90000000000,12,13,12-4-3-2-5-13,42458366.1313202754,5,,NORMAL
90100000000,12,13,12-4-3-2-5-13,42461344.3714346439,5,,NORMAL
90200000000,12,13,12-4-3-2-5-13,42464325.4997045249,5,,NORMAL
90300000000,12,13,12-4-3-2-5-13,42467312.6517886370,5,,NORMAL
90400000000,12,13,12-4-3-2-5-13,42470306.2715113088,5,,NORMAL
90500000000,12,13,12-4-3-2-5-13,42473295.4874017537,5,,NORMAL
90600000000,12,13,12-4-3-2-5-13,42476296.5275841653,5,,NORMAL
90700000000,12,13,12-4-3-2-5-13,42479292.9302033633,5,,NORMAL
90800000000,12,13,12-4-3-2-5-13,42482302.5994697735,5,,NORMAL
90900000000,12,13,12-4-3-2-5-13,42485317.5782153830,5,,NORMAL
91000000000,12,13,12-4-3-2-5-13,42488334.2575423792,5,,NORMAL
91100000000,12,13,12-4-3-2-5-13,42491347.3580699041,5,,NORMAL
91200000000,12,13,12-4-3-2-5-13,42494371.2470521107,5,,NORMAL
91300000000,12,13,12-4-3-2-5-13,42497400.3077016026,5,,NORMAL
91400000000,12,13,12-4-3-2-5-13,42500435.4475845173,5,,NORMAL
91500000000,12,13,12-4-3-2-5-13,42503467.0063240379,5,,NORMAL
91600000000,12,13,12-4-3-2-5-13,42506511.4570048824,5,,NORMAL
91700000000,12,13,12-4-3-2-5-13,42509547.3984796032,5,,NORMAL
91800000000,12,13,12-4-3-2-5-13,42512596.2604331374,5,,NORMAL
91900000000,12,13,12-4-3-2-5-13,42515651.6417795718,5,,NORMAL
92000000000,12,13,12-4-3-2-5-13,42518706.3557009101,5,,NORMAL
92100000000,12,13,12-4-3-2-5-13,42521769.9901353940,5,,NORMAL
92200000000,12,13,12-4-3-2-5-13,42524831.0078567788,5,,NORMAL
92300000000,12,13,12-4-3-2-5-13,42527898.1875939816,5,,NORMAL
92400000000,12,13,12-4-3-2-5-13,42530978.9025660381,5,,NORMAL
92500000000,12,13,12-4-3-2-5-13,42534053.8590937927,5,,NORMAL
92600000000,12,13,12-4-3-2-5-13,42537137.2802638561,5,,NORMAL
92700000000,12,13,12-4-3-2-5-13,42540221.5483354926,5,,NORMAL
92800000000,12,13,12-4-3-2-5-13,42543308.8852244020,5,,NORMAL
92900000000,12,13,12-4-3-2-5-13,42546399.5156099126,5,,NORMAL
93000000000,12,13,12-4-3-2-5-13,42549507.6057613268,5,,NORMAL
93100000000,12,13,12-4-3-2-5-13,42552607.3099888638,5,,NORMAL
93200000000,12,13,12-4-3-2-5-13,42555713.7697884589,5,,NORMAL
93300000000,12,13,12-4-3-2-5-13,42558820.8936702237,5,,NORMAL
93400000000,12,13,12-4-3-2-5-13,42561939.2577840686,5,,NORMAL
93500000000,12,13,12-4-3-2-5-13,42565055.4680645689,5,,NORMAL
93600000000,12,13,12-4-3-2-5-13,42568180.5857065395,5,,NORMAL
93700000000,12,13,12-4-3-2-5-13,42571306.3732421920,5,,NORMAL
93800000000,12,13,12-4-3-2-5-13,42574437.5798153356,5,,NORMAL
93900000000,12,13,12-4-3-2-5-13,42577573.7680306658,5,,NORMAL
94000000000,12,13,12-4-3-2-5-13,42580710.0407436192,5,,NORMAL
94100000000,12,13,12-4-3-2-5-13,42583859.6254161969,5,,NORMAL
94200000000,12,13,12-4-3-2-5-13,42587009.0260379612,5,,NORMAL
94300000000,12,13,12-4-3-2-5-13,42590157.6637668684,5,,NORMAL
94400000000,12,13,12-4-3-2-5-13,42593317.1146969721,5,,NORMAL
94500000000,12,13,12-4-3-2-5-13,42596472.0245559067,5,,NORMAL
94600000000,12,13,12-4-3-2-5-13,42599638.6533285677,5,,NORMAL
94700000000,12,13,12-4-3-2-5-13,42602810.8505281359,5,,NORMAL
94800000000,12,13,12-4-3-2-5-13,42605980.5549452528,5,,NORMAL
94900000000,12,13,12-4-3-2-5-13,42609154.1314684823,5,,NORMAL
95000000000,12,13,12-4-3-2-5-13,42612340.2637592480,5,,NORMAL
95100000000,12,13,12-4-3-2-5-13,42615524.6940927804,5,,NORMAL
95200000000,12,13,12-4-3-2-5-13,42618714.7861790732,5,,NORMAL
95300000000,12,13,12-4-3-2-5-13,42621908.3456963450,5,,NORMAL
95400000000,12,13,12-4-3-2-5-13,42625102.8016679883,5,,NORMAL
95500000000,12,13,12-4-3-2-5-13,42628306.5481462404,5,,NORMAL
95600000000,12,13,12-4-3-2-5-13,42631511.8724407107,5,,NORMAL
95700000000,12,13,12-4-3-2-5-13,42634721.0587169528,5,,NORMAL
95800000000,12,13,12-4-3-2-5-13,42637938.0518261641,5,,NORMAL
95900000000,12,13,12-4-3-2-5-13,42641155.7563108429,5,,NORMAL
96000000000,12,13,12-4-3-2-5-13,42644374.9524473101,5,,NORMAL
96100000000,12,13,12-4-3-2-5-13,42647604.9991888404,5,,NORMAL
96200000000,12,13,12-4-3-2-5-13,42650835.0633600280,5,,NORMAL
96300000000,12,13,12-4-3-2-5-13,42654065.8028988093,5,,NORMAL
96400000000,12,13,12-4-3-2-5-13,42657304.1183568984,5,,NORMAL
96500000000,12,13,12-4-3-2-5-13,42660550.4274320900,5,,NORMAL
96600000000,12,13,12-4-3-2-5-13,42663802.1491107866,5,,NORMAL
96700000000,12,13,12-4-3-2-5-13,42667049.0109227002,5,,NORMAL
96800000000,12,13,12-4-3-2-5-13,42670301.7008121908,5,,NORMAL
96900000000,12,13,12-4-3-2-5-13,42673559.7947428003,5,,NORMAL
97000000000,12,13,12-4-3-2-5-13,42676830.6306712180,5,,NORMAL
97100000000,12,13,12-4-3-2-5-13,42680091.8524369746,5,,NORMAL
97200000000,12,13,12-4-3-2-5-13,42683363.6609991863,5,,NORMAL
97300000000,12,13,12-4-3-2-5-13,42686644.0142998472,5,,NORMAL
97400000000,12,13,12-4-3-2-5-13,42689924.0600624904,5,,NORMAL
97500000000,12,13,12-4-3-2-5-13,42693201.7843027711,5,,NORMAL
97600000000,12,13,12-4-3-2-5-13,42696496.5197668150,5,,NORMAL
97700000000,12,13,12-4-3-2-5-13,42699780.1871064231,5,,NORMAL
97800000000,12,13,12-4-3-2-5-13,42703082.6969372779,5,,NORMAL
97900000000,12,13,12-4-3-2-5-13,42706380.3737661168,5,,NORMAL
98000000000,12,13,12-4-3-2-5-13,42709689.2395514622,5,,NORMAL
98100000000,12,13,12-4-3-2-5-13,42712989.1779745594,5,,NORMAL
98200000000,12,13,12-4-3-2-5-13,42716307.3518715054,5,,NORMAL
98300000000,12,13,12-4-3-2-5-13,42719619.6207112297,5,,NORMAL
98400000000,12,13,12-4-3-2-5-13,42722941.8054343611,5,,NORMAL
98500000000,12,13,12-4-3-2-5-13,42726269.1663270146,5,,NORMAL
98600000000,12,13,12-4-3-2-5-13,42729597.4869349748,5,,NORMAL
98700000000,12,13,12-4-3-2-5-13,42732926.2425592467,5,,NORMAL
98800000000,12,13,12-4-3-2-5-13,42736271.7664906308,5,,NORMAL
98900000000,12,13,12-4-3-2-5-13,42739608.7710969523,5,,NORMAL
99000000000,12,13,12-4-3-2-5-13,42742947.8201863244,5,,NORMAL
99100000000,12,13,12-4-3-2-5-13,42746300.6137183607,5,,NORMAL
99200000000,12,13,12-4-3-2-5-13,42749652.5942880288,5,,NORMAL
99300000000,12,13,12-4-3-2-5-13,42753012.5607039854,5,,NORMAL
99400000000,12,13,12-4-3-2-5-13,42756372.7901317030,5,,NORMAL
99500000000,12,13,12-4-3-2-5-13,42759737.3695983142,5,,NORMAL
99600000000,12,13,12-4-3-2-5-13,42763109.2856120095,5,,NORMAL
99700000000,12,13,12-4-3-2-5-13,42766484.0814538524,5,,NORMAL
99800000000,12,13,12-4-3-2-5-13,42769860.8079784736,5,,NORMAL
99900000000,12,13,12-4-3-2-5-13,42773243.4269966930,5,,NORMAL
100000000000,12,13,12-4-3-2-5-13,42776626.2758466974,5,,NORMAL
100100000000,12,13,12-4-3-2-5-13,42780017.1430077478,5,,NORMAL
100200000000,12,13,12-4-3-2-5-13,42783412.1348518729,5,,NORMAL
100300000000,12,13,12-4-3-2-5-13,42786806.5088090897,5,,NORMAL
100400000000,12,13,12-4-3-2-5-13,42790209.7485555708,5,,NORMAL
100500000000,12,13,12-4-3-2-5-13,42793612.8340558261,5,,NORMAL
100600000000,12,13,12-4-3-2-5-13,42797028.1463382840,5,,NORMAL
100700000000,12,13,12-4-3-2-5-13,42800443.7581383362,5,,NORMAL
100800000000,12,13,12-4-3-2-5-13,42803857.5486258343,5,,NORMAL
100900000000,12,13,12-4-3-2-5-13,42807281.8840749711,5,,NORMAL
101000000000,12,13,12-4-3-2-5-13,42810713.6926672459,5,,NORMAL
101100000000,12,13,12-4-3-2-5-13,42814139.6297303587,5,,NORMAL
101200000000,12,13,12-4-3-2-5-13,42817571.6449101418,5,,NORMAL
101300000000,12,13,12-4-3-2-5-13,42821012.8370496333,5,,NORMAL
101400000000,12,13,12-4-3-2-5-13,42824456.9410232529,5,,NORMAL
101500000000,12,13,12-4-3-2-5-13,42827905.8123401552,5,,NORMAL
101600000000,12,13,12-4-3-2-5-13,42831351.7052055895,5,,NORMAL
101700000000,12,13,12-4-3-2-5-13,42834811.1610331461,5,,NORMAL
101800000000,12,13,12-4-3-2-5-13,42838261.7513420135,5,,NORMAL
101900000000,12,13,12-4-3-2-5-13,42841731.6002886966,5,,NORMAL
102000000000,12,13,12-4-3-2-5-13,42845195.1113564521,5,,NORMAL
102100000000,12,13,12-4-3-2-5-13,42848666.3853637204,5,,NORMAL
102200000000,12,13,12-4-3-2-5-13,42852137.3108193129,5,,NORMAL
102300000000,12,13,12-4-3-2-5-13,42855621.1230733767,5,,NORMAL
102400000000,12,13,12-4-3-2-5-13,42859102.8389761448,5,,NORMAL
102500000000,12,13,12-4-3-2-5-13,42862588.7560203969,5,,NORMAL
102600000000,12,13,12-4-3-2-5-13,42866079.3385617286,5,,NORMAL
102700000000,12,13,12-4-3-2-5-13,42869574.7514063492,5,,NORMAL
102800000000,12,13,12-4-3-2-5-13,42873075.5402957574,5,,NORMAL
102900000000,12,13,12-4-3-2-5-13,42876574.3044817075,5,,NORMAL
103000000000,12,13,12-4-3-2-5-13,42880082.0872597620,5,,NORMAL
103100000000,12,13,12-4-3-2-5-13,42883591.8677535281,5,,NORMAL
103200000000,12,13,12-4-3-2-5-13,42887111.7523577735,5,,NORMAL
103300000000,12,13,12-4-3-2-5-13,42890631.2963945940,5,,NORMAL
103400000000,12,13,12-4-3-2-5-13,42894153.4460240528,5,,NORMAL
103500000000,12,13,12-4-3-2-5-13,42897681.8262873143,5,,NORMAL
103600000000,12,13,12-4-3-2-5-13,42901211.3875741065,5,,NORMAL
103700000000,12,13,12-4-3-2-5-13,42904749.7985208184,5,,NORMAL
103800000000,12,13,12-4-3-2-5-13,42908287.6057246476,5,,NORMAL
103900000000,12,13,12-4-3-2-5-13,42911829.1623394862,5,,NORMAL
104000000000,12,13,12-4-3-2-5-13,42915376.4889144227,5,,NORMAL
104100000000,12,13,12-4-3-2-5-13,42918929.2663279772,5,,NORMAL
104200000000,12,13,12-4-3-2-5-13,42922483.1894001886,5,,NORMAL
104300000000,12,13,12-4-3-2-5-13,42926043.3782646954,5,,NORMAL
104400000000,12,13,12-4-3-2-5-13,42929607.1501732394,5,,NORMAL
104500000000,12,13,12-4-3-2-5-13,42933172.6082057506,5,,NORMAL
104600000000,12,13,12-4-3-2-5-13,42936744.0861418098,5,,NORMAL
104700000000,12,13,12-4-3-2-5-13,42940319.1211615205,5,,NORMAL
104800000000,12,13,12-4-3-2-5-13,42943901.1675967574,5,,NORMAL
104900000000,12,13,12-4-3-2-5-13,42947482.2645962313,5,,NORMAL
105000000000,12,13,12-4-3-2-5-13,42951068.1078552008,5,,NORMAL
105100000000,12,13,12-4-3-2-5-13,42954662.1655363962,5,,NORMAL
105200000000,12,13,12-4-3-2-5-13,42958254.3403566778,5,,NORMAL
105300000000,12,13,12-4-3-2-5-13,42961850.9450119212,5,,NORMAL
105400000000,12,13,12-4-3-2-5-13,42965459.0771504417,5,,NORMAL
105500000000,12,13,12-4-3-2-5-13,42969058.7112194747,5,,NORMAL
105600000000,12,13,12-4-3-2-5-13,42972679.3494914398,5,,NORMAL
105700000000,12,13,12-4-3-2-5-13,42976288.1613216922,5,,NORMAL
105800000000,12,13,12-4-3-2-5-13,42979911.9643407315,5,,NORMAL
105900000000,12,13,12-4-3-2-5-13,42983529.8556174114,5,,NORMAL
106000000000,12,13,12-4-3-2-5-13,42987157.2033701539,5,,NORMAL
106100000000,12,13,12-4-3-2-5-13,42990792.2945939973,5,,NORMAL
106200000000,12,13,12-4-3-2-5-13,42994426.4580601528,5,,NORMAL
106300000000,12,13,12-4-3-2-5-13,42998065.7147109210,5,,NORMAL
106400000000,12,13,12-4-3-2-5-13,43001712.3162096590,5,,NORMAL
106500000000,12,13,12-4-3-2-5-13,43005355.0603631437,5,,NORMAL
106600000000,12,13,12-4-3-2-5-13,43009005.8301927000,5,,NORMAL
106700000000,12,13,12-4-3-2-5-13,43012663.5706412494,5,,NORMAL
106800000000,12,13,12-4-3-2-5-13,43016319.5261614472,5,,NORMAL
106900000000,12,13,12-4-3-2-5-13,43019984.6764872745,5,,NORMAL
107000000000,12,13,12-4-3-2-5-13,43023644.0845710412,5,,NORMAL
107100000000,12,13,12-4-3-2-5-13,43027317.2496783957,5,,NORMAL
107200000000,12,13,12-4-3-2-5-13,43030992.6407481730,5,,NORMAL
107300000000,12,13,12-4-3-2-5-13,43034676.0446383581,5,,NORMAL
107400000000,12,13,12-4-3-2-5-13,43038355.8769125417,5,,NORMAL
107500000000,12,13,12-4-3-2-5-13,43042043.6136130393,5,,NORMAL
107600000000,12,13,12-4-3-2-5-13,43045734.6603161544,5,,NORMAL
107700000000,12,13,12-4-3-2-5-13,43049429.4585246593,5,,NORMAL
107800000000,12,13,12-4-3-2-5-13,43053122.7591082379,5,,NORMAL
107900000000,12,13,12-4-3-2-5-13,43056824.7395844311,5,,NORMAL
108000000000,12,13,12-4-3-2-5-13,43060534.0165348276,5,,NORMAL
108100000000,12,13,12-4-3-2-5-13,43064249.4535465166,5,,NORMAL
108200000000,12,13,12-4-3-2-5-13,43067960.1843436956,5,,NORMAL
108300000000,12,13,12-4-3-2-5-13,43071681.8276009560,5,,NORMAL
108400000000,12,13,12-4-3-2-5-13,43075401.6853630170,5,,NORMAL
108500000000,12,13,12-4-3-2-5-13,43079122.4100736082,5,,NORMAL
108600000000,12,13,12-4-3-2-5-13,43082860.6737988219,5,,NORMAL
108700000000,12,13,12-4-3-2-5-13,43086589.8694530949,5,,NORMAL
108800000000,12,13,12-4-3-2-5-13,43090324.2979861498,5,,NORMAL
108900000000,12,13,12-4-3-2-5-13,43094072.4135569781,5,,NORMAL
109000000000,12,13,12-4-3-2-5-13,43097815.9210708514,5,,NORMAL
109100000000,12,13,12-4-3-2-5-13,43101562.5357612371,5,,NORMAL
109200000000,12,13,12-4-3-2-5-13,43105321.2693457827,5,,NORMAL
109300000000,12,13,12-4-3-2-5-13,43109078.0288191512,5,,NORMAL
109400000000,12,13,12-4-3-2-5-13,43112842.0963484645,5,,NORMAL
109500000000,12,13,12-4-3-2-5-13,43116607.1600358933,5,,NORMAL
109600000000,12,13,12-4-3-2-5-13,43120373.6634535491,5,,NORMAL
109700000000,12,13,12-4-3-2-5-13,43124144.1727309301,5,,NORMAL
109800000000,12,13,12-4-3-2-5-13,43127922.8309923559,5,,NORMAL
109900000000,12,13,12-4-3-2-5-13,43131708.8132010475,5,,NORMAL
110000000000,12,13,12-4-3-2-5-13,43135492.7937646285,5,,NORMAL
110100000000,12,13,12-4-3-2-5-13,43139282.5218490884,5,,NORMAL
110200000000,12,13,12-4-3-2-5-13,43143075.5156276599,5,,NORMAL
110300000000,12,13,12-4-3-2-5-13,43146872.5177288055,5,,NORMAL
110400000000,12,13,12-4-3-2-5-13,43150672.9189339280,5,,NORMAL
110500000000,12,13,12-4-3-2-5-13,43154477.1240368187,5,,NORMAL
110600000000,12,13,12-4-3-2-5-13,43158288.3868132010,5,,NORMAL
110700000000,12,13,12-4-3-2-5-13,43162095.2124822736,5,,NORMAL
110800000000,12,13,12-4-3-2-5-13,43165914.7163393721,5,,NORMAL
110900000000,12,13,12-4-3-2-5-13,43169734.5469303653,5,,NORMAL
111000000000,12,13,12-4-3-2-5-13,43173557.6008734554,5,,NORMAL
111100000000,12,13,12-4-3-2-5-13,43177386.5087685660,5,,NORMAL
111200000000,12,13,12-4-3-2-5-13,43181218.6829259992,5,,NORMAL
111300000000,12,13,12-4-3-2-5-13,43185056.2867542729,5,,NORMAL
111400000000,12,13,12-4-3-2-5-13,43188896.3201345205,5,,NORMAL
111500000000,12,13,12-4-3-2-5-13,43192739.1852844805,5,,NORMAL
111600000000,12,13,12-4-3-2-5-13,43196588.6734922901,5,,NORMAL
111700000000,12,13,12-4-3-2-5-13,43200436.4216530621,5,,NORMAL
111800000000,12,13,12-4-3-2-5-13,43204296.3924182579,5,,NORMAL
111900000000,12,13,12-4-3-2-5-13,43208153.3894988671,5,,NORMAL
112000000000,12,13,12-4-3-2-5-13,43212013.4999326468,5,,NORMAL
112100000000,12,13,12-4-3-2-5-13,43215889.5955475941,5,,NORMAL
112200000000,12,13,12-4-3-2-5-13,43219757.1333996505,5,,NORMAL
112300000000,12,13,12-4-3-2-5-13,43223631.5406703204,5,,NORMAL
112400000000,12,13,12-4-3-2-5-13,43227510.2546870634,5,,NORMAL
112500000000,12,13,12-4-3-2-5-13,43231394.3721568510,5,,NORMAL
112600000000,12,13,12-4-3-2-5-13,43235281.1395775527,5,,NORMAL
112700000000,12,13,12-4-3-2-5-13,43239165.4486718476,5,,NORMAL
112800000000,12,13,12-4-3-2-5-13,43243063.4839312881,5,,NORMAL
112900000000,12,13,12-4-3-2-5-13,43246962.8188186139,5,,NORMAL
113000000000,12,13,12-4-3-2-5-13,43250864.0201939270,5,,NORMAL
113100000000,12,13,12-4-3-2-5-13,43254772.0000180304,5,,NORMAL
113200000000,12,13,12-4-3-2-5-13,43258678.4655856118,5,,NORMAL
113300000000,12,13,12-4-3-2-5-13,43262599.0140015855,5,,NORMAL
113400000000,12,13,12-4-3-2-5-13,43266514.1769066378,5,,NORMAL
113500000000,12,13,12-4-3-2-5-13,43270436.2830178216,5,,NORMAL
113600000000,12,13,12-4-3-2-5-13,43274358.6236524805,5,,NORMAL
113700000000,12,13,12-4-3-2-5-13,43278289.5692609400,5,,NORMAL
113800000000,12,13,12-4-3-2-5-13,43282224.9876833633,5,,NORMAL
113900000000,12,13,12-4-3-2-5-13,43286157.7688132003,5,,NORMAL
114000000000,12,13,12-4-3-2-5-13,43290100.5915600583,5,,NORMAL
114100000000,12,13,12-4-3-2-5-13,43294051.1990476325,5,,NORMAL
114200000000,12,13,12-4-3-2-5-13,43297991.2656152919,5,,NORMAL
114300000000,12,13,12-4-3-2-5-13,43301944.3836491629,5,,NORMAL
114400000000,12,13,12-4-3-2-5-13,43305901.9934839606,5,,NORMAL
114500000000,12,13,12-4-3-2-5-13,43309862.0832058191,5,,NORMAL
114600000000,12,13,12-4-3-2-5-13,43313830.5525909960,5,,NORMAL
114700000000,12,13,12-4-3-2-5-13,43317795.9563149735,5,,NORMAL
114800000000,12,13,12-4-3-2-5-13,43321762.4093484581,5,,NORMAL
114900000000,12,13,12-4-3-2-5-13,43325740.2597976923,5,,NORMAL
115000000000,12,13,12-4-3-2-5-13,43329721.8993401155,5,,NORMAL
115100000000,12,13,12-4-3-2-5-13,43333704.9928806871,5,,NORMAL
115200000000,12,13,12-4-3-2-5-13,43337691.4151194394,5,,NORMAL
115300000000,12,13,12-4-3-2-5-13,43341681.0790093094,5,,NORMAL
115400000000,12,13,12-4-3-2-5-13,43345677.2973337024,5,,NORMAL
115500000000,12,13,12-4-3-2-5-13,43349672.2513605356,5,,NORMAL
115600000000,12,13,12-4-3-2-5-13,43353679.8652464375,5,,NORMAL
115700000000,12,13,12-4-3-2-5-13,43357682.2237577140,5,,NORMAL
115800000000,12,13,12-4-3-2-5-13,43361693.2277863547,5,,NORMAL
115900000000,12,13,12-4-3-2-5-13,43365713.1390620172,5,,NORMAL
116000000000,12,13,12-4-3-2-5-13,43369728.7856227756,5,,NORMAL
116100000000,12,13,12-4-3-2-5-13,43373751.3119078949,5,,NORMAL
116200000000,12,13,12-4-3-2-5-13,43377773.9091788232,5,,NORMAL
116300000000,12,13,12-4-3-2-5-13,43381805.4523013905,5,,NORMAL
116400000000,12,13,12-4-3-2-5-13,43385835.8843068704,5,,NORMAL
116500000000,12,13,12-4-3-2-5-13,43389873.5976238996,5,,NORMAL
116600000000,12,13,12-4-3-2-5-13,43393918.6544376314,5,,NORMAL
116700000000,12,13,12-4-3-2-5-13,43397959.1141986772,5,,NORMAL
116800000000,12,13,12-4-3-2-5-13,43402006.5220378861,5,,NORMAL
116900000000,12,13,12-4-3-2-5-13,43406060.2479557544,5,,NORMAL
117000000000,12,13,12-4-3-2-5-13,43410115.8958746642,5,,NORMAL
117100000000,12,13,12-4-3-2-5-13,43414179.6459619179,5,,NORMAL
117200000000,12,13,12-4-3-2-5-13,43418239.0084935352,5,,NORMAL
117300000000,12,13,12-4-3-2-5-13,43422310.1380941048,5,,NORMAL
117400000000,12,13,12-4-3-2-5-13,43426380.5900027379,5,,NORMAL
117500000000,12,13,12-4-3-2-5-13,43430454.8907269314,5,,NORMAL
117600000000,12,13,12-4-3-2-5-13,43434531.6820428818,5,,NORMAL
117700000000,12,13,12-4-3-2-5-13,43438619.7841086313,5,,NORMAL
117800000000,12,13,12-4-3-2-5-13,43442709.8382044658,5,,NORMAL
117900000000,12,13,12-4-3-2-5-13,43446791.1413519382,5,,NORMAL
118000000000,12,13,12-4-3-2-5-13,43450889.9294643551,5,,NORMAL
118100000000,12,13,12-4-3-2-5-13,43454991.4766696915,5,,NORMAL
118200000000,12,13,12-4-3-2-5-13,43459090.9060092196,5,,NORMAL
118300000000,12,13,12-4-3-2-5-13,43463193.5464969426,5,,NORMAL
118400000000,12,13,12-4-3-2-5-13,43467305.0075699836,5,,NORMAL
118500000000,12,13,12-4-3-2-5-13,43471418.0428989232,5,,NORMAL
118600000000,12,13,12-4-3-2-5-13,43475536.9294297621,5,,NORMAL
118700000000,12,13,12-4-3-2-5-13,43479657.1334526911,5,,NORMAL
118800000000,12,13,12-4-3-2-5-13,43483782.9444907680,5,,NORMAL
118900000000,12,13,12-4-3-2-5-13,43487908.6750620604,5,,NORMAL
119000000000,12,13,12-4-3-2-5-13,43492044.4225653112,5,,NORMAL
119100000000,12,13,12-4-3-2-5-13,43496179.7239176333,5,,NORMAL
119200000000,12,13,12-4-3-2-5-13,43500320.7942228690,5,,NORMAL
119300000000,12,13,12-4-3-2-5-13,43504462.4098379686,5,,NORMAL
119400000000,12,13,12-4-3-2-5-13,43508609.9758100733,5,,NORMAL
119500000000,12,13,12-4-3-2-5-13,43512763.8740735278,5,,NORMAL
119600000000,12,13,12-4-3-2-5-13,43516913.5759283975,5,,NORMAL
119700000000,12,13,12-4-3-2-5-13,43521072.3466781527,5,,NORMAL
119800000000,12,13,12-4-3-2-5-13,43525232.0251318440,5,,NORMAL
119900000000,12,13,12-4-3-2-5-13,43529406.5960642546,5,,NORMAL
120000000000,12,13,12-4-3-2-5-13,43533574.7668204680,5,,NORMAL
120100000000,12,13,12-4-3-2-5-13,43537746.7977989689,5,,NORMAL
120200000000,12,13,12-4-3-2-5-13,43541921.0804512873,5,,NORMAL
120300000000,12,13,12-4-3-2-5-13,43546108.1700686589,5,,NORMAL
120400000000,12,13,12-4-3-2-5-13,43550290.0517498702,5,,NORMAL
120500000000,12,13,12-4-3-2-5-13,43554477.1156743467,5,,NORMAL
120600000000,12,13,12-4-3-2-5-13,43558674.4351651669,5,,NORMAL
120700000000,12,13,12-4-3-2-5-13,43562867.8376796395,5,,NORMAL
120800000000,12,13,12-4-3-2-5-13,43567073.6215834469,5,,NORMAL
120900000000,12,13,12-4-3-2-5-13,43571274.1110843420,5,,NORMAL
121000000000,12,13,12-4-3-2-5-13,43575482.3924018741,5,,NORMAL
121100000000,12,13,12-4-3-2-5-13,43579692.9948807210,5,,NORMAL
121200000000,12,13,12-4-3-2-5-13,43583912.9412478358,5,,NORMAL
121300000000,12,13,12-4-3-2-5-13,43588127.7553486675,5,,NORMAL
121400000000,12,13,12-4-3-2-5-13,43592353.8169215620,5,,NORMAL
121500000000,12,13,12-4-3-2-5-13,43596572.2199130878,5,,NORMAL
121600000000,12,13,12-4-3-2-5-13,43600805.6782878414,5,,NORMAL
121700000000,12,13,12-4-3-2-5-13,43605046.7106420472,5,,NORMAL
121800000000,12,13,12-4-3-2-5-13,43609273.6523160562,5,,NORMAL
121900000000,12,13,12-4-3-2-5-13,43613521.2500805110,5,,NORMAL
122000000000,12,13,12-4-3-2-5-13,43617763.5729227141,5,,NORMAL
122100000000,12,13,12-4-3-2-5-13,43622016.4744253904,5,,NORMAL
122200000000,12,13,12-4-3-2-5-13,43626270.4647359625,5,,NORMAL
122300000000,12,13,12-4-3-2-5-13,43630523.2118369564,5,,NORMAL
122400000000,12,13,12-4-3-2-5-13,43634781.9778899103,5,,NORMAL
122500000000,12,13,12-4-3-2-5-13,43639047.5296672359,5,,NORMAL
122600000000,12,13,12-4-3-2-5-13,43643317.2734290212,5,,NORMAL
122700000000,12,13,12-4-3-2-5-13,43647585.3497026265,5,,NORMAL
122800000000,12,13,12-4-3-2-5-13,43651865.3462094665,5,,NORMAL
122900000000,12,13,12-4-3-2-5-13,43656141.8642269745,5,,NORMAL
123000000000,12,13,12-4-3-2-5-13,43660423.2202886268,5,,NORMAL
123100000000,12,13,12-4-3-2-5-13,43664707.9688160866,5,,NORMAL
123200000000,12,13,12-4-3-2-5-13,43668997.8152472824,5,,NORMAL
123300000000,12,13,12-4-3-2-5-13,43673291.8457232416,5,,NORMAL
123400000000,12,13,12-4-3-2-5-13,43677589.8996225968,5,,NORMAL
123500000000,12,13,12-4-3-2-5-13,43681889.1154282317,5,,NORMAL
123600000000,12,13,12-4-3-2-5-13,43686199.3570305929,5,,NORMAL
123700000000,12,13,12-4-3-2-5-13,43690508.0659939051,5,,NORMAL
123800000000,12,13,12-4-3-2-5-13,43694818.5650493205,5,,NORMAL
123900000000,12,13,12-4-3-2-5-13,43699132.7737268955,5,,NORMAL
124000000000,12,13,12-4-3-2-5-13,43703451.7114241868,5,,NORMAL
124100000000,12,13,12-4-3-2-5-13,43707778.7148022950,5,,NORMAL
124200000000,12,13,12-4-3-2-5-13,43712106.0068206787,5,,NORMAL
124300000000,12,13,12-4-3-2-5-13,43716432.9225991294,5,,NORMAL
124400000000,12,13,12-4-3-2-5-13,43720770.2574845925,5,,NORMAL
124500000000,12,13,12-4-3-2-5-13,43725106.4140934870,5,,NORMAL
124600000000,12,13,12-4-3-2-5-13,43729454.1174464300,5,,NORMAL
124700000000,12,13,12-4-3-2-5-13,43733796.3057708591,5,,NORMAL
124800000000,12,13,12-4-3-2-5-13,43738147.5755770802,5,,NORMAL
124900000000,12,13,12-4-3-2-5-13,43742499.6341131926,5,,NORMAL
125000000000,12,13,12-4-3-2-5-13,43746859.1809557676,5,,NORMAL
125100000000,12,13,12-4-3-2-5-13,43751215.5199233294,5,,NORMAL
125200000000,12,13,12-4-3-2-5-13,43755581.1780681536,5,,NORMAL
125300000000,12,13,12-4-3-2-5-13,43759944.6805445328,5,,NORMAL
125400000000,12,13,12-4-3-2-5-13,43764317.7101887167,5,,NORMAL
125500000000,12,13,12-4-3-2-5-13,43768697.0764805079,5,,NORMAL
125600000000,12,13,12-4-3-2-5-13,43773070.8267709687,5,,NORMAL
125700000000,12,13,12-4-3-2-5-13,43777453.3827349022,5,,NORMAL
125800000000,12,13,12-4-3-2-5-13,43781844.1296416000,5,,NORMAL
125900000000,12,13,12-8-9-10-11-7-13,48139561.7210886776,6,,NORMAL
126000000000,12,13,12-8-9-10-11-7-13,48140414.5926675126,6,,NORMAL
126100000000,12,13,12-8-9-10-11-7-13,48141281.9188031107,6,,NORMAL
126200000000,12,13,12-8-9-10-11-7-13,48142149.1785333306,6,,NORMAL
126300000000,12,13,12-8-9-10-11-7-13,48143026.1880401969,6,,NORMAL
126400000000,12,13,12-8-9-10-11-7-13,48143913.8373553082,6,,NORMAL
126500000000,12,13,12-8-9-10-11-7-13,48144802.7014236078,6,,NORMAL
126600000000,12,13,12-8-9-10-11-7-13,48145701.5335644335,6,,NORMAL
126700000000,12,13,12-8-9-10-11-7-13,48146611.8044631109,6,,NORMAL
126800000000,12,13,12-8-9-10-11-7-13,48147524.6099869013,6,,NORMAL
126900000000,12,13,12-8-9-10-11-7-13,48148439.5781375989,6,,NORMAL
127000000000,12,13,12-8-9-10-11-7-13,48149367.1453086883,6,,NORMAL
127100000000,12,13,12-8-9-10-11-7-13,48150302.8468088210,6,,NORMAL
127200000000,12,13,12-8-9-10-11-7-13,48151244.3878358006,6,,NORMAL
127300000000,12,13,12-8-9-10-11-7-13,48152186.2606495470,6,,NORMAL
127400000000,12,13,12-8-9-10-11-7-13,48153148.2076938674,6,,NORMAL
127500000000,12,13,12-8-9-10-11-7-13,48154106.0499922633,6,,NORMAL
127600000000,12,13,12-8-9-10-11-7-13,48155074.1859953851,6,,NORMAL
127700000000,12,13,12-8-9-10-11-7-13,48156047.9109220132,6,,NORMAL
127800000000,12,13,12-8-9-10-11-7-13,48157030.2135640681,6,,NORMAL
127900000000,12,13,12-8-9-10-11-7-13,48158022.1612900421,6,,NORMAL
128000000000,12,13,12-8-9-10-11-7-13,48159019.8443296254,6,,NORMAL
128100000000,12,13,12-8-9-10-11-7-13,48160024.0042083412,6,,NORMAL
128200000000,12,13,12-8-9-10-11-7-13,48161031.1472286731,6,,NORMAL
128300000000,12,13,12-8-9-10-11-7-13,48162049.4320098311,6,,NORMAL
128400000000,12,13,12-8-9-10-11-7-13,48163074.4293931872,6,,NORMAL
128500000000,12,13,12-8-9-10-11-7-13,48164101.5683336854,6,,NORMAL
128600000000,12,13,12-8-9-10-11-7-13,48165140.0105329156,6,,NORMAL
128700000000,12,13,12-8-9-10-6-13,42971503.4073241502,5,,NORMAL
128800000000,12,13,12-8-9-10-6-13,42967599.9051159918,5,,NORMAL
128900000000,12,13,12-8-9-10-6-13,42963696.2760475948,5,,NORMAL
129000000000,12,13,12-8-9-10-6-13,42959803.3591749668,5,,NORMAL
129100000000,12,13,12-8-9-10-6-13,42955905.4264019951,5,,NORMAL
129200000000,12,13,12-8-9-10-6-13,42952013.9478764385,5,,NORMAL
129300000000,12,13,12-8-9-10-6-13,42948125.1222330183,5,,NORMAL
129400000000,12,13,12-8-9-10-6-13,42944242.7298778519,5,,NORMAL
129500000000,12,13,12-8-9-10-6-13,42940367.2287560254,5,,NORMAL
129600000000,12,13,12-8-9-10-6-13,42936496.1892242655,5,,NORMAL
129700000000,12,13,12-8-9-10-6-13,42932623.7265837342,5,,NORMAL
129800000000,12,13,12-8-9-10-6-13,42928759.1942459196,5,,NORMAL
129900000000,12,13,12-8-9-10-6-13,42924900.3432433382,5,,NORMAL
130000000000,12,13,12-8-9-10-6-13,42921044.6418462172,5,,NORMAL
130100000000,12,13,12-8-9-10-6-13,42917189.0787624717,5,,NORMAL
130200000000,12,13,12-8-9-10-6-13,42913341.2950116098,5,,NORMAL
130300000000,12,13,12-8-9-10-6-13,42909497.8554342985,5,,NORMAL
130400000000,12,13,12-8-9-10-6-13,42905653.7689652741,5,,NORMAL
130500000000,12,13,12-8-9-10-6-13,42901819.8940242529,5,,NORMAL
130600000000,12,13,12-8-9-10-6-13,42897994.1156659350,5,,NORMAL
130700000000,12,13,12-8-9-10-6-13,42894163.5420698747,5,,NORMAL
130800000000,12,13,12-8-9-10-6-13,42890343.8825556487,5,,NORMAL
130900000000,12,13,12-8-9-10-6-13,42886515.9148778617,5,,NORMAL
131000000000,12,13,12-8-9-10-6-13,42882706.3803092092,5,,NORMAL
131100000000,12,13,12-8-9-10-6-13,42878894.1769072041,5,,NORMAL
131200000000,12,13,12-8-9-10-6-13,42875083.9120737314,5,,NORMAL
131300000000,12,13,12-8-9-10-6-13,42871282.6576842293,5,,NORMAL
131400000000,12,13,12-8-9-10-6-13,42867482.5376747400,5,,NORMAL
131500000000,12,13,12-8-9-10-6-13,42863687.7307720706,5,,NORMAL
131600000000,12,13,12-8-9-10-6-13,42859901.5363881737,5,,NORMAL
131700000000,12,13,12-8-9-10-6-13,42856115.2444258556,5,,NORMAL
131800000000,12,13,12-8-9-10-6-13,42852331.3601968437,5,,NORMAL
131900000000,12,13,12-8-9-10-6-13,42848549.3668693677,5,,NORMAL
132000000000,12,13,12-8-9-10-6-13,42844777.7082948461,5,,NORMAL
132100000000,12,13,12-8-9-10-6-13,42841012.3236865699,5,,NORMAL
132200000000,12,13,12-8-9-10-6-13,42837241.8200885728,5,,NORMAL
132300000000,12,13,12-8-9-10-6-13,42833479.8091227040,5,,NORMAL
132400000000,12,13,12-8-9-10-6-13,42829720.4514719546,5,,NORMAL
132500000000,12,13,12-8-9-10-6-13,42825975.0857324004,5,,NORMAL
132600000000,12,13,12-8-9-10-6-13,42822222.5297427177,5,,NORMAL
132700000000,12,13,12-8-9-10-6-13,42818479.1081126779,5,,NORMAL
132800000000,12,13,12-8-9-10-6-13,42814736.1499631852,5,,NORMAL
132900000000,12,13,12-8-9-10-6-13,42810998.1227874309,5,,NORMAL
133000000000,12,13,12-8-9-10-6-13,42807264.8421907425,5,,NORMAL
133100000000,12,13,12-8-9-10-6-13,42803537.1945316419,5,,NORMAL
133200000000,12,13,12-8-9-10-6-13,42799813.0931125805,5,,NORMAL
133300000000,12,13,12-8-9-10-6-13,42796095.7166340575,5,,NORMAL
133400000000,12,13,12-8-9-10-6-13,42792379.8877438456,5,,NORMAL
133500000000,12,13,12-8-9-10-6-13,42788663.1393744573,5,,NORMAL
133600000000,12,13,12-8-9-10-6-13,42784957.8383389190,5,,NORMAL
133700000000,12,13,12-8-9-10-6-13,42781255.5851707086,5,,NORMAL
133800000000,12,13,12-8-9-10-6-13,42777558.6211955771,5,,NORMAL
133900000000,12,13,12-8-9-10-6-13,42773861.5237981454,5,,NORMAL
134000000000,12,13,12-8-9-10-6-13,42770173.2972584590,5,,NORMAL
134100000000,12,13,12-8-9-10-6-13,42766488.4002897814,5,,NORMAL
134200000000,12,13,12-8-9-10-6-13,42762805.5944089592,5,,NORMAL
134300000000,12,13,12-8-9-10-6-13,42759128.4251286909,5,,NORMAL
134400000000,12,13,12-8-9-10-6-13,42755451.5461870655,5,,NORMAL
134500000000,12,13,12-8-9-10-6-13,42751782.6504900903,5,,NORMAL
134600000000,12,13,12-8-9-10-6-13,42748116.8489927724,5,,NORMAL
134700000000,12,13,12-8-9-10-6-13,42744461.7699159831,5,,NORMAL
134800000000,12,13,12-8-9-10-6-13,42740796.1190232038,5,,NORMAL
134900000000,12,13,12-8-9-10-6-13,42737143.2277494296,5,,NORMAL
135000000000,12,13,12-8-9-10-6-13,42733500.2270589620,5,,NORMAL
135100000000,12,13,12-8-9-10-6-13,42729852.3328266367,5,,NORMAL
135200000000,12,13,12-8-9-10-6-13,42726214.4339424372,5,,NORMAL
135300000000,12,13,12-8-9-10-6-13,42722573.6150713041,5,,NORMAL
135400000000,12,13,12-8-9-10-6-13,42718941.1320399269,5,,NORMAL
135500000000,12,13,12-8-9-10-6-13,42715313.6477311477,5,,NORMAL
135600000000,12,13,12-8-9-10-6-13,42711692.9502364099,5,,NORMAL
135700000000,12,13,12-8-9-10-6-13,42708077.3774325773,5,,NORMAL
135800000000,12,13,12-8-9-10-6-13,42704457.3775338009,5,,NORMAL
135900000000,12,13,12-8-9-10-6-13,42700847.1984462440,5,,NORMAL
136000000000,12,13,12-8-9-10-6-13,42697236.0935238302,5,,NORMAL
136100000000,12,13,12-8-9-10-6-13,42693637.5992600769,5,,NORMAL
136200000000,12,13,12-8-9-10-6-13,42690037.9328597486,5,,NORMAL
136300000000,12,13,12-8-9-10-6-13,42686443.1887465641,5,,NORMAL
136400000000,12,13,12-8-9-10-6-13,42682854.2532452941,5,,NORMAL
136500000000,12,13,12-8-9-10-6-13,42679267.2363771051,5,,NORMAL
136600000000,12,13,12-8-9-10-6-13,42675679.1915513203,5,,NORMAL
136700000000,12,13,12-8-9-10-6-13,42672111.2955132797,5,,NORMAL
136800000000,12,13,12-8-9-10-6-13,42668534.0154873431,5,,NORMAL
136900000000,12,13,12-8-9-10-6-13,42664963.3737297878,5,,NORMAL
137000000000,12,13,12-8-9-10-6-13,42661401.6215620860,5,,NORMAL
137100000000,12,13,12-8-9-10-6-13,42657837.8119310141,5,,NORMAL
137200000000,12,13,12-8-9-10-6-13,42654282.2798475325,5,,NORMAL
137300000000,12,13,12-8-9-10-6-13,42650729.8261973858,5,,NORMAL
137400000000,12,13,12-8-9-10-6-13,42647181.1884189770,5,,NORMAL
137500000000,12,13,12-8-9-10-6-13,42643634.4692023695,5,,NORMAL
137600000000,12,13,12-8-9-10-6-13,42640098.6825447455,5,,NORMAL
137700000000,12,13,12-8-9-10-6-13,42636561.8778803945,5,,NORMAL
137800000000,12,13,12-8-9-10-6-13,42633034.9217975289,5,,NORMAL
137900000000,12,13,12-8-9-10-6-13,42629502.1604620069,5,,NORMAL
138000000000,12,13,12-8-9-10-6-13,42625981.7185754180,5,,NORMAL
138100000000,12,13,12-8-9-10-6-13,42622463.5747818574,5,,NORMAL
138200000000,12,13,12-8-9-10-6-13,42618951.8526241705,5,,NORMAL
138300000000,12,13,12-8-9-10-6-13,42615435.7587091699,5,,NORMAL
138400000000,12,13,12-8-9-10-6-13,42611931.6948503107,5,,NORMAL
138500000000,12,13,12-8-9-10-6-13,42608428.7774345800,5,,NORMAL
138600000000,12,13,12-8-9-10-6-13,42604932.6296450198,5,,NORMAL
138700000000,12,13,12-8-9-10-6-13,42601438.4635734558,5,,NORMAL
138800000000,12,13,12-8-9-10-6-13,42597945.6459303200,5,,NORMAL
138900000000,12,13,12-8-9-10-6-13,42594462.0071558952,5,,NORMAL
139000000000,12,13,12-8-9-10-6-13,42590984.3446864784,5,,NORMAL
139100000000,12,13,12-8-9-10-6-13,42587503.7173289955,5,,NORMAL
139200000000,12,13,12-8-9-10-6-13,42584036.5733699799,5,,NORMAL
139300000000,12,13,12-8-9-10-6-13,42580561.8059728667,5,,NORMAL
139400000000,12,13,12-8-9-10-6-13,42577103.4141802341,5,,NORMAL
139500000000,12,13,12-8-9-10-6-13,42573642.6229654476,5,,NORMAL
139600000000,12,13,12-8-9-10-6-13,42570187.5441869572,5,,NORMAL
139700000000,12,13,12-8-9-10-6-13,42566734.4776545241,5,,NORMAL
139800000000,12,13,12-8-9-10-6-13,42563287.8555916250,5,,NORMAL
139900000000,12,13,12-8-9-10-6-13,42559848.4396609217,5,,NORMAL
140000000000,12,13,12-8-9-10-6-13,42556403.6607776955,5,,NORMAL
140100000000,12,13,12-8-9-10-6-13,42552977.0001946762,5,,NORMAL
140200000000,12,13,12-8-9-10-6-13,42549542.4740063697,5,,NORMAL
140300000000,12,13,12-8-9-10-6-13,42546114.5108983666,5,,NORMAL
140400000000,12,13,12-8-9-10-6-13,42542695.1233610660,5,,NORMAL
140500000000,12,13,12-8-9-10-6-13,42539277.2564007118,5,,NORMAL
140600000000,12,13,12-8-9-10-6-13,42535861.1292870268,5,,NORMAL
140700000000,12,13,12-8-9-10-6-13,42532458.3920115232,5,,NORMAL
140800000000,12,13,12-8-9-10-6-13,42529048.6824341491,5,,NORMAL
140900000000,12,13,12-8-9-10-6-13,42525651.4912752286,5,,NORMAL
141000000000,12,13,12-8-9-10-6-13,42522251.3700377122,5,,NORMAL
141100000000,12,13,12-8-9-10-6-13,42518862.1063528657,5,,NORMAL
141200000000,12,13,12-8-9-10-6-13,42515473.4911452904,5,,NORMAL
141300000000,12,13,12-8-9-10-6-13,42512089.4648471177,5,,NORMAL
141400000000,12,13,12-8-9-10-6-13,42508712.0852795467,5,,NORMAL
141500000000,12,13,12-8-9-10-6-13,42505335.5027321428,5,,NORMAL
141600000000,12,13,12-8-9-10-6-13,42501965.8993954435,5,,NORMAL
141700000000,12,13,12-8-9-10-6-13,42498602.5350924358,5,,NORMAL
141800000000,12,13,12-8-9-10-6-13,42495242.1117107496,5,,NORMAL
141900000000,12,13,12-8-9-10-6-13,42491882.0672394410,5,,NORMAL
142000000000,12,13,12-8-9-10-6-13,42488521.8432890549,5,,NORMAL
142100000000,12,13,12-8-9-10-6-13,42485172.2488787323,5,,NORMAL
142200000000,12,13,12-8-9-10-6-13,42481833.2235404179,5,,NORMAL
142300000000,12,13,12-8-9-10-6-13,42478489.2415262461,5,,NORMAL
142400000000,12,13,12-8-9-10-6-13,42475153.9881210551,5,,NORMAL
142500000000,12,13,12-8-9-10-6-13,42471822.5479654297,5,,NORMAL
142600000000,12,13,12-8-9-10-6-13,42468493.1642232239,5,,NORMAL
142700000000,12,13,12-8-9-10-6-13,42465170.0012050942,5,,NORMAL
142800000000,12,13,12-8-9-10-6-13,42461848.0290143341,5,,NORMAL
142900000000,12,13,12-8-9-10-6-13,42458532.1738442108,5,,NORMAL
143000000000,12,13,12-8-9-10-6-13,42455220.2981798649,5,,NORMAL
143100000000,12,13,12-8-9-10-6-13,42451914.6144773737,5,,NORMAL
143200000000,12,13,12-8-9-10-6-13,42448613.8568259776,5,,NORMAL
143300000000,12,13,12-8-9-10-6-13,42445312.5416016728,5,,NORMAL
143400000000,12,13,12-8-9-10-6-13,42442016.4198072106,5,,NORMAL
143500000000,12,13,12-8-9-10-6-13,42438731.3440642729,5,,NORMAL
143600000000,12,13,12-8-9-10-6-13,42435444.8090318218,5,,NORMAL
143700000000,12,13,12-8-9-10-6-13,42432163.2342800051,5,,NORMAL
143800000000,12,13,12-8-9-10-6-13,42428882.7601204589,5,,NORMAL
143900000000,12,13,12-8-9-10-6-13,42425611.9891764671,5,,NORMAL
144000000000,12,13,12-8-9-10-6-13,42422344.2852231488,5,,NORMAL
144100000000,12,13,12-8-9-10-6-13,42419080.7697829604,5,,NORMAL
144200000000,12,13,12-8-9-10-6-13,42415816.1744237393,5,,NORMAL
144300000000,12,13,12-8-9-10-6-13,42412559.9655326754,5,,NORMAL
144400000000,12,13,12-8-9-10-6-13,42409312.9681959152,5,,NORMAL
144500000000,12,13,12-8-9-10-6-13,42406061.5555480346,5,,NORMAL
144600000000,12,13,12-8-9-10-6-13,42402821.0320739672,5,,NORMAL
144700000000,12,13,12-8-9-10-6-13,42399579.4775107354,5,,NORMAL
144800000000,12,13,12-8-9-10-6-13,42396343.5746548176,5,,NORMAL
144900000000,12,13,12-8-9-10-6-13,42393116.8108663261,5,,NORMAL
145000000000,12,13,12-8-9-10-6-13,42389890.6734400615,5,,NORMAL
145100000000,12,13,12-8-9-10-6-13,42386665.0087167174,5,,NORMAL
145200000000,12,13,12-8-9-10-6-13,42383452.4157958701,5,,NORMAL
145300000000,12,13,12-8-9-10-6-13,42380237.5032546520,5,,NORMAL
145400000000,12,13,12-8-9-10-6-13,42377031.5649380237,5,,NORMAL
145500000000,12,13,12-8-9-10-6-13,42373820.3231886402,5,,NORMAL
145600000000,12,13,12-8-9-10-6-13,42370621.1781519502,5,,NORMAL
145700000000,12,13,12-8-9-10-6-13,42367427.4966552705,5,,NORMAL
145800000000,12,13,12-8-9-10-6-13,42364235.6089191660,5,,NORMAL
145900000000,12,13,12-8-9-10-6-13,42361050.8943483606,5,,NORMAL
146000000000,12,13,12-8-9-10-6-13,42357863.0103561506,5,,NORMAL
146100000000,12,13,12-8-9-10-6-13,42354684.4687087014,5,,NORMAL
146200000000,12,13,12-8-9-10-6-13,42351511.0296352431,5,,NORMAL
146300000000,12,13,12-8-9-10-6-13,42348340.9627605975,5,,NORMAL
146400000000,12,13,12-8-9-10-6-13,42345171.7276487499,5,,NORMAL
146500000000,12,13,12-8-9-10-6-13,42342009.1766210124,5,,NORMAL
146600000000,12,13,12-8-9-10-6-13,42338850.9588190392,5,,NORMAL
146700000000,12,13,12-8-9-10-6-13,42335701.8643405735,5,,NORMAL
146800000000,12,13,12-8-9-10-6-13,42332553.3281989992,5,,NORMAL
146900000000,12,13,12-8-9-10-6-13,42329404.4961549789,5,,NORMAL
147000000000,12,13,12-8-9-10-6-13,42326263.8848780394,5,,NORMAL
147100000000,12,13,12-8-9-10-6-13,42323125.9944374263,5,,NORMAL
147200000000,12,13,12-8-9-10-6-13,42319995.1342949420,5,,NORMAL
147300000000,12,13,12-8-9-10-6-13,42316869.1815815642,5,,NORMAL
147400000000,12,13,12-8-9-10-6-13,42313744.7935328409,5,,NORMAL
147500000000,12,13,12-8-9-10-6-13,42310627.7862930596,5,,NORMAL
147600000000,12,13,12-8-9-10-6-13,42307512.9672584832,5,,NORMAL
147700000000,12,13,12-8-9-10-6-13,42304400.2785320580,5,,NORMAL
147800000000,12,13,12-8-9-10-6-13,42301296.1743111387,5,,NORMAL
147900000000,12,13,12-8-9-10-6-13,42298189.1868639514,5,,NORMAL
148000000000,12,13,12-8-9-10-6-13,42295095.1810975745,5,,NORMAL
148100000000,12,13,12-8-9-10-6-13,42292005.9263766035,5,,NORMAL
148200000000,12,13,12-8-9-10-6-13,42288912.7756802738,5,,NORMAL
148300000000,12,13,12-8-9-10-6-13,42285830.3634081110,5,,NORMAL
148400000000,12,13,12-8-9-10-6-13,42282746.3008082509,5,,NORMAL
148500000000,12,13,12-8-9-10-6-13,42279666.0827665031,5,,NORMAL
148600000000,12,13,12-8-9-10-6-13,42276596.6031496897,5,,NORMAL
148700000000,12,13,12-8-9-10-6-13,42273532.1431221142,5,,NORMAL
148800000000,12,13,12-8-9-10-6-13,42270467.1350278929,5,,NORMAL
148900000000,12,13,12-8-9-10-6-13,42267407.7955693156,5,,NORMAL
149000000000,12,13,12-8-9-10-6-13,42264352.2513208166,5,,NORMAL
149100000000,12,13,12-8-9-10-6-13,42261302.3290055990,5,,NORMAL
149200000000,12,13,12-8-9-10-6-13,42258257.0010119155,5,,NORMAL
149300000000,12,13,12-8-9-10-6-13,42255211.2996585593,5,,NORMAL
149400000000,12,13,12-8-9-10-6-13,42252175.1369885579,5,,NORMAL
149500000000,12,13,12-8-9-10-6-13,42249143.4094732106,5,,NORMAL
149600000000,12,13,12-8-9-10-6-13,42246113.3002317920,5,,NORMAL
149700000000,12,13,12-8-9-10-6-13,42243091.8111172691,5,,NORMAL
149800000000,12,13,12-8-9-10-6-13,42240067.1293249205,5,,NORMAL
149900000000,12,13,12-8-9-10-6-13,42237053.5679060370,5,,NORMAL
150000000000,12,13,12-8-9-10-6-13,42234037.9425443858,5,,NORMAL
150100000000,12,13,12-8-9-10-6-13,42231035.4230986685,5,,NORMAL
150200000000,12,13,12-8-9-10-6-13,42228028.3935349137,5,,NORMAL
150300000000,12,13,12-8-9-10-6-13,42225034.2197876051,5,,NORMAL
150400000000,12,13,12-8-9-10-6-13,42222035.0150803253,5,,NORMAL
150500000000,12,13,12-8-9-10-6-13,42219050.3003821895,5,,NORMAL
150600000000,12,13,12-8-9-10-6-13,42216058.6505775377,5,,NORMAL
150700000000,12,13,12-8-9-10-6-13,42213075.4914831892,5,,NORMAL
150800000000,12,13,12-8-9-10-6-13,42210102.8776570484,5,,NORMAL
150900000000,12,13,12-8-9-10-6-13,42207130.4773330316,5,,NORMAL
151000000000,12,13,12-8-9-10-6-13,42204158.8651168421,5,,NORMAL
151100000000,12,13,12-8-9-10-6-13,42201194.6887678802,5,,NORMAL
151200000000,12,13,12-8-9-10-6-13,42198233.5766676590,5,,NORMAL
151300000000,12,13,12-8-9-10-6-13,42195279.5282635987,5,,NORMAL
151400000000,12,13,12-8-9-10-6-13,42192321.5721835345,5,,NORMAL
151500000000,12,13,12-8-9-10-6-13,42189381.5641213730,5,,NORMAL
151600000000,12,13,12-8-9-10-6-13,42186437.2941982821,5,,NORMAL
151700000000,12,13,12-8-9-10-6-13,42183499.3051818460,5,,NORMAL
151800000000,12,13,12-8-9-10-6-13,42180559.7782203481,5,,NORMAL
151900000000,12,13,12-8-9-10-6-13,42177633.1949002147,5,,NORMAL
152000000000,12,13,12-8-9-10-6-13,42174705.8166479319,5,,NORMAL
152100000000,12,13,12-8-9-10-6-13,42171788.3562923521,5,,NORMAL
152200000000,12,13,12-8-9-10-6-13,42168869.7540142015,5,,NORMAL
152300000000,12,13,12-8-9-10-6-13,42165959.8232577890,5,,NORMAL
152400000000,12,13,12-8-9-10-6-13,42163051.0697053447,5,,NORMAL
152500000000,12,13,12-8-9-10-6-13,42160148.5741282701,5,,NORMAL
152600000000,12,13,12-8-9-10-6-13,42157246.6670810208,5,,NORMAL
152700000000,12,13,12-8-9-10-6-13,42154349.6718224213,5,,NORMAL
152800000000,12,13,12-8-9-10-6-13,42151459.3513689041,5,,NORMAL
152900000000,12,13,12-8-9-10-6-13,42148566.9071266428,5,,NORMAL
153000000000,12,13,12-8-9-10-6-13,42145685.7202639207,5,,NORMAL
153100000000,12,13,12-8-9-10-6-13,42142809.3095986396,5,,NORMAL
153200000000,12,13,12-8-9-10-6-13,42139938.1179198176,5,,NORMAL
153300000000,12,13,12-8-9-10-6-13,42137065.2045748904,5,,NORMAL
153400000000,12,13,12-8-9-10-6-13,42134206.3854256570,5,,NORMAL
153500000000,12,13,12-8-9-10-6-13,42131338.3788440302,5,,NORMAL
153600000000,12,13,12-8-9-10-6-13,42128483.2570842281,5,,NORMAL
153700000000,12,13,12-8-9-10-6-13,42125631.2091057673,5,,NORMAL
153800000000,12,13,12-8-9-10-6-13,42122785.0874566957,5,,NORMAL
153900000000,12,13,12-8-9-10-6-13,42119937.2957701012,5,,NORMAL
154000000000,12,13,12-8-9-10-6-13,42117101.8508950770,5,,NORMAL
154100000000,12,13,12-8-9-10-6-13,42114267.3353605494,5,,NORMAL
154200000000,12,13,12-8-9-10-6-13,42111430.2215471342,5,,NORMAL
154300000000,12,13,12-8-9-10-6-13,42108610.9078438431,5,,NORMAL
154400000000,12,13,12-8-9-10-6-13,42105789.7506680191,5,,NORMAL
154500000000,12,13,12-8-9-10-6-13,42102968.2619584501,5,,NORMAL
154600000000,12,13,12-8-9-10-6-13,42100154.6332580522,5,,NORMAL
154700000000,12,13,12-8-9-10-6-13,42097350.2281268835,5,,NORMAL
154800000000,12,13,12-8-9-10-6-13,42094544.3076649681,5,,NORMAL
154900000000,12,13,12-8-9-10-6-13,42091740.8544486463,5,,NORMAL
155000000000,12,13,12-8-9-10-6-13,42088948.1528391689,5,,NORMAL
155100000000,12,13,12-8-9-10-6-13,42086153.2289516106,5,,NORMAL
155200000000,12,13,12-8-9-10-6-13,42083367.7840624675,5,,NORMAL
155300000000,12,13,12-8-9-10-6-13,42080585.2373066097,5,,NORMAL
155400000000,12,13,12-8-9-10-6-13,42077806.6070996150,5,,NORMAL
155500000000,12,13,12-8-9-10-6-13,42075031.9564300254,5,,NORMAL
155600000000,12,13,12-8-9-10-6-13,42072258.7483282015,5,,NORMAL
155700000000,12,13,12-8-9-10-6-13,42069493.7471194044,5,,NORMAL
155800000000,12,13,12-8-9-10-6-13,42066735.4133937284,5,,NORMAL
155900000000,12,13,12-8-9-10-6-13,42063974.4645987824,5,,NORMAL
156000000000,12,13,12-8-9-10-6-13,42061222.8165488094,5,,NORMAL
156100000000,12,13,12-8-9-10-6-13,42058478.7637872100,5,,NORMAL
156200000000,12,13,12-8-9-10-6-13,42055730.3434210047,5,,NORMAL
156300000000,12,13,12-8-9-10-6-13,42052993.1160923392,5,,NORMAL
156400000000,12,13,12-8-9-10-6-13,42050252.1689658314,5,,NORMAL
156500000000,12,13,12-8-9-10-6-13,42047523.6840257868,5,,NORMAL
156600000000,12,13,12-8-9-10-6-13,42044796.1969803274,5,,NORMAL
156700000000,12,13,12-8-9-10-6-13,42042079.7550153509,5,,NORMAL
156800000000,12,13,12-8-9-10-6-13,42039359.5335017145,5,,NORMAL
156900000000,12,13,12-8-9-10-6-13,42036645.1294357702,5,,NORMAL
157000000000,12,13,12-8-9-10-6-13,42033937.1363250986,5,,NORMAL
157100000000,12,13,12-8-9-10-6-13,42031230.9571318850,5,,NORMAL
157200000000,12,13,12-8-9-10-6-13,42028530.5583559200,5,,NORMAL
157300000000,12,13,12-8-9-10-6-13,42025830.5876649171,5,,NORMAL
157400000000,12,13,12-8-9-10-6-13,42023142.0535331964,5,,NORMAL
157500000000,12,13,12-8-9-10-6-13,42020456.7376796082,5,,NORMAL
157600000000,12,13,12-8-9-10-6-13,42017772.9091900736,5,,NORMAL
157700000000,12,13,12-8-9-10-6-13,42015093.8354914561,5,,NORMAL
157800000000,12,13,12-8-9-10-6-13,42012416.1710132807,5,,NORMAL
157900000000,12,13,12-8-9-10-6-13,42009746.9369291514,5,,NORMAL
158000000000,12,13,12-8-9-10-6-13,42007081.0666054115,5,,NORMAL
158100000000,12,13,12-8-9-10-6-13,42004422.4790601507,5,,NORMAL
158200000000,12,13,12-8-9-10-6-13,42001765.3794598728,5,,NORMAL
158300000000,12,13,12-8-9-10-6-13,41999109.6381885260,5,,NORMAL
158400000000,12,13,12-8-9-10-6-13,41996460.4346435741,5,,NORMAL
158500000000,12,13,12-8-9-10-6-13,41993817.5034521148,5,,NORMAL
158600000000,12,13,12-8-9-10-6-13,41991178.7569891736,5,,NORMAL
158700000000,12,13,12-8-9-10-6-13,41988542.7017345577,5,,NORMAL
158800000000,12,13,12-8-9-10-6-13,41985912.2621243522,5,,NORMAL
158900000000,12,13,12-8-9-10-6-13,41983286.4560592324,5,,NORMAL
159000000000,12,13,12-8-9-10-6-13,41980657.8102193922,5,,NORMAL
159100000000,12,13,12-8-9-10-6-13,41978046.5221188888,5,,NORMAL
159200000000,12,13,12-8-9-10-6-13,41975433.4063969180,5,,NORMAL
159300000000,12,13,12-8-9-10-6-13,41972821.5940998048,5,,NORMAL
159400000000,12,13,12-8-9-10-6-13,41970217.2505929694,5,,NORMAL
159500000000,12,13,12-8-9-10-6-13,41967611.5460458249,5,,NORMAL
159600000000,12,13,12-8-9-10-6-13,41965019.4216227382,5,,NORMAL
159700000000,12,13,12-8-9-10-6-13,41962425.6894562095,5,,NORMAL
159800000000,12,13,12-8-9-10-6-13,41959839.3072415218,5,,NORMAL
159900000000,12,13,12-8-9-10-6-13,41957257.4225262702,5,,NORMAL
160000000000,12,13,12-8-9-10-6-13,41954679.2195643783,5,,NORMAL
160100000000,12,13,12-8-9-10-6-13,41952102.7925134525,5,,NORMAL
160200000000,12,13,12-8-9-10-6-13,41949531.2031444311,5,,NORMAL
160300000000,12,13,12-8-9-10-6-13,41946969.9836234003,5,,NORMAL
160400000000,12,13,12-8-9-10-6-13,41944402.4956894517,5,,NORMAL
160500000000,12,13,12-8-9-10-6-13,41941844.0668127686,5,,NORMAL
160600000000,12,13,12-8-9-10-6-13,41939298.5390311331,5,,NORMAL
160700000000,12,13,12-8-9-10-6-13,41936746.7866102681,5,,NORMAL
160800000000,12,13,12-8-9-10-6-13,41934202.5699487701,5,,NORMAL
160900000000,12,13,12-8-9-10-6-13,41931664.4863309041,5,,NORMAL
161000000000,12,13,12-8-9-10-6-13,41929132.2355596349,5,,NORMAL
161100000000,12,13,12-8-9-10-6-13,41926598.8658794165,5,,NORMAL
161200000000,12,13,12-8-9-10-6-13,41924069.2090617940,5,,NORMAL
161300000000,12,13,12-8-9-10-6-13,41921545.4113007635,5,,NORMAL
161400000000,12,13,12-8-9-10-6-13,41919031.1268193647,5,,NORMAL
161500000000,12,13,12-8-9-10-6-13,41916520.8258316964,5,,NORMAL
161600000000,12,13,12-8-9-10-6-13,41914011.3007886112,5,,NORMAL
161700000000,12,13,12-8-9-10-6-13,41911509.1646815836,5,,NORMAL
161800000000,12,13,12-8-9-10-6-13,41909002.6504907236,5,,NORMAL
161900000000,12,13,12-8-9-10-6-13,41906510.9193888754,5,,NORMAL
162000000000,12,13,12-8-9-10-6-13,41904017.1952838227,5,,NORMAL
162100000000,12,13,12-8-9-10-6-13,41901529.1465597823,5,,NORMAL
162200000000,12,13,12-8-9-10-6-13,41899048.9032474384,5,,NORMAL
162300000000,12,13,12-8-9-10-6-13,41896567.7165529653,5,,NORMAL
162400000000,12,13,12-8-9-10-6-13,41894098.3953370750,5,,NORMAL
162500000000,12,13,12-8-9-10-6-13,41891624.8926115632,5,,NORMAL
162600000000,12,13,12-8-9-10-6-13,41889156.0202355459,5,,NORMAL
162700000000,12,13,12-8-9-10-6-13,41886694.5300065652,5,,NORMAL
162800000000,12,13,12-8-9-10-6-13,41884238.8470713943,5,,NORMAL
162900000000,12,13,12-8-9-10-6-13,41881792.3430214748,5,,NORMAL
163000000000,12,13,12-8-9-10-6-13,41879344.7997001931,5,,NORMAL
163100000000,12,13,12-8-9-10-6-13,41876896.3948171735,5,,NORMAL
163200000000,12,13,12-8-9-10-6-13,41874457.2043377832,5,,NORMAL
163300000000,12,13,12-8-9-10-6-13,41872025.6639217138,5,,NORMAL
163400000000,12,13,12-8-9-10-6-13,41869596.3087976575,5,,NORMAL
163500000000,12,13,12-8-9-10-6-13,41867166.2923521027,5,,NORMAL
163600000000,12,13,12-8-9-10-6-13,41864744.6281443015,5,,NORMAL
163700000000,12,13,12-8-9-10-6-13,41862329.5904101208,5,,NORMAL
163800000000,12,13,12-8-9-10-6-13,41859913.3243035600,5,,NORMAL
163900000000,12,13,12-8-9-10-6-13,41857508.6810068712,5,,NORMAL
164000000000,12,13,12-8-9-10-6-13,41855103.6060754806,5,,NORMAL
164100000000,12,13,12-8-9-10-6-13,41852702.6152576506,5,,NORMAL
164200000000,12,13,12-8-9-10-6-13,41850310.0947453827,5,,NORMAL
164300000000,12,13,12-8-9-10-6-13,41847917.3351799771,5,,NORMAL
164400000000,12,13,12-8-9-10-6-13,41845531.2048489749,5,,NORMAL
164500000000,12,13,12-8-9-10-6-13,41843148.4320367053,5,,NORMAL
164600000000,12,13,12-8-9-10-6-13,41840772.7984996215,5,,NORMAL
164700000000,12,13,12-8-9-10-6-13,41838397.5967337042,5,,NORMAL
164800000000,12,13,12-8-9-10-6-13,41836026.6676711366,5,,NORMAL
164900000000,12,13,12-8-9-10-6-13,41833660.3692198992,5,,NORMAL
165000000000,12,13,12-8-9-10-6-13,41831303.3747563288,5,,NORMAL
165100000000,12,13,12-8-9-10-6-13,41828949.8949282616,5,,NORMAL
165200000000,12,13,12-8-9-10-6-13,41826595.5017825440,5,,NORMAL
165300000000,12,13,12-8-9-10-6-13,41824248.4557070509,5,,NORMAL
165400000000,12,13,12-8-9-10-6-13,41821901.2099523768,5,,NORMAL
165500000000,12,13,12-8-9-10-6-13,41819569.3284974396,5,,NORMAL
165600000000,12,13,12-8-9-10-6-13,41817231.3995037451,5,,NORMAL
165700000000,12,13,12-8-9-10-6-13,41814900.8514186740,5,,NORMAL
165800000000,12,13,12-8-9-10-6-13,41812572.7648235261,5,,NORMAL
165900000000,12,13,12-8-9-10-6-13,41810257.8043576702,5,,NORMAL
166000000000,12,13,12-8-9-10-6-13,41807939.7993700653,5,,NORMAL
166100000000,12,13,12-8-9-10-6-13,41805627.6534484997,5,,NORMAL
166200000000,12,13,12-8-9-10-6-13,41803319.6787637100,5,,NORMAL
166300000000,12,13,12-8-9-10-6-13,41801017.1000605598,5,,NORMAL
166400000000,12,13,12-8-9-10-6-13,41798717.5215982720,5,,NORMAL
166500000000,12,13,12-8-9-10-6-13,41796425.0480005145,5,,NORMAL
166600000000,12,13,12-8-9-10-6-13,41794130.6147362590,5,,NORMAL
166700000000,12,13,12-8-9-10-6-13,41791847.3384289593,5,,NORMAL
166800000000,12,13,12-8-9-10-6-13,41789564.2348810732,5,,NORMAL
166900000000,12,13,12-8-9-10-6-13,41787289.5742774382,5,,NORMAL
167000000000,12,13,12-8-9-10-6-13,41785012.5805145800,5,,NORMAL
167100000000,12,13,12-8-9-10-6-13,41782750.0962085947,5,,NORMAL
167200000000,12,13,12-8-9-10-6-13,41780483.8547779173,5,,NORMAL
167300000000,12,13,12-8-9-10-6-13,41778227.3332428560,5,,NORMAL
167400000000,12,13,12-8-9-10-6-13,41775968.8073639870,5,,NORMAL
167500000000,12,13,12-8-9-10-6-13,41773720.9419722706,5,,NORMAL
167600000000,12,13,12-8-9-10-6-13,41771475.2417365983,5,,NORMAL
167700000000,12,13,12-8-9-10-6-13,41769229.6459046975,5,,NORMAL
167800000000,12,13,12-8-9-10-6-13,41766994.4927112386,5,,NORMAL
167900000000,12,13,12-8-9-10-6-13,41764763.6267811731,5,,NORMAL
168000000000,12,13,12-8-9-10-6-13,41762534.6554620713,5,,NORMAL
168100000000,12,13,12-8-9-10-6-13,41760304.7825101465,5,,NORMAL
168200000000,12,13,12-8-9-10-6-13,41758087.9776526168,5,,NORMAL
168300000000,12,13,12-8-9-10-6-13,41755874.9495898187,5,,NORMAL
168400000000,12,13,12-8-9-10-6-13,41753660.7170865685,5,,NORMAL
168500000000,12,13,12-8-9-10-6-13,41751456.4715034589,5,,NORMAL
168600000000,12,13,12-8-9-10-6-13,41749255.0458217487,5,,NORMAL
168700000000,12,13,12-8-9-10-6-13,41747053.4530596808,5,,NORMAL
168800000000,12,13,12-8-9-10-6-13,41744863.3804624006,5,,NORMAL
168900000000,12,13,12-8-9-10-6-13,41742669.8296550736,5,,NORMAL
169000000000,12,13,12-8-9-10-6-13,41740487.3311541677,5,,NORMAL
169100000000,12,13,12-8-9-10-6-13,41738306.1928848624,5,,NORMAL
169200000000,12,13,12-8-9-10-6-13,41736128.1866695061,5,,NORMAL
169300000000,12,13,12-8-9-10-6-13,41733959.4618580192,5,,NORMAL
169400000000,12,13,12-8-9-10-6-13,41731796.1448602825,5,,NORMAL
169500000000,12,13,12-8-9-10-6-13,41729632.5824460611,5,,NORMAL
169600000000,12,13,12-8-9-10-6-13,41727476.1901255399,5,,NORMAL
169700000000,12,13,12-8-9-10-6-13,41725318.8309249133,5,,NORMAL
169800000000,12,13,12-8-9-10-6-13,41723167.9839923158,5,,NORMAL
169900000000,12,13,12-8-9-10-6-13,41721024.9305877090,5,,NORMAL
170000000000,12,13,12-8-9-10-6-13,41718882.0877757221,5,,NORMAL
170100000000,12,13,12-8-9-10-6-13,41716747.0146128461,5,,NORMAL
170200000000,12,13,12-8-9-10-6-13,41714616.0152146891,5,,NORMAL
170300000000,12,13,12-8-9-10-6-13,41712491.2214541659,5,,NORMAL
170400000000,12,13,12-8-9-10-6-13,41710365.6592433080,5,,NORMAL
170500000000,12,13,12-8-9-10-6-13,41708245.2953732833,5,,NORMAL
170600000000,12,13,12-8-9-10-6-13,41706136.0452905819,5,,NORMAL
170700000000,12,13,12-8-9-10-6-13,41704023.4520223290,5,,NORMAL
170800000000,12,13,12-8-9-10-6-13,41701918.0054418817,5,,NORMAL
170900000000,12,13,12-8-9-10-6-13,41699812.7104184180,5,,NORMAL
171000000000,12,13,12-8-9-10-6-13,41697718.1578808799,5,,NORMAL
171100000000,12,13,12-8-9-10-6-13,41695623.5522685871,5,,NORMAL
171200000000,12,13,12-8-9-10-6-13,41693540.3854522109,5,,NORMAL
171300000000,12,13,12-8-9-10-6-13,41691458.8092122301,5,,NORMAL
171400000000,12,13,12-8-9-10-6-13,41689379.7204047590,5,,NORMAL
171500000000,12,13,12-8-9-10-6-13,41687306.1624732018,5,,NORMAL
171600000000,12,13,12-8-9-10-6-13,41685232.4588499218,5,,NORMAL
171700000000,12,13,12-8-9-10-6-13,41683167.8532083929,5,,NORMAL
171800000000,12,13,12-8-9-10-6-13,41681105.2654464096,5,,NORMAL
171900000000,12,13,12-8-9-10-6-13,41679048.9591328874,5,,NORMAL
172000000000,12,13,12-8-9-10-6-13,41677000.2951301783,5,,NORMAL
172100000000,12,13,12-8-9-10-6-13,41674948.4839768410,5,,NORMAL
172200000000,12,13,12-8-9-10-6-13,41672908.2958675772,5,,NORMAL
172300000000,12,13,12-8-9-10-6-13,41670871.0653255954,5,,NORMAL
172400000000,12,13,12-8-9-10-6-13,41668834.6058562547,5,,NORMAL
172500000000,12,13,12-8-9-10-6-13,41666804.2867915854,5,,NORMAL
172600000000,12,13,12-8-9-10-6-13,41664772.2573123500,5,,NORMAL
172700000000,12,13,12-8-9-10-6-13,41662756.2345594019,5,,NORMAL
172800000000,12,13,12-8-9-10-6-13,41660735.8511478603,5,,NORMAL
172900000000,12,13,12-8-9-10-6-13,41658724.7161882594,5,,NORMAL
173000000000,12,13,12-8-9-10-6-13,41656717.1734104902,5,,NORMAL
173100000000,12,13,12-8-9-10-6-13,41654718.8294050545,5,,NORMAL
173200000000,12,13,12-8-9-10-6-13,41652714.1209852174,5,,NORMAL
173300000000,12,13,12-8-9-10-6-13,41650719.5512914062,5,,NORMAL
173400000000,12,13,12-8-9-10-6-13,41648729.9018307030,5,,NORMAL
173500000000,12,13,12-8-9-10-6-13,41646747.9935129508,5,,NORMAL
173600000000,12,13,12-8-9-10-6-13,41644764.3690762967,5,,NORMAL
173700000000,12,13,12-8-9-10-6-13,41642785.0512175560,5,,NORMAL
173800000000,12,13,12-8-9-10-6-13,41640814.8681261465,5,,NORMAL
173900000000,12,13,12-8-9-10-6-13,41638844.7649088055,5,,NORMAL
174000000000,12,13,12-8-9-10-6-13,41636881.9362313077,5,,NORMAL
174100000000,12,13,12-8-9-10-6-13,41634919.9436797425,5,,NORMAL
174200000000,12,13,12-8-9-10-6-13,41632967.3362920880,5,,NORMAL
174300000000,12,13,12-8-9-10-6-13,41631015.9918127134,5,,NORMAL
174400000000,12,13,12-8-9-10-6-13,41629070.9837908149,5,,NORMAL
174500000000,12,13,12-8-9-10-6-13,41627130.3932472393,5,,NORMAL
174600000000,12,13,12-8-9-10-6-13,41625186.6667359844,5,,NORMAL
174700000000,12,13,12-8-9-10-6-13,41623258.6881461963,5,,NORMAL
174800000000,12,13,12-8-9-10-6-13,41621328.4392262623,5,,NORMAL
174900000000,12,13,12-8-9-10-6-13,41619406.4426280260,5,,NORMAL
175000000000,12,13,12-8-9-10-6-13,41617488.3356452584,5,,NORMAL
175100000000,12,13,12-8-9-10-6-13,41615573.9418522865,5,,NORMAL
175200000000,12,13,12-8-9-10-6-13,41613659.5438470319,5,,NORMAL
175300000000,12,13,12-8-9-10-6-13,41611755.1278162226,5,,NORMAL
175400000000,12,13,12-8-9-10-6-13,41609850.6161514297,5,,NORMAL
175500000000,12,13,12-8-9-10-6-13,41607957.2351765335,5,,NORMAL
175600000000,12,13,12-8-9-10-6-13,41606061.5047087148,5,,NORMAL
175700000000,12,13,12-8-9-10-6-13,41604173.9006051347,5,,NORMAL
175800000000,12,13,12-8-9-10-6-13,41602288.4362209216,5,,NORMAL
175900000000,12,13,12-8-9-10-6-13,41600406.5180844292,5,,NORMAL
176000000000,12,13,12-8-9-10-6-13,41598535.8046363890,5,,NORMAL
176100000000,12,13,12-8-9-10-6-13,41596665.2484060079,5,,NORMAL
176200000000,12,13,12-8-9-10-6-13,41594795.6380659118,5,,NORMAL
176300000000,12,13,12-8-9-10-6-13,41592933.4474129304,5,,NORMAL
176400000000,12,13,12-8-9-10-6-13,41591074.7737671807,5,,NORMAL
176500000000,12,13,12-8-9-10-6-13,41589221.7916280702,5,,NORMAL
176600000000,12,13,12-8-9-10-6-13,41587373.9935994223,5,,NORMAL
176700000000,12,13,12-8-9-10-6-13,41585529.8029504269,5,,NORMAL
176800000000,12,13,12-8-9-10-6-13,41583689.1382911876,5,,NORMAL
176900000000,12,13,12-8-9-10-6-13,41581857.8944823965,5,,NORMAL
177000000000,12,13,12-8-9-10-6-13,41580028.7662245780,5,,NORMAL
177100000000,12,13,12-8-9-10-6-13,41578198.8168524876,5,,NORMAL
177200000000,12,13,12-8-9-10-6-13,41576376.1447793692,5,,NORMAL
177300000000,12,13,12-8-9-10-6-13,41574561.8881655484,5,,NORMAL
177400000000,12,13,12-8-9-10-6-13,41572748.4464460984,5,,NORMAL
177500000000,12,13,12-8-9-10-6-13,41570940.9481640011,5,,NORMAL
177600000000,12,13,12-8-9-10-6-13,41569134.6874420941,5,,NORMAL
177700000000,12,13,12-8-9-10-6-13,41567332.0595811009,5,,NORMAL
177800000000,12,13,12-8-9-10-6-13,41565541.4960939810,5,,NORMAL
177900000000,12,13,12-8-9-10-6-13,41563748.7370062992,5,,NORMAL
178000000000,12,13,12-8-9-10-6-13,41561961.1707407609,5,,NORMAL
178100000000,12,13,12-8-9-10-6-13,41560184.4799017012,5,,NORMAL
178200000000,12,13,12-8-9-10-6-13,41558402.9083736017,5,,NORMAL
178300000000,12,13,12-8-9-10-6-13,41556631.1461364552,5,,NORMAL
178400000000,12,13,12-8-9-10-6-13,41554862.6600105464,5,,NORMAL
178500000000,12,13,12-8-9-10-6-13,41553099.2656495571,5,,NORMAL
178600000000,12,13,12-8-9-10-6-13,41551334.2007286176,5,,NORMAL
178700000000,12,13,12-8-9-10-6-13,41549586.3874376267,5,,NORMAL
178800000000,12,13,12-8-9-10-6-13,41547830.5016502887,5,,NORMAL
178900000000,12,13,12-8-9-10-6-13,41546088.7878947407,5,,NORMAL
179000000000,12,13,12-8-9-10-6-13,41544343.7835776508,5,,NORMAL
179100000000,12,13,12-8-9-10-6-13,41542608.3691495210,5,,NORMAL
179200000000,12,13,12-8-9-10-6-13,41540874.1644640118,5,,NORMAL
179300000000,12,13,12-8-9-10-6-13,41539142.9690619335,5,,NORMAL
179400000000,12,13,12-8-9-10-6-13,41537423.5175028443,5,,NORMAL
179500000000,12,13,12-8-9-10-6-13,41535701.1172831878,5,,NORMAL
179600000000,12,13,12-8-9-10-6-13,41533983.4146662652,5,,NORMAL
179700000000,12,13,12-8-9-10-6-13,41532279.0311703607,5,,NORMAL
179800000000,12,13,12-8-9-10-6-13,41530572.0192404985,5,,NORMAL
179900000000,12,13,12-8-9-10-6-13,41528868.8054877669,5,,NORMAL
180000000000,12,13,12-8-9-10-6-13,41527172.3388376534,5,,NORMAL
180100000000,12,13,12-8-9-10-6-13,41525480.5780400932,5,,NORMAL
180200000000,12,13,12-8-9-10-6-13,41523793.2342945710,5,,NORMAL
180300000000,12,13,12-8-9-10-6-13,41522109.5029465109,5,,NORMAL
180400000000,12,13,12-8-9-10-6-13,41520427.8409337178,5,,NORMAL
180500000000,12,13,12-8-9-10-6-13,41518754.0022858307,5,,NORMAL
180600000000,12,13,12-8-9-10-6-13,41517082.9356291667,5,,NORMAL
180700000000,12,13,12-8-9-10-6-13,41515415.3947859406,5,,NORMAL
180800000000,12,13,12-8-9-10-6-13,41513749.5708822757,5,,NORMAL
180900000000,12,13,12-8-9-10-6-13,41512101.7629239708,5,,NORMAL
181000000000,12,13,12-8-9-10-6-13,41510449.0530695915,5,,NORMAL
181100000000,12,13,12-8-9-10-6-13,41508800.9237271249,5,,NORMAL
181200000000,12,13,12-8-9-10-6-13,41507155.5434285104,5,,NORMAL
181300000000,12,13,12-8-9-10-6-13,41505515.5668814704,5,,NORMAL
181400000000,12,13,12-8-9-10-6-13,41503884.4889771044,5,,NORMAL
181500000000,12,13,12-8-9-10-6-13,41502254.8144565299,5,,NORMAL
181600000000,12,13,12-8-9-10-6-13,41500626.7402620167,5,,NORMAL
181700000000,12,13,12-8-9-10-6-13,41499006.2800748423,5,,NORMAL
181800000000,12,13,12-8-9-10-6-13,41497387.0030564144,5,,NORMAL
181900000000,12,13,12-8-9-10-6-13,41495777.9098318964,5,,NORMAL
182000000000,12,13,12-8-9-10-6-13,41494167.0436397418,5,,NORMAL
182100000000,12,13,12-8-9-10-6-13,41492565.2371317446,5,,NORMAL
182200000000,12,13,12-8-9-10-6-13,41490965.8923460841,5,,NORMAL
182300000000,12,13,12-8-9-10-6-13,41489375.5621122718,5,,NORMAL
182400000000,12,13,12-8-9-10-6-13,41487779.1363075301,5,,NORMAL
182500000000,12,13,12-8-9-10-6-13,41486197.8281921223,5,,NORMAL
182600000000,12,13,12-8-9-10-6-13,41484618.2349735498,5,,NORMAL
182700000000,12,13,12-8-9-10-6-13,41483034.9913010299,5,,NORMAL
182800000000,12,13,12-8-9-10-6-13,41481469.3492257521,5,,NORMAL
182900000000,12,13,12-8-9-10-6-13,41479903.5706737936,5,,NORMAL
183000000000,12,13,12-8-9-10-6-13,41478331.8136579692,5,,NORMAL
183100000000,12,13,12-8-9-10-6-13,41476780.9676974341,5,,NORMAL
183200000000,12,13,12-8-9-10-6-13,41475223.8907923400,5,,NORMAL
183300000000,12,13,12-8-9-10-6-13,41473677.9690773189,5,,NORMAL
183400000000,12,13,12-8-9-10-6-13,41472128.9467343390,5,,NORMAL
183500000000,12,13,12-8-9-10-6-13,41470590.5132635683,5,,NORMAL
183600000000,12,13,12-8-9-10-6-13,41469048.8896158487,5,,NORMAL
183700000000,12,13,12-8-9-10-6-13,41467522.0418098569,5,,NORMAL
183800000000,12,13,12-8-9-10-6-13,41465994.3746359572,5,,NORMAL
183900000000,12,13,12-8-9-10-6-13,41464477.1607044041,5,,NORMAL
184000000000,12,13,12-8-9-10-6-13,41462956.3713945076,5,,NORMAL
184100000000,12,13,12-8-9-10-6-13,41461441.7866454422,5,,NORMAL
184200000000,12,13,12-8-9-10-6-13,41459932.5194257498,5,,NORMAL
184300000000,12,13,12-8-9-10-6-13,41458425.2200830579,5,,NORMAL
184400000000,12,13,12-8-9-10-6-13,41456923.3672875091,5,,NORMAL
184500000000,12,13,12-8-9-10-6-13,41455435.0327812880,5,,NORMAL
184600000000,12,13,12-8-9-10-6-13,41453944.0426644608,5,,NORMAL
184700000000,12,13,12-8-9-10-6-13,41452454.2061767429,5,,NORMAL
184800000000,12,13,12-8-9-10-6-13,41450973.1950589642,5,,NORMAL
184900000000,12,13,12-8-9-10-6-13,41449500.3987519071,5,,NORMAL
185000000000,12,13,12-8-9-10-6-13,41448018.1740147546,5,,NORMAL
185100000000,12,13,12-8-9-10-6-13,41446552.0720028356,5,,NORMAL
185200000000,12,13,12-8-9-10-6-13,41445087.2324369997,5,,NORMAL
185300000000,12,13,12-8-9-10-6-13,41443628.4242050722,5,,NORMAL
185400000000,12,13,12-8-9-10-6-13,41442172.9995717481,5,,NORMAL
185500000000,12,13,12-8-9-10-6-13,41440721.6841232553,5,,NORMAL
185600000000,12,13,12-8-9-10-6-13,41439275.5460801274,5,,NORMAL
185700000000,12,13,12-8-9-10-6-13,41437835.1760642454,5,,NORMAL
185800000000,12,13,12-8-9-10-6-13,41436397.6895029321,5,,NORMAL
185900000000,12,13,12-8-9-10-6-13,41434965.0298946723,5,,NORMAL
186000000000,12,13,12-8-9-10-6-13,41433536.3456753790,5,,NORMAL
186100000000,12,13,12-8-9-10-6-13,41432116.0103720054,5,,NORMAL
186200000000,12,13,12-8-9-10-6-13,41430691.3824998513,5,,NORMAL
186300000000,12,13,12-8-9-10-6-13,41429281.5004336834,5,,NORMAL
186400000000,12,13,12-8-9-10-6-13,41427868.5812541693,5,,NORMAL
186500000000,12,13,12-8-9-10-6-13,41426463.3642960042,5,,NORMAL
186600000000,12,13,12-8-9-10-6-13,41425065.7936835960,5,,NORMAL
186700000000,12,13,12-8-9-10-6-13,41423663.0978572741,5,,NORMAL
186800000000,12,13,12-8-9-10-6-13,41422273.0229387656,5,,NORMAL
186900000000,12,13,12-8-9-10-6-13,41420885.4083564803,5,,NORMAL
187000000000,12,13,12-8-9-10-6-13,41419502.0716071054,5,,NORMAL
187100000000,12,13,12-8-9-10-6-13,41418126.5704464763,5,,NORMAL
187200000000,12,13,12-8-9-10-6-13,41416752.3694646284,5,,NORMAL
187300000000,12,13,12-8-9-10-6-13,41415384.9295981452,5,,NORMAL
187400000000,12,13,12-8-9-10-6-13,41414018.5825762153,5,,NORMAL
187500000000,12,13,12-8-9-10-6-13,41412655.1968941391,5,,NORMAL
187600000000,12,13,12-8-9-10-6-13,41411297.9686909616,5,,NORMAL
187700000000,12,13,12-8-9-10-6-13,41409943.8560767993,5,,NORMAL
187800000000,12,13,12-8-9-10-6-13,41408601.1151617244,5,,NORMAL
187900000000,12,13,12-8-9-10-6-13,41407255.8957515880,5,,NORMAL
188000000000,12,13,12-8-9-10-6-13,41405923.5551194400,5,,NORMAL
188100000000,12,13,12-8-9-10-6-13,41404591.0734625757,5,,NORMAL
188200000000,12,13,12-8-9-10-6-13,41403258.1931007281,5,,NORMAL
188300000000,12,13,12-8-9-10-6-13,41401938.1736731306,5,,NORMAL
188400000000,12,13,12-8-9-10-6-13,41400610.0517613217,5,,NORMAL
188500000000,12,13,12-8-9-10-6-13,41399298.9636564106,5,,NORMAL
188600000000,12,13,12-8-9-10-6-13,41397992.3611179292,5,,NORMAL
188700000000,12,13,12-8-9-10-6-13,41396680.0686519295,5,,NORMAL
188800000000,12,13,12-8-9-10-6-13,41395384.7397934347,5,,NORMAL
188900000000,12,13,12-8-9-10-6-13,41394082.6552402824,5,,NORMAL
189000000000,12,13,12-8-9-10-6-13,41392789.0727089271,5,,NORMAL
189100000000,12,13,12-8-9-10-6-13,41391505.9442494288,5,,NORMAL
189200000000,12,13,12-8-9-10-6-13,41390218.0307821333,5,,NORMAL
189300000000,12,13,12-8-9-10-6-13,41388941.1993996724,5,,NORMAL
189400000000,12,13,12-8-9-10-6-13,41387665.2874618694,5,,NORMAL
189500000000,12,13,12-8-9-10-6-13,41386396.8493352011,5,,NORMAL
189600000000,12,13,12-8-9-10-6-13,41385132.6654635668,5,,NORMAL
189700000000,12,13,12-8-9-10-6-13,41383868.1576794907,5,,NORMAL
189800000000,12,13,12-8-9-10-6-13,41382614.0322755352,5,,NORMAL
189900000000,12,13,12-8-9-10-6-13,41381360.5571799725,5,,NORMAL
190000000000,12,13,12-8-9-10-6-13,41380110.4200742170,5,,NORMAL
190100000000,12,13,12-8-9-10-6-13,41378867.2500771433,5,,NORMAL
190200000000,12,13,12-8-9-10-6-13,41377632.0572310761,5,,NORMAL
190300000000,12,13,12-8-9-10-6-13,41376399.4172619879,5,,NORMAL
190400000000,12,13,12-8-9-10-6-13,41375169.6674507856,5,,NORMAL
190500000000,12,13,12-8-9-10-6-13,41373949.9824101850,5,,NORMAL
190600000000,12,13,12-8-9-10-6-13,41372725.6963172406,5,,NORMAL
190700000000,12,13,12-8-9-10-6-13,41371510.0099149942,5,,NORMAL
190800000000,12,13,12-8-9-10-6-13,41370301.6906246692,5,,NORMAL
190900000000,12,13,12-8-9-10-6-13,41369090.1096418574,5,,NORMAL
191000000000,12,13,12-8-9-10-6-13,41367889.0340909436,5,,NORMAL
191100000000,12,13,12-8-9-10-6-13,41366691.0140929595,5,,NORMAL
191200000000,12,13,12-8-9-10-6-13,41365494.8647300377,5,,NORMAL
191300000000,12,13,12-8-9-10-6-13,41364310.5660857931,5,,NORMAL
191400000000,12,13,12-8-9-10-6-13,41363126.8515482098,5,,NORMAL
191500000000,12,13,12-8-9-10-6-13,41361950.9445472211,5,,NORMAL
191600000000,12,13,12-8-9-10-6-13,41360771.0263224915,5,,NORMAL
191700000000,12,13,12-8-9-10-6-13,41359604.6001619250,5,,NORMAL
191800000000,12,13,12-8-9-10-6-13,41358438.2402671501,5,,NORMAL
191900000000,12,13,12-8-9-10-6-13,41357278.6390736029,5,,NORMAL
192000000000,12,13,12-8-9-10-6-13,41356118.2644658014,5,,NORMAL
192100000000,12,13,12-8-9-10-6-13,41354968.1107582524,5,,NORMAL
192200000000,12,13,12-8-9-10-6-13,41353823.8669816405,5,,NORMAL
192300000000,12,13,12-8-9-10-6-13,41352677.5563384891,5,,NORMAL
192400000000,12,13,12-8-9-10-6-13,41351539.9656344578,5,,NORMAL
192500000000,12,13,12-8-9-10-6-13,41350404.4535778984,5,,NORMAL
192600000000,12,13,12-8-9-10-6-13,41349277.1466591731,5,,NORMAL
192700000000,12,13,12-8-9-10-6-13,41348154.0362447128,5,,NORMAL
192800000000,12,13,12-8-9-10-6-13,41347031.2130901143,5,,NORMAL
192900000000,12,13,12-8-9-10-6-13,41345917.3387498856,5,,NORMAL
193000000000,12,13,12-8-9-10-6-13,41344804.8332380876,5,,NORMAL
193100000000,12,13,12-8-9-10-6-13,41343701.3305546716,5,,NORMAL
193200000000,12,13,12-8-9-10-6-13,41342598.3761487752,5,,NORMAL
193300000000,12,13,12-8-9-10-6-13,41341496.2717061341,5,,NORMAL
193400000000,12,13,12-8-9-10-6-13,41340409.5405827686,5,,NORMAL
193500000000,12,13,12-8-9-10-6-13,41339320.1701126173,5,,NORMAL
193600000000,12,13,12-8-9-10-6-13,41338236.0310020894,5,,NORMAL
193700000000,12,13,12-8-9-10-6-13,41337160.0237958208,5,,NORMAL
193800000000,12,13,12-8-9-10-6-13,41336077.1789374948,5,,NORMAL
193900000000,12,13,12-8-9-10-6-13,41335008.0956959426,5,,NORMAL
194000000000,12,13,12-8-9-10-6-13,41333947.1121410877,5,,NORMAL
194100000000,12,13,12-8-9-10-6-13,41332885.5905970559,5,,NORMAL
194200000000,12,13,12-8-9-10-6-13,41331825.2259766310,5,,NORMAL
194300000000,12,13,12-8-9-10-6-13,41330780.6296839938,5,,NORMAL
194400000000,12,13,12-8-9-10-6-13,41329732.9800778478,5,,NORMAL
194500000000,12,13,12-8-9-10-6-13,41328686.9381539077,5,,NORMAL
194600000000,12,13,12-8-9-10-6-13,41327654.1938434169,5,,NORMAL
194700000000,12,13,12-8-9-10-6-13,41326616.1165347472,5,,NORMAL
194800000000,12,13,12-8-9-10-6-13,41325590.2933273539,5,,NORMAL
194900000000,12,13,12-8-9-10-6-13,41324564.3966718689,5,,NORMAL
195000000000,12,13,12-8-9-10-6-13,41323542.6236361712,5,,NORMAL
195100000000,12,13,12-8-9-10-6-13,41322527.4643979445,5,,NORMAL
195200000000,12,13,12-8-9-10-6-13,41321516.6572867557,5,,NORMAL
195300000000,12,13,12-8-9-10-6-13,41320511.4608153626,5,,NORMAL
195400000000,12,13,12-8-9-10-6-13,41319510.6592448726,5,,NORMAL
195500000000,12,13,12-8-9-10-6-13,41318512.4994674176,5,,NORMAL
195600000000,12,13,12-8-9-10-6-13,41317525.3277915791,5,,NORMAL
195700000000,12,13,12-8-9-10-6-13,41316537.5967774466,5,,NORMAL
195800000000,12,13,12-8-9-10-6-13,41315553.2350549474,5,,NORMAL
195900000000,12,13,12-8-9-10-6-13,41314579.2376352474,5,,NORMAL
196000000000,12,13,12-8-9-10-6-13,41313602.5672658682,5,,NORMAL
196100000000,12,13,12-8-9-10-6-13,41312635.3535610959,5,,NORMAL
196200000000,12,13,12-8-9-10-6-13,41311670.4195976555,5,,NORMAL
196300000000,12,13,12-8-9-10-6-13,41310705.4007023126,5,,NORMAL
196400000000,12,13,12-8-9-10-6-13,41309751.6187783480,5,,NORMAL
196500000000,12,13,12-8-9-10-6-13,41308804.8912605271,5,,NORMAL
196600000000,12,13,12-8-9-10-6-13,41307854.1877034456,5,,NORMAL
196700000000,12,13,12-8-9-10-6-13,41306916.2662944943,5,,NORMAL
196800000000,12,13,12-8-9-10-6-13,41305981.1621119902,5,,NORMAL
196900000000,12,13,12-8-9-10-6-13,41305047.5079687983,5,,NORMAL
197000000000,12,13,12-8-9-10-6-13,41304118.4558978900,5,,NORMAL
197100000000,12,13,12-8-9-10-6-13,41303198.3773961365,5,,NORMAL
197200000000,12,13,12-8-9-10-6-13,41302273.8583332375,5,,NORMAL
197300000000,12,13,12-8-9-10-6-13,41301367.0495824814,5,,NORMAL
197400000000,12,13,12-8-9-10-6-13,41300455.6425716951,5,,NORMAL
197500000000,12,13,12-8-9-10-6-13,41299549.4702875987,5,,NORMAL
197600000000,12,13,12-8-9-10-6-13,41298653.3082241341,5,,NORMAL
197700000000,12,13,12-8-9-10-6-13,41297755.5364773497,5,,NORMAL
197800000000,12,13,12-8-9-10-6-13,41296865.5758278370,5,,NORMAL
197900000000,12,13,12-8-9-10-6-13,41295978.5986171663,5,,NORMAL
198000000000,12,13,12-8-9-10-6-13,41295093.9956511706,5,,NORMAL
198100000000,12,13,12-8-9-10-6-13,41294218.9943405613,5,,NORMAL
198200000000,12,13,12-8-9-10-6-13,41293343.2004555389,5,,NORMAL
198300000000,12,13,12-8-9-10-6-13,41292479.9959756359,5,,NORMAL
198400000000,12,13,12-8-9-10-6-13,41291616.1055665240,5,,NORMAL
198500000000,12,13,12-8-9-10-6-13,41290753.9607996643,5,,NORMAL
198600000000,12,13,12-8-9-10-6-13,41289900.9356541857,5,,NORMAL
198700000000,12,13,12-8-9-10-6-13,41289053.0526073948,5,,NORMAL
198800000000,12,13,12-8-9-10-6-13,41288209.0540242642,5,,NORMAL
198900000000,12,13,12-8-9-10-6-13,41287367.4037494063,5,,NORMAL
199000000000,12,13,12-8-9-10-6-13,41286538.4957313538,5,,NORMAL
199100000000,12,13,12-8-9-10-6-13,41285701.0241597444,5,,NORMAL
199200000000,12,13,12-8-9-10-6-13,41284875.4974835739,5,,NORMAL
199300000000,12,13,12-8-9-10-6-13,41284053.8755046129,5,,NORMAL
199400000000,12,13,12-8-9-10-6-13,41283235.6495023295,5,,NORMAL
199500000000,12,13,12-8-9-10-6-13,41282420.4080461338,5,,NORMAL
199600000000,12,13,12-8-9-10-6-13,41281615.6618941724,5,,NORMAL
199700000000,12,13,12-8-9-10-6-13,41280814.0252321288,5,,NORMAL
199800000000,12,13,12-8-9-10-6-13,41280016.4241044298,5,,NORMAL
199900000000,12,13,12-8-9-10-6-13,41279218.5438792855,5,,NORMAL
0,12,13,12-9-10-11-7-13,41413638.3867179975,5,0-1,REROUTED
100000000,12,13,12-9-10-11-7-13,41412029.1306537241,5,0-1,REROUTED
200000000,12,13,12-9-10-11-7-13,41410416.3735535890,5,0-1,REROUTED
300000000,12,13,12-9-10-11-7-13,41408812.4058048800,5,0-1,REROUTED
400000000,12,13,12-9-10-11-7-13,41407213.6760762036,5,0-1,REROUTED
500000000,12,13,12-9-10-11-7-13,41405621.7026717216,5,0-1,REROUTED
600000000,12,13,12-9-10-11-7-13,41404030.6864925027,5,0-1,REROUTED
700000000,12,13,12-9-10-11-7-13,41402439.3061481416,5,0-1,REROUTED
800000000,12,13,12-9-10-11-7-13,41400863.2897011936,5,0-1,REROUTED
900000000,12,13,12-9-10-11-7-13,41399288.3610434309,5,0-1,REROUTED
1000000000,12,13,12-9-10-11-7-13,41397711.7802129462,5,0-1,REROUTED
1100000000,12,13,12-9-10-11-7-13,41396144.9149848223,5,0-1,REROUTED
1200000000,12,13,12-9-10-11-7-13,41394583.0815396830,5,0-1,REROUTED
1300000000,12,13,12-9-10-11-7-13,41393024.2629679292,5,0-1,REROUTED
1400000000,12,13,12-9-10-11-7-13,41391474.4427087754,5,0-1,REROUTED
1500000000,12,13,12-9-10-11-7-13,41389922.1635539010,5,0-1,REROUTED
1600000000,12,13,12-9-10-11-7-13,41388380.4754463285,5,0-1,REROUTED
1700000000,12,13,12-9-10-11-7-13,41386838.9879655093,5,0-1,REROUTED
1800000000,12,13,12-9-10-11-7-13,41385295.8467128351,5,0-1,REROUTED
1900000000,12,13,12-9-10-11-7-13,41383768.0013622791,5,0-1,REROUTED
2000000000,12,13,12-9-10-11-7-13,41382240.4164007604,5,0-1,REROUTED
2100000000,12,13,12-9-10-11-7-13,41380721.3735166714,5,0-1,REROUTED
2200000000,12,13,12-9-10-11-7-13,41379200.9603758231,5,0-1,REROUTED
2300000000,12,13,12-9-10-11-7-13,41377689.4100082964,5,0-1,REROUTED
2400000000,12,13,12-9-10-11-7-13,41376179.8548336327,5,0-1,REROUTED
2500000000,12,13,12-9-10-11-7-13,41374677.8856080994,5,0-1,REROUTED
2600000000,12,13,12-9-10-11-7-13,41373172.1276261881,5,0-1,REROUTED
2700000000,12,13,12-9-10-11-7-13,41371684.3939073235,5,0-1,REROUTED
2800000000,12,13,12-9-10-11-7-13,41370191.5634685680,5,0-1,REROUTED
2900000000,12,13,12-9-10-11-7-13,41368708.3639432713,5,0-1,REROUTED
3000000000,12,13,12-9-10-11-7-13,41367225.8423802108,5,0-1,REROUTED
3100000000,12,13,12-9-10-11-7-13,41365755.0489217043,5,0-1,REROUTED
3200000000,12,13,12-9-10-11-7-13,41364279.1651355252,5,0-1,REROUTED
3300000000,12,13,12-9-10-11-7-13,41362808.9877523705,5,0-1,REROUTED
3400000000,12,13,12-9-10-11-7-13,41361347.6948045269,5,0-1,REROUTED
3500000000,12,13,12-9-10-11-7-13,41359890.7931819186,5,0-1,REROUTED
3600000000,12,13,12-9-10-11-7-13,41358433.3551972508,5,0-1,REROUTED
3700000000,12,13,12-9-10-11-7-13,41356983.7595143467,5,0-1,REROUTED
3800000000,12,13,12-9-10-11-7-13,41355537.7896067724,5,0-1,REROUTED
3900000000,12,13,12-9-10-11-7-13,41354101.7004937753,5,0-1,REROUTED
4000000000,12,13,12-9-10-11-7-13,41352667.4466804862,5,0-1,REROUTED
4100000000,12,13,12-9-10-11-7-13,41351236.3111807704,5,0-1,REROUTED
4200000000,12,13,12-9-10-11-7-13,41349806.1987709254,5,0-1,REROUTED
4300000000,12,13,12-9-10-11-7-13,41348385.9089306593,5,0-1,REROUTED
4400000000,12,13,12-9-10-11-7-13,41346969.4702466652,5,0-1,REROUTED
4500000000,12,13,12-9-10-11-7-13,41345557.9297991619,5,0-1,REROUTED
4600000000,12,13,12-9-10-11-7-13,41344148.3436267525,5,0-1,REROUTED
4700000000,12,13,12-9-10-11-7-13,41342744.8777050301,5,0-1,REROUTED
4800000000,12,13,12-9-10-11-7-13,41341351.3697075918,5,0-1,REROUTED
4900000000,12,13,12-9-10-11-7-13,41339947.0143163130,5,0-1,REROUTED
5000000000,12,13,12-9-10-11-7-13,41338562.1840022653,5,0-1,REROUTED
5100000000,12,13,12-9-10-11-7-13,41337179.2152701914,5,0-1,REROUTED
5200000000,12,13,12-9-10-11-7-13,41335795.9019585550,5,0-1,REROUTED
5300000000,12,13,12-9-10-11-7-13,41334419.4355870038,5,0-1,REROUTED
5400000000,12,13,12-9-10-11-7-13,41333048.2259016111,5,0-1,REROUTED
5500000000,12,13,12-9-10-11-7-13,41331684.4884881824,5,0-1,REROUTED
5600000000,12,13,12-9-10-11-7-13,41330318.1805632487,5,0-1,REROUTED
5700000000,12,13,12-9-10-11-7-13,41328962.5734763592,5,0-1,REROUTED
5800000000,12,13,12-9-10-11-7-13,41327607.3582913652,5,0-1,REROUTED
5900000000,12,13,12-9-10-11-7-13,41326255.9822973609,5,0-1,REROUTED
6000000000,12,13,12-9-10-11-7-13,41324916.3558762744,5,0-1,REROUTED
6100000000,12,13,12-9-10-11-7-13,41323572.7005022988,5,0-1,REROUTED
6200000000,12,13,12-9-10-11-7-13,41322241.1034442559,5,0-1,REROUTED
6300000000,12,13,12-9-10-11-7-13,41320905.5280425325,5,0-1,REROUTED
6400000000,12,13,12-9-10-11-7-13,41319583.6830110177,5,0-1,REROUTED
6500000000,12,13,12-9-10-11-7-13,41318265.4632288069,5,0-1,REROUTED
6600000000,12,13,12-9-10-11-7-13,41316950.1915812418,5,0-1,REROUTED
6700000000,12,13,12-9-10-11-7-13,41315632.1829245314,5,0-1,REROUTED
6800000000,12,13,12-9-10-11-7-13,41314328.3769937679,5,0-1,REROUTED
6900000000,12,13,12-9-10-11-7-13,41313028.9311154410,5,0-1,REROUTED
7000000000,12,13,12-9-10-11-7-13,41311722.6348304823,5,0-1,REROUTED
7100000000,12,13,12-9-10-11-7-13,41310430.4342454374,5,0-1,REROUTED
7200000000,12,13,12-9-10-11-7-13,41309139.6774101630,5,0-1,REROUTED
7300000000,12,13,12-9-10-11-7-13,41307857.3279017359,5,0-1,REROUTED
7400000000,12,13,12-9-10-11-7-13,41306580.5338687450,5,0-1,REROUTED
7500000000,12,13,12-9-10-11-7-13,41305302.9891718477,5,0-1,REROUTED
7600000000,12,13,12-9-10-11-7-13,41304030.2751386911,5,0-1,REROUTED
7700000000,12,13,12-9-10-11-7-13,41302762.2885489687,5,0-1,REROUTED
7800000000,12,13,12-9-10-11-7-13,41301502.9033829197,5,0-1,REROUTED
7900000000,12,13,12-9-10-11-7-13,41300248.1002345160,5,0-1,REROUTED
8000000000,12,13,12-9-10-11-7-13,41298993.6313936487,5,0-1,REROUTED
8100000000,12,13,12-9-10-11-7-13,41297746.1329728141,5,0-1,REROUTED
8200000000,12,13,12-9-10-11-7-13,41296500.8952931911,5,0-1,REROUTED
8300000000,12,13,12-9-10-11-7-13,41295261.0099053010,5,0-1,REROUTED
8400000000,12,13,12-9-10-11-7-13,41294025.0120685399,5,0-1,REROUTED
8500000000,12,13,12-9-10-11-7-13,41292795.7615309805,5,0-1,REROUTED
8600000000,12,13,12-9-10-11-7-13,41291572.9011082426,5,0-1,REROUTED
8700000000,12,13,12-9-10-11-7-13,41290351.3742934540,5,0-1,REROUTED
8800000000,12,13,12-9-10-11-7-13,41289131.9034522176,5,0-1,REROUTED
8900000000,12,13,12-9-10-11-7-13,41287921.1156641543,5,0-1,REROUTED
9000000000,12,13,12-9-10-11-7-13,41286714.9434595630,5,0-1,REROUTED
9100000000,12,13,12-9-10-11-7-13,41285510.8795657903,5,0-1,REROUTED
9200000000,12,13,12-9-10-11-7-13,41284316.7220414951,5,0-1,REROUTED
9300000000,12,13,12-9-10-11-7-13,41283124.3984290510,5,0-1,REROUTED
9400000000,12,13,12-9-10-11-7-13,41281938.7221629247,5,0-1,REROUTED
9500000000,12,13,12-9-10-11-7-13,41280754.6313052177,5,0-1,REROUTED
9600000000,12,13,12-9-10-11-7-13,41279570.3430712894,5,0-1,REROUTED
9700000000,12,13,12-9-10-11-7-13,41278394.5557500124,5,0-1,REROUTED
9800000000,12,13,12-9-10-11-7-13,41277225.7811574638,5,0-1,REROUTED
9900000000,12,13,12-9-10-11-7-13,41276062.8869556785,5,0-1,REROUTED
10000000000,12,13,12-9-10-11-7-13,41274897.7861748487,5,0-1,REROUTED
10100000000,12,13,12-9-10-11-7-13,41273742.7034039795,5,0-1,REROUTED
10200000000,12,13,12-9-10-11-7-13,41272594.4843018577,5,0-1,REROUTED
10300000000,12,13,12-9-10-11-7-13,41271445.7957250550,5,0-1,REROUTED
10400000000,12,13,12-9-10-11-7-13,41270298.0425314382,5,0-1,REROUTED
10500000000,12,13,12-9-10-11-7-13,41269165.3346767649,5,0-1,REROUTED
10600000000,12,13,12-9-10-11-7-13,41268026.5925523341,5,0-1,REROUTED
10700000000,12,13,12-9-10-11-7-13,41266903.2301836237,5,0-1,REROUTED
10800000000,12,13,12-9-10-11-7-13,41265776.8813399076,5,0-1,REROUTED
10900000000,12,13,12-9-10-11-7-13,41264659.0559843257,5,0-1,REROUTED
11000000000,12,13,12-9-10-11-7-13,41263537.7270579413,5,0-1,REROUTED
11100000000,12,13,12-9-10-11-7-13,41262431.6261071861,5,0-1,REROUTED
11200000000,12,13,12-9-10-11-7-13,41261323.3964709267,5,0-1,REROUTED
11300000000,12,13,12-9-10-11-7-13,41260228.0940328464,5,0-1,REROUTED
11400000000,12,13,12-9-10-11-7-13,41259127.3337071389,5,0-1,REROUTED
11500000000,12,13,12-9-10-11-7-13,41258034.9974296540,5,0-1,REROUTED
11600000000,12,13,12-9-10-11-7-13,41256944.6105237305,5,0-1,REROUTED
11700000000,12,13,12-9-10-11-7-13,41255863.4719901904,5,0-1,REROUTED
11800000000,12,13,12-9-10-11-7-13,41254785.4784769639,5,0-1,REROUTED
11900000000,12,13,12-9-10-11-7-13,41253710.9704967514,5,0-1,REROUTED
12000000000,12,13,12-9-10-11-7-13,41252637.5406858400,5,0-1,REROUTED
12100000000,12,13,12-9-10-11-7-13,41251576.5705307275,5,0-1,REROUTED
12200000000,12,13,12-9-10-11-7-13,41250519.0542941242,5,0-1,REROUTED
12300000000,12,13,12-9-10-11-7-13,41249461.4639892951,5,0-1,REROUTED
12400000000,12,13,12-9-10-11-7-13,41248412.6024402753,5,0-1,REROUTED
12500000000,12,13,12-9-10-11-7-13,41247368.0700385943,5,0-1,REROUTED
12600000000,12,13,12-9-10-11-7-13,41246324.1629059240,5,0-1,REROUTED
12700000000,12,13,12-9-10-11-7-13,41245286.5979273170,5,0-1,REROUTED
12800000000,12,13,12-9-10-11-7-13,41244253.7781356275,5,0-1,REROUTED
12900000000,12,13,12-9-10-11-7-13,41243223.7256456092,5,0-1,REROUTED
13000000000,12,13,12-9-10-11-7-13,41242203.6719799042,5,0-1,REROUTED
13100000000,12,13,12-9-10-11-7-13,41241182.4395809993,5,0-1,REROUTED
13200000000,12,13,12-9-10-11-7-13,41240168.5024206266,5,0-1,REROUTED
13300000000,12,13,12-9-10-11-7-13,41239156.9240173772,5,0-1,REROUTED
13400000000,12,13,12-9-10-11-7-13,41238154.2454771996,5,0-1,REROUTED
13500000000,12,13,12-9-10-11-7-13,41237154.0619110018,5,0-1,REROUTED
13600000000,12,13,12-9-10-11-7-13,41236159.1036009192,5,0-1,REROUTED
13700000000,12,13,12-9-10-11-7-13,41235168.7709327266,5,0-1,REROUTED
13800000000,12,13,12-9-10-11-7-13,41234179.8687172756,5,0-1,REROUTED
13900000000,12,13,12-9-10-11-7-13,41233198.5595130995,5,0-1,REROUTED
14000000000,12,13,12-9-10-11-7-13,41232226.8342548907,5,0-1,REROUTED
14100000000,12,13,12-9-10-11-7-13,41231249.5971595347,5,0-1,REROUTED
14200000000,12,13,12-9-10-11-7-13,41230284.7952052057,5,0-1,REROUTED
14300000000,12,13,12-9-10-11-7-13,41229321.5535587147,5,0-1,REROUTED
14400000000,12,13,12-9-10-11-7-13,41228357.5489346683,5,0-1,REROUTED
14500000000,12,13,12-9-10-11-7-13,41227403.9543034285,5,0-1,REROUTED
14600000000,12,13,12-9-10-11-7-13,41226460.8707593754,5,0-1,REROUTED
14700000000,12,13,12-9-10-11-7-13,41225515.0065457672,5,0-1,REROUTED
14800000000,12,13,12-9-10-11-7-13,41224570.5722710639,5,0-1,REROUTED
14900000000,12,13,12-9-10-11-7-13,41223638.7269635350,5,0-1,REROUTED
15000000000,12,13,12-9-10-11-7-13,41222702.4484807029,5,0-1,REROUTED
15100000000,12,13,12-9-10-11-7-13,41221777.0816081986,5,0-1,REROUTED
15200000000,12,13,12-9-10-11-7-13,41220860.4072729871,5,0-1,REROUTED
15300000000,12,13,12-9-10-11-7-13,41219937.5537922680,5,0-1,REROUTED
15400000000,12,13,12-9-10-11-7-13,41219025.3697617054,5,0-1,REROUTED
15500000000,12,13,12-9-10-11-7-13,41218119.6937991679,5,0-1,REROUTED
15600000000,12,13,12-9-10-11-7-13,41217216.7539249510,5,0-1,REROUTED
15700000000,12,13,12-9-10-11-7-13,41216315.3711063862,5,0-1,REROUTED
15800000000,12,13,12-9-10-11-7-13,41215422.8401627243,5,0-1,REROUTED
15900000000,12,13,12-9-10-11-7-13,41214533.7552175373,5,0-1,REROUTED
16000000000,12,13,12-9-10-11-7-13,41213646.2839668244,5,0-1,REROUTED
16100000000,12,13,12-9-10-11-7-13,41212766.9392748401,5,0-1,REROUTED
16200000000,12,13,12-9-10-11-7-13,41211892.7264244631,5,0-1,REROUTED
16300000000,12,13,12-9-10-11-7-13,41211017.0023681372,5,0-1,REROUTED
16400000000,12,13,12-9-10-11-7-13,41210157.9317827374,5,0-1,REROUTED
16500000000,12,13,12-9-10-11-7-13,41209293.3169405907,5,0-1,REROUTED
16600000000,12,13,12-9-10-11-7-13,41208430.7806206420,5,0-1,REROUTED
16700000000,12,13,12-9-10-11-7-13,41207583.4846596941,5,0-1,REROUTED
16800000000,12,13,12-9-10-11-7-13,41206732.7470590472,5,0-1,REROUTED
16900000000,12,13,12-9-10-11-7-13,41205888.6191299334,5,0-1,REROUTED
17000000000,12,13,12-9-10-11-7-13,41205050.9887936860,5,0-1,REROUTED
17100000000,12,13,12-9-10-11-7-13,41204219.9061055705,5,0-1,REROUTED
17200000000,12,13,12-9-10-11-7-13,41203388.6362646446,5,0-1,REROUTED
17300000000,12,13,12-9-10-11-7-13,41202561.0045279041,5,0-1,REROUTED
17400000000,12,13,12-9-10-11-7-13,41201738.4602273256,5,0-1,REROUTED
17500000000,12,13,12-9-10-11-7-13,41200926.8352483884,5,0-1,REROUTED
17600000000,12,13,12-9-10-11-7-13,41200116.7307766154,5,0-1,REROUTED
17700000000,12,13,12-9-10-11-7-13,41199309.5934287459,5,0-1,REROUTED
17800000000,12,13,12-9-10-11-7-13,41198508.7170341462,5,0-1,REROUTED
17900000000,12,13,12-9-10-11-7-13,41197714.9113274515,5,0-1,REROUTED
18000000000,12,13,12-4-3-13,25346492.5036325082,3,0-1,REROUTED
18100000000,12,13,12-4-3-13,25345063.9331905507,3,0-1,REROUTED
18200000000,12,13,12-4-3-13,25343633.7300011851,3,0-1,REROUTED
18300000000,12,13,12-4-3-13,25342214.7244185694,3,0-1,REROUTED
18400000000,12,13,12-4-3-13,25340792.7888349295,3,0-1,REROUTED
18500000000,12,13,12-4-3-13,25339379.4533047527,3,0-1,REROUTED
18600000000,12,13,12-4-3-13,25337970.9558844045,3,0-1,REROUTED
18700000000,12,13,12-4-3-13,25336560.9572035521,3,0-1,REROUTED
18800000000,12,13,12-4-3-13,25335163.4518915638,3,0-1,REROUTED
18900000000,12,13,12-4-3-13,25333764.2922679149,3,0-1,REROUTED
19000000000,12,13,12-4-3-13,25332371.8627361804,3,0-1,REROUTED
19100000000,12,13,12-4-3-13,25330985.0196056776,3,0-1,REROUTED
19200000000,12,13,12-4-3-13,25329600.8569794223,3,0-1,REROUTED
19300000000,12,13,12-4-3-13,25328220.8277804591,3,0-1,REROUTED
19400000000,12,13,12-4-3-13,25326844.4691874012,3,0-1,REROUTED
19500000000,12,13,12-4-3-13,25325476.7298670150,3,0-1,REROUTED
19600000000,12,13,12-4-3-13,25324108.6360975392,3,0-1,REROUTED
19700000000,12,13,12-4-3-13,25322745.9741005041,3,0-1,REROUTED
19800000000,12,13,12-4-3-13,25321386.1470178254,3,0-1,REROUTED
19900000000,12,13,12-4-3-13,25320032.5856153592,3,0-1,REROUTED
20000000000,12,13,12-4-3-13,25318683.6220981628,3,0-1,REROUTED
20100000000,12,13,12-4-3-13,25317337.0305433795,3,0-1,REROUTED
20200000000,12,13,12-4-3-13,25315995.4044964537,3,0-1,REROUTED
20300000000,12,13,12-4-3-13,25314658.8409015574,3,0-1,REROUTED
20400000000,12,13,12-4-3-13,25313328.0784241110,3,0-1,REROUTED
20500000000,12,13,12-4-3-13,25311998.0182505175,3,0-1,REROUTED
20600000000,12,13,12-4-3-13,25310676.7910409793,3,0-1,REROUTED
20700000000,12,13,12-4-3-13,25309355.2418683246,3,0-1,REROUTED
20800000000,12,13,12-4-3-13,25308037.1183451414,3,0-1,REROUTED
20900000000,12,13,12-4-3-13,25306727.8559576198,3,0-1,REROUTED
21000000000,12,13,12-4-3-13,25305423.1605401225,3,0-1,REROUTED
21100000000,12,13,12-4-3-13,25304118.1451678127,3,0-1,REROUTED
21200000000,12,13,12-4-3-13,25302819.9837229177,3,0-1,REROUTED
21300000000,12,13,12-4-3-13,25301530.2842854112,3,0-1,REROUTED
21400000000,12,13,12-4-3-13,25300237.2044102475,3,0-1,REROUTED
21500000000,12,13,12-4-3-13,25298954.8412628435,3,0-1,REROUTED
21600000000,12,13,12-4-3-13,25297670.0297662616,3,0-1,REROUTED
21700000000,12,13,12-4-3-13,25296398.5296625607,3,0-1,REROUTED
21800000000,12,13,12-4-3-13,25295125.1666313745,3,0-1,REROUTED
21900000000,12,13,12-4-3-13,25293858.2839263529,3,0-1,REROUTED
22000000000,12,13,12-4-3-13,25292590.8379237428,3,0-1,REROUTED
22100000000,12,13,12-4-3-13,25291334.5703741908,3,0-1,REROUTED
22200000000,12,13,12-4-3-13,25290081.3855293654,3,0-1,REROUTED
22300000000,12,13,12-4-3-13,25288830.8220214248,3,0-1,REROUTED
22400000000,12,13,12-4-3-13,25287582.0068801492,3,0-1,REROUTED
22500000000,12,13,12-4-3-13,25286341.2210496329,3,0-1,REROUTED
22600000000,12,13,12-4-3-13,25285103.8887262940,3,0-1,REROUTED
22700000000,12,13,12-4-3-13,25283870.0700375214,3,0-1,REROUTED
22800000000,12,13,12-4-3-13,25282641.2181948610,3,0-1,REROUTED
22900000000,12,13,12-4-3-13,25281415.2004270852,3,0-1,REROUTED
23000000000,12,13,12-4-3-13,25280197.2138053477,3,0-1,REROUTED
23100000000,12,13,12-4-3-13,25278983.9409602657,3,0-1,REROUTED
23200000000,12,13,12-4-3-13,25277767.7609554827,3,0-1,REROUTED
23300000000,12,13,12-4-3-13,25276563.0052944496,3,0-1,REROUTED
23400000000,12,13,12-4-3-13,25275357.6518873610,3,0-1,REROUTED
23500000000,12,13,12-4-3-13,25274161.9958871342,3,0-1,REROUTED
23600000000,12,13,12-4-3-13,25272964.9081229828,3,0-1,REROUTED
23700000000,12,13,12-4-3-13,25271776.2205508761,3,0-1,REROUTED
23800000000,12,13,12-4-3-13,25270590.8301996514,3,0-1,REROUTED
23900000000,12,13,12-4-3-13,25269412.9654122703,3,0-1,REROUTED
24000000000,12,13,12-4-3-13,25268234.0763272755,3,0-1,REROUTED
24100000000,12,13,12-4-3-13,25267058.7401859500,3,0-1,REROUTED
24200000000,12,13,12-4-3-13,25265890.7148390710,3,0-1,REROUTED
24300000000,12,13,12-4-3-13,25264727.6561484970,3,0-1,REROUTED
24400000000,12,13,12-4-3-13,25263567.4311469272,3,0-1,REROUTED
24500000000,12,13,12-4-3-13,25262413.7843046375,3,0-1,REROUTED
24600000000,12,13,12-4-3-13,25261262.6586117260,3,0-1,REROUTED
24700000000,12,13,12-4-3-13,25260116.1307538226,3,0-1,REROUTED
24800000000,12,13,12-4-3-13,25258974.9930210970,3,0-1,REROUTED
24900000000,12,13,12-4-3-13,25257835.6874417551,3,0-1,REROUTED
25000000000,12,13,12-4-3-13,25256701.0923427939,3,0-1,REROUTED
25100000000,12,13,12-4-3-13,25255573.9077223353,3,0-1,REROUTED
25200000000,12,13,12-4-3-13,25254448.8786894307,3,0-1,REROUTED
25300000000,12,13,12-4-3-13,25253326.8957685865,3,0-1,REROUTED
25400000000,12,13,12-4-3-13,25252211.4293847270,3,0-1,REROUTED
25500000000,12,13,12-4-3-13,25251100.3099474497,3,0-1,REROUTED
25600000000,12,13,12-4-3-13,25249993.9426496364,3,0-1,REROUTED
25700000000,12,13,12-4-3-13,25248889.7891285643,3,0-1,REROUTED
25800000000,12,13,12-4-3-13,25247789.3472755812,3,0-1,REROUTED
25900000000,12,13,12-4-3-13,25246697.4679623134,3,0-1,REROUTED
26000000000,12,13,12-4-3-13,25245607.3797788583,3,0-1,REROUTED
26100000000,12,13,12-4-3-13,25244518.5022959486,3,0-1,REROUTED
26200000000,12,13,12-4-3-13,25243439.0179750174,3,0-1,REROUTED
26300000000,12,13,12-4-3-13,25242361.3271785192,3,0-1,REROUTED
26400000000,12,13,12-4-3-13,25241290.3674169183,3,0-1,REROUTED
26500000000,12,13,12-4-3-13,25240220.9414840229,3,0-1,REROUTED
26600000000,12,13,12-4-3-13,25239155.6946754232,3,0-1,REROUTED
26700000000,12,13,12-4-3-13,25238094.0700679459,3,0-1,REROUTED
26800000000,12,13,12-4-3-13,25237043.6452690065,3,0-1,REROUTED
26900000000,12,13,12-4-3-13,25235993.3476253338,3,0-1,REROUTED
27000000000,12,13,12-4-3-13,25234944.1181339435,3,0-1,REROUTED
27100000000,12,13,12-4-3-13,25233902.4536433443,3,0-1,REROUTED
27200000000,12,13,12-4-3-13,25232865.3869874552,3,0-1,REROUTED
27300000000,12,13,12-4-3-13,25231828.8173136264,3,0-1,REROUTED
27400000000,12,13,12-4-3-13,25230799.5517490953,3,0-1,REROUTED
27500000000,12,13,12-4-3-13,25229775.2506875731,3,0-1,REROUTED
27600000000,12,13,12-9-10-11-7-13,41142503.5589829832,5,0-1,REROUTED
27700000000,12,13,12-9-10-11-7-13,41142161.6104179248,5,0-1,REROUTED
27800000000,12,13,12-9-10-11-7-13,41141830.6379770190,5,0-1,REROUTED
27900000000,12,13,12-9-10-11-7-13,41141497.6137191579,5,0-1,REROUTED
28000000000,12,13,12-9-10-11-7-13,41141169.1460203305,5,0-1,REROUTED
28100000000,12,13,12-9-10-11-7-13,41140852.4831797779,5,0-1,REROUTED
28200000000,12,13,12-9-10-11-7-13,41140536.5051821992,5,0-1,REROUTED
28300000000,12,13,12-9-10-11-7-13,41140220.5915166512,5,0-1,REROUTED
28400000000,12,13,12-9-10-11-7-13,41139915.1212099418,5,0-1,REROUTED
28500000000,12,13,12-9-10-11-7-13,41139612.6797482073,5,0-1,REROUTED
28600000000,12,13,12-9-10-11-7-13,41139315.3734748065,5,0-1,REROUTED
28700000000,12,13,12-9-10-11-7-13,41139024.7465271652,5,0-1,REROUTED
28800000000,12,13,12-9-10-11-7-13,41138735.5633103028,5,0-1,REROUTED
28900000000,12,13,12-9-10-11-7-13,41138454.5886145905,5,0-1,REROUTED
29000000000,12,13,12-9-10-11-7-13,41138174.5954719111,5,0-1,REROUTED
29100000000,12,13,12-9-10-11-7-13,41137901.4098443836,5,0-1,REROUTED
29200000000,12,13,12-9-10-11-7-13,41137629.5402020290,5,0-1,REROUTED
29300000000,12,13,12-9-10-11-7-13,41137366.4258091077,5,0-1,REROUTED
29400000000,12,13,12-9-10-11-7-13,41137102.8466542661,5,0-1,REROUTED
29500000000,12,13,12-9-10-11-7-13,41136853.6895631403,5,0-1,REROUTED
29600000000,12,13,12-9-10-11-7-13,41136601.7510838509,5,0-1,REROUTED
29700000000,12,13,12-9-10-11-7-13,41136357.9862765595,5,0-1,REROUTED
29800000000,12,13,12-9-10-11-7-13,41136113.7600467652,5,0-1,REROUTED
29900000000,12,13,12-9-10-11-7-13,41135878.8156068996,5,0-1,REROUTED
30000000000,12,13,12-9-10-11-7-13,41135644.7000714913,5,0-1,REROUTED
30100000000,12,13,12-9-10-11-7-13,41135423.1336677596,5,0-1,REROUTED
30200000000,12,13,12-9-10-11-7-13,41135199.7957130224,5,0-1,REROUTED
30300000000,12,13,12-9-10-11-7-13,41134980.5340600163,5,0-1,REROUTED
30400000000,12,13,12-9-10-11-7-13,41134765.3542852178,5,0-1,REROUTED
30500000000,12,13,12-9-10-11-7-13,41134563.5333858877,5,0-1,REROUTED
30600000000,12,13,12-9-10-11-7-13,41134360.2029386461,5,0-1,REROUTED
30700000000,12,13,12-9-10-11-7-13,41134159.4132035822,5,0-1,REROUTED
30800000000,12,13,12-9-10-11-7-13,41133966.5942346379,5,0-1,REROUTED
30900000000,12,13,12-9-10-11-7-13,41133781.7494997531,5,0-1,REROUTED
31000000000,12,13,12-9-10-11-7-13,41133594.5931902677,5,0-1,REROUTED
31100000000,12,13,12-9-10-11-7-13,41133416.7646240816,5,0-1,REROUTED
31200000000,12,13,12-9-10-11-7-13,41133236.2253374159,5,0-1,REROUTED
31300000000,12,13,12-9-10-11-7-13,41133071.8585023656,5,0-1,REROUTED
31400000000,12,13,12-9-10-11-7-13,41132904.6800227985,5,0-1,REROUTED
31500000000,12,13,12-9-10-11-7-13,41132741.0573971346,5,0-1,REROUTED
31600000000,12,13,12-9-10-11-7-13,41132589.7726125568,5,0-1,REROUTED
31700000000,12,13,12-9-10-11-7-13,41132435.1794409305,5,0-1,REROUTED
31800000000,12,13,12-9-10-11-7-13,41132288.0483858883,5,0-1,REROUTED
31900000000,12,13,12-9-10-11-7-13,41132147.2072437927,5,0-1,REROUTED
32000000000,12,13,12-9-10-11-7-13,41132012.5133976340,5,0-1,REROUTED
32100000000,12,13,12-9-10-11-7-13,41131882.9984321222,5,0-1,REROUTED
32200000000,12,13,12-9-10-11-7-13,41131754.0884455219,5,0-1,REROUTED
32300000000,12,13,12-9-10-11-7-13,41131635.4547054395,5,0-1,REROUTED
32400000000,12,13,12-9-10-11-7-13,41131512.7377766892,5,0-1,REROUTED
32500000000,12,13,12-9-10-11-7-13,41131397.0501162335,5,0-1,REROUTED
32600000000,12,13,12-9-10-11-7-13,41131291.0097415224,5,0-1,REROUTED
32700000000,12,13,12-9-10-11-7-13,41131189.7740229890,5,0-1,REROUTED
32800000000,12,13,12-9-10-11-7-13,41131090.6117493659,5,0-1,REROUTED
32900000000,12,13,12-9-10-11-7-13,41130997.5737204403,5,0-1,REROUTED
33000000000,12,13,12-9-10-11-7-13,41130906.5460084304,5,0-1,REROUTED
33100000000,12,13,12-9-10-11-7-13,41130824.2527181432,5,0-1,REROUTED
33200000000,12,13,12-9-10-11-7-13,41130744.8253861442,5,0-1,REROUTED
33300000000,12,13,12-9-10-11-7-13,41130668.3469484150,5,0-1,REROUTED
33400000000,12,13,12-9-10-11-7-13,41130597.0963632017,5,0-1,REROUTED
33500000000,12,13,12-9-10-11-7-13,41130530.7171826288,5,0-1,REROUTED
33600000000,12,13,12-9-10-11-7-13,41130470.8195739090,5,0-1,REROUTED
33700000000,12,13,12-9-10-11-7-13,41130419.5318162888,5,0-1,REROUTED
33800000000,12,13,12-9-10-11-7-13,41130366.6290350556,5,0-1,REROUTED
33900000000,12,13,12-9-10-11-7-13,41130315.0130980760,5,0-1,REROUTED
34000000000,12,13,12-9-10-11-7-13,41130278.6684134901,5,0-1,REROUTED
34100000000,12,13,12-9-10-11-7-13,41130240.9123697430,5,0-1,REROUTED
34200000000,12,13,12-9-10-11-7-13,41130205.7789434865,5,0-1,REROUTED
34300000000,12,13,12-9-10-11-7-13,41130182.4035086930,5,0-1,REROUTED
34400000000,12,13,12-9-10-11-7-13,41130157.5926714092,5,0-1,REROUTED
34500000000,12,13,12-9-10-11-7-13,41130142.5058534890,5,0-1,REROUTED
34600000000,12,13,12-9-10-11-7-13,41130128.2463750169,5,0-1,REROUTED
34700000000,12,13,12-9-10-11-7-13,41130119.7589053884,5,0-1,REROUTED
34800000000,12,13,12-9-10-11-7-13,41130115.1820123345,5,0-1,REROUTED
34900000000,12,13,12-9-10-11-7-13,41130119.4206095338,5,0-1,REROUTED
35000000000,12,13,12-9-10-11-7-13,41130121.4348461181,5,0-1,REROUTED
35100000000,12,13,12-9-10-11-7-13,41130130.0807430446,5,0-1,REROUTED
35200000000,12,13,12-9-10-11-7-13,41130149.0500409976,5,0-1,REROUTED
35300000000,12,13,12-9-10-11-7-13,41130171.0294385254,5,0-1,REROUTED
35400000000,12,13,12-9-10-11-7-13,41130196.2222442180,5,0-1,REROUTED
35500000000,12,13,12-9-10-11-7-13,41130229.0146161616,5,0-1,REROUTED
35600000000,12,13,12-9-10-11-7-13,41130261.2043643072,5,0-1,REROUTED
35700000000,12,13,12-9-10-11-7-13,41130298.2658767328,5,0-1,REROUTED
35800000000,12,13,12-9-10-11-7-13,41130348.8810964748,5,0-1,REROUTED
35900000000,12,13,12-9-10-11-7-13,41130398.2099870890,5,0-1,REROUTED
36000000000,12,13,12-9-10-11-7-13,41130448.4984127358,5,0-1,REROUTED
36100000000,12,13,12-9-10-11-7-13,41130508.3850438371,5,0-1,REROUTED
36200000000,12,13,12-9-10-11-7-13,41130568.3578033075,5,0-1,REROUTED
36300000000,12,13,12-9-10-11-7-13,41130643.6069817767,5,0-1,REROUTED
36400000000,12,13,12-9-10-11-7-13,41130712.8468964472,5,0-1,REROUTED
36500000000,12,13,12-9-10-11-7-13,41130790.9595126137,5,0-1,REROUTED
36600000000,12,13,12-9-10-11-7-13,41130875.4981551766,5,0-1,REROUTED
36700000000,12,13,12-9-10-11-7-13,41130958.6402625367,5,0-1,REROUTED
36800000000,12,13,12-9-10-11-7-13,41131055.1791368723,5,0-1,REROUTED
36900000000,12,13,12-9-10-11-7-13,41131154.0459474549,5,0-1,REROUTED
37000000000,12,13,12-9-10-11-7-13,41131251.2078075856,5,0-1,REROUTED
37100000000,12,13,12-9-10-11-7-13,41131359.3340295255,5,0-1,REROUTED
37200000000,12,13,12-9-10-11-7-13,41131470.1267457604,5,0-1,REROUTED
37300000000,12,13,12-9-10-11-7-13,41131585.3001711965,5,0-1,REROUTED
37400000000,12,13,12-9-10-11-7-13,41131707.0292263553,5,0-1,REROUTED
37500000000,12,13,12-9-10-11-7-13,41131830.3414104581,5,0-1,REROUTED
37600000000,12,13,12-9-10-11-7-13,41131960.9313030317,5,0-1,REROUTED
37700000000,12,13,12-9-10-11-7-13,41132097.3977998793,5,0-1,REROUTED
37800000000,12,13,12-9-10-11-7-13,41132240.6878815368,5,0-1,REROUTED
37900000000,12,13,12-9-10-11-7-13,41132386.0067280680,5,0-1,REROUTED
38000000000,12,13,12-9-10-11-7-13,41132540.5117475241,5,0-1,REROUTED
38100000000,12,13,12-9-10-11-7-13,41132689.7959750965,5,0-1,REROUTED
38200000000,12,13,12-9-10-11-7-13,41132849.2634133697,5,0-1,REROUTED
38300000000,12,13,12-9-10-11-7-13,41133012.8286833912,5,0-1,REROUTED
38400000000,12,13,12-9-10-11-7-13,41133184.0500508696,5,0-1,REROUTED
38500000000,12,13,12-9-10-11-7-13,41133355.1937479600,5,0-1,REROUTED
38600000000,12,13,12-9-10-11-7-13,41133537.1823442429,5,0-1,REROUTED
38700000000,12,13,12-9-10-11-7-13,41133718.8610443994,5,0-1,REROUTED
38800000000,12,13,12-9-10-11-7-13,41133908.6099300832,5,0-1,REROUTED
38900000000,12,13,12-9-10-11-7-13,41134101.0551910847,5,0-1,REROUTED
39000000000,12,13,12-9-10-11-7-13,41134303.4909971580,5,0-1,REROUTED
39100000000,12,13,12-9-10-11-7-13,41134503.6965314224,5,0-1,REROUTED
39200000000,12,13,12-9-10-11-7-13,41134708.6681300476,5,0-1,REROUTED
39300000000,12,13,12-9-10-11-7-13,41134926.4862142429,5,0-1,REROUTED
39400000000,12,13,12-9-10-11-7-13,41135140.3121477887,5,0-1,REROUTED
39500000000,12,13,12-9-10-11-7-13,41135364.4230715781,5,0-1,REROUTED
39600000000,12,13,12-9-10-11-7-13,41135589.6619744897,5,0-1,REROUTED
39700000000,12,13,12-9-10-11-7-13,41135820.3057061955,5,0-1,REROUTED
39800000000,12,13,12-9-10-11-7-13,41136060.4856599942,5,0-1,REROUTED
39900000000,12,13,12-9-10-11-7-13,41136299.8148357272,5,0-1,REROUTED
40000000000,12,13,12-9-10-11-7-13,41136549.4254775420,5,0-1,REROUTED
40100000000,12,13,12-9-10-11-7-13,41136800.3347562924,5,0-1,REROUTED
40200000000,12,13,12-9-10-11-7-13,41137052.4360146374,5,0-1,REROUTED
40300000000,12,13,12-9-10-11-7-13,41137317.8819547817,5,0-1,REROUTED
40400000000,12,13,12-9-10-11-7-13,41137582.5746777132,5,0-1,REROUTED
40500000000,12,13,12-9-10-11-7-13,41137849.8460865021,5,0-1,REROUTED
40600000000,12,13,12-9-10-11-7-13,41138126.5082857087,5,0-1,REROUTED
40700000000,12,13,12-9-10-11-7-13,41138406.0698955506,5,0-1,REROUTED
40800000000,12,13,12-9-10-11-7-13,41138691.6464357823,5,0-1,REROUTED
40900000000,12,13,12-9-10-11-7-13,41138985.0126102939,5,0-1,REROUTED
41000000000,12,13,12-9-10-11-7-13,41139281.4726293460,5,0-1,REROUTED
41100000000,12,13,12-9-10-11-7-13,41139576.1315330565,5,0-1,REROUTED
41200000000,12,13,12-9-10-11-7-13,41139881.6148435622,5,0-1,REROUTED
41300000000,12,13,12-9-10-11-7-13,41140188.1364032030,5,0-1,REROUTED
41400000000,12,13,12-9-10-11-7-13,41140502.8851795048,5,0-1,REROUTED
41500000000,12,13,12-9-10-11-7-13,41140824.0163029730,5,0-1,REROUTED
41600000000,12,13,12-9-10-11-7-13,41141149.9673225209,5,0-1,REROUTED
41700000000,12,13,12-9-10-11-7-13,41141476.2571020946,5,0-1,REROUTED
41800000000,12,13,12-9-10-11-7-13,41141811.2998811901,5,0-1,REROUTED
41900000000,12,13,12-9-10-11-7-13,41142151.3202774599,5,0-1,REROUTED
42000000000,12,13,12-9-10-11-7-13,41142496.4808579981,5,0-1,REROUTED
42100000000,12,13,12-9-10-11-7-13,41142842.5708199590,5,0-1,REROUTED
42200000000,12,13,12-9-10-11-7-13,41143195.9196425229,5,0-1,REROUTED
42300000000,12,13,12-9-10-11-7-13,41143554.2600067332,5,0-1,REROUTED
42400000000,12,13,12-9-10-11-7-13,41143914.0023049936,5,0-1,REROUTED
42500000000,12,13,12-9-10-11-7-13,41144279.4463309869,5,0-1,REROUTED
42600000000,12,13,12-9-10-11-7-13,41144652.1167015508,5,0-1,REROUTED
42700000000,12,13,12-9-10-11-7-13,41145029.1905724481,5,0-1,REROUTED
42800000000,12,13,12-9-10-11-7-13,41145417.2294087932,5,0-1,REROUTED
42900000000,12,13,12-9-10-11-7-13,41145800.5024625212,5,0-1,REROUTED
43000000000,12,13,12-9-10-11-7-13,41146192.5585419387,5,0-1,REROUTED
43100000000,12,13,12-9-10-11-7-13,41146593.1099051982,5,0-1,REROUTED
43200000000,12,13,12-9-10-11-7-13,41146989.2040947825,5,0-1,REROUTED
43300000000,12,13,12-9-10-11-7-13,41147400.1260403767,5,0-1,REROUTED
43400000000,12,13,12-9-10-11-7-13,41147812.4113165662,5,0-1,REROUTED
43500000000,12,13,12-9-10-11-7-13,41148223.9251711518,5,0-1,REROUTED
43600000000,12,13,12-9-10-11-7-13,41148649.1796685234,5,0-1,REROUTED
43700000000,12,13,12-9-10-11-7-13,41149076.1418280005,5,0-1,REROUTED
43800000000,12,13,12-9-10-11-7-13,41149502.8459581882,5,0-1,REROUTED
43900000000,12,13,12-9-10-11-7-13,41149942.1235061660,5,0-1,REROUTED
44000000000,12,13,12-9-10-11-7-13,41150379.6020194367,5,0-1,REROUTED
44100000000,12,13,12-9-10-11-7-13,41150824.2711492032,5,0-1,REROUTED
44200000000,12,13,12-9-10-11-7-13,41151279.4525505453,5,0-1,REROUTED
44300000000,12,13,12-9-10-11-7-13,41151730.5387101397,5,0-1,REROUTED
44400000000,12,13,12-9-10-11-7-13,41152194.0983671322,5,0-1,REROUTED
44500000000,12,13,12-9-10-11-7-13,41152657.6462036893,5,0-1,REROUTED
44600000000,12,13,12-9-10-11-7-13,41153131.9792120308,5,0-1,REROUTED
44700000000,12,13,12-9-10-11-7-13,41153602.0342082232,5,0-1,REROUTED
44800000000,12,13,12-9-10-11-7-13,41154082.5213294998,5,0-1,REROUTED
44900000000,12,13,12-9-10-11-7-13,41154570.1203298941,5,0-1,REROUTED
45000000000,12,13,12-9-10-11-7-13,41155057.2559185326,5,0-1,REROUTED
45100000000,12,13,12-9-10-11-7-13,41155549.2622567937,5,0-1,REROUTED
45200000000,12,13,12-9-10-11-7-13,41156048.7256014720,5,0-1,REROUTED
45300000000,12,13,12-9-10-11-7-13,41156553.4680556133,5,0-1,REROUTED
45400000000,12,13,12-9-10-11-7-13,41157067.4033345878,5,0-1,REROUTED
45500000000,12,13,12-9-10-11-7-13,41157581.5687375069,5,0-1,REROUTED
45600000000,12,13,12-9-10-11-7-13,41158099.1583047584,5,0-1,REROUTED
45700000000,12,13,12-9-10-11-7-13,41158617.6432556808,5,0-1,REROUTED
45800000000,12,13,12-9-10-11-7-13,41159146.8264161497,5,0-1,REROUTED
45900000000,12,13,12-9-10-11-7-13,41159681.4567805007,5,0-1,REROUTED
46000000000,12,13,12-9-10-11-7-13,41160218.8182873130,5,0-1,REROUTED
46100000000,12,13,12-9-10-11-7-13,41160767.9566119313,5,0-1,REROUTED
46200000000,12,13,12-9-10-11-7-13,41161311.3102913424,5,0-1,REROUTED
46300000000,12,13,12-9-10-11-7-13,41161868.3718264922,5,0-1,REROUTED
46400000000,12,13,12-9-10-11-7-13,41162425.1289501265,5,0-1,REROUTED
46500000000,12,13,12-9-10-11-7-13,41162988.3870756999,5,0-1,REROUTED
46600000000,12,13,12-9-10-11-7-13,41163552.6189047843,5,0-1,REROUTED
46700000000,12,13,12-9-10-11-7-13,41164127.9461972266,5,0-1,REROUTED
46800000000,12,13,12-9-10-11-7-13,41164705.5863692462,5,0-1,REROUTED
46900000000,12,13,12-9-10-11-7-13,41165288.9401020035,5,0-1,REROUTED
47000000000,12,13,12-9-10-11-7-13,41165879.4680710509,5,0-1,REROUTED
47100000000,12,13,12-9-10-11-7-13,41166472.5055005923,5,0-1,REROUTED
47200000000,12,13,12-9-10-11-7-13,41167068.1612130180,5,0-1,REROUTED
47300000000,12,13,12-9-10-11-7-13,41167668.2750682011,5,0-1,REROUTED
47400000000,12,13,12-9-10-11-7-13,41168273.8633904308,5,0-1,REROUTED
47500000000,12,13,12-9-10-11-7-13,41168888.6337599084,5,0-1,REROUTED
47600000000,12,13,12-9-10-11-7-13,41169507.3952012956,5,0-1,REROUTED
47700000000,12,13,12-9-10-11-7-13,41170128.1606531516,5,0-1,REROUTED
47800000000,12,13,12-9-10-11-7-13,41170757.6981955916,5,0-1,REROUTED
47900000000,12,13,12-9-10-11-7-13,41171389.6245637834,5,0-1,REROUTED
48000000000,12,13,12-9-10-11-7-13,41172024.7327120751,5,0-1,REROUTED
48100000000,12,13,12-9-10-11-7-13,41172667.4530430213,5,0-1,REROUTED
48200000000,12,13,12-9-10-11-7-13,41173312.9321856275,5,0-1,REROUTED
48300000000,12,13,12-9-10-11-7-13,41173962.7817795351,5,0-1,REROUTED
48400000000,12,13,12-9-10-11-7-13,41174624.5847060233,5,0-1,REROUTED
48500000000,12,13,12-9-10-11-7-13,41175282.8560365364,5,0-1,REROUTED
48600000000,12,13,12-9-10-11-7-13,41175949.7751893178,5,0-1,REROUTED
48700000000,12,13,12-9-10-11-7-13,41176622.4397496581,5,0-1,REROUTED
48800000000,12,13,12-9-10-11-7-13,41177294.7762191519,5,0-1,REROUTED
48900000000,12,13,12-9-10-11-7-13,41177977.1429433823,5,0-1,REROUTED
49000000000,12,13,12-9-10-11-7-13,41178665.9050979093,5,0-1,REROUTED
49100000000,12,13,12-9-10-11-7-13,41179353.8469310775,5,0-1,REROUTED
49200000000,12,13,12-9-10-11-7-13,41180051.6229452193,5,0-1,REROUTED
49300000000,12,13,12-9-10-11-7-13,41180751.8224946484,5,0-1,REROUTED
49400000000,12,13,12-9-10-11-7-13,41181457.1244466603,5,0-1,REROUTED
49500000000,12,13,12-9-10-11-7-13,41182174.1758534014,5,0-1,REROUTED
49600000000,12,13,12-9-10-11-7-13,41182886.5836793929,5,0-1,REROUTED
49700000000,12,13,12-9-10-11-7-13,41183605.0792980492,5,0-1,REROUTED
49800000000,12,13,12-9-10-11-7-13,41184331.9636967257,5,0-1,REROUTED
49900000000,12,13,12-9-10-11-7-13,41185062.7716762349,5,0-1,REROUTED
50000000000,12,13,12-9-10-11-7-13,41185798.6550438702,5,0-1,REROUTED
50100000000,12,13,12-9-10-11-7-13,41186538.5056698397,5,0-1,REROUTED
50200000000,12,13,12-9-10-11-7-13,41187286.6575461850,5,0-1,REROUTED
50300000000,12,13,12-9-10-11-7-13,41188032.0842607319,5,0-1,REROUTED
50400000000,12,13,12-9-10-11-7-13,41188788.6166917235,5,0-1,REROUTED
50500000000,12,13,12-9-10-11-7-13,41189553.0452189818,5,0-1,REROUTED
50600000000,12,13,12-9-10-11-7-13,41190320.7928666547,5,0-1,REROUTED
50700000000,12,13,12-9-10-11-7-13,41191091.4902044162,5,0-1,REROUTED
50800000000,12,13,12-9-10-11-7-13,41191865.0420034006,5,0-1,REROUTED
50900000000,12,13,12-9-10-11-7-13,41192644.5443583801,5,0-1,REROUTED
51000000000,12,13,12-9-10-11-7-13,41193433.8082896397,5,0-1,REROUTED
51100000000,12,13,12-9-10-11-7-13,41194220.5884659886,5,0-1,REROUTED
51200000000,12,13,12-9-10-11-7-13,41195019.6297471374,5,0-1,REROUTED
51300000000,12,13,12-9-10-11-7-13,41195815.4367068708,5,0-1,REROUTED
51400000000,12,13,12-9-10-11-7-13,41196623.4555279240,5,0-1,REROUTED
51500000000,12,13,12-9-10-11-7-13,41197432.6801242530,5,0-1,REROUTED
51600000000,12,13,12-9-10-11-7-13,41198244.4932541326,5,0-1,REROUTED
51700000000,12,13,12-9-10-11-7-13,41199063.8406911120,5,0-1,REROUTED
51800000000,12,13,12-9-10-11-7-13,41199887.3948227316,5,0-1,REROUTED
51900000000,12,13,12-9-10-11-7-13,41200722.2070451751,5,0-1,REROUTED
52000000000,12,13,12-9-10-11-7-13,41201560.0350322053,5,0-1,REROUTED
52100000000,12,13,12-9-10-11-7-13,41202395.8478744850,5,0-1,REROUTED
52200000000,12,13,12-9-10-11-7-13,41203238.1454487965,5,0-1,REROUTED
52300000000,12,13,12-9-10-11-7-13,41204092.1453886479,5,0-1,REROUTED
52400000000,12,13,12-9-10-11-7-13,41204949.7057384923,5,0-1,REROUTED
52500000000,12,13,12-9-10-11-7-13,41205805.3487983793,5,0-1,REROUTED
52600000000,12,13,12-9-10-11-7-13,41206674.6049236059,5,0-1,REROUTED
52700000000,12,13,12-9-10-11-7-13,41207546.2927365825,5,0-1,REROUTED
52800000000,12,13,12-9-10-11-7-13,41208416.0273480639,5,0-1,REROUTED
52900000000,12,13,12-9-10-11-7-13,41209294.6211506948,5,0-1,REROUTED
53000000000,12,13,12-9-10-11-7-13,41210178.4562259018,5,0-1,REROUTED
53100000000,12,13,12-9-10-11-7-13,41211070.3736570030,5,0-1,REROUTED
53200000000,12,13,12-9-10-11-7-13,41211966.9161411449,5,0-1,REROUTED
53300000000,12,13,12-9-10-11-7-13,41212864.8831965327,5,0-1,REROUTED
53400000000,12,13,12-9-10-11-7-13,41213771.5210917667,5,0-1,REROUTED
53500000000,12,13,12-9-10-11-7-13,41214681.2987159565,5,0-1,REROUTED
53600000000,12,13,12-9-10-11-7-13,41215599.6114167571,5,0-1,REROUTED
53700000000,12,13,12-9-10-11-7-13,41216514.3404078260,5,0-1,REROUTED
53800000000,12,13,12-9-10-11-7-13,41217440.8193146437,5,0-1,REROUTED
53900000000,12,13,12-9-10-11-7-13,41218368.0350508317,5,0-1,REROUTED
54000000000,12,13,12-9-10-11-7-13,41219305.1198985055,5,0-1,REROUTED
54100000000,12,13,12-9-10-11-7-13,41220243.3381702676,5,0-1,REROUTED
54200000000,12,13,12-9-10-11-7-13,41221188.7807608321,5,0-1,REROUTED
54300000000,12,13,12-9-10-11-7-13,41222143.5348924622,5,0-1,REROUTED
54400000000,12,13,12-9-10-11-7-13,41223091.3060509861,5,0-1,REROUTED
54500000000,12,13,12-9-10-11-7-13,41224052.7707580179,5,0-1,REROUTED
54600000000,12,13,12-9-10-11-7-13,41225023.4730897471,5,0-1,REROUTED
54700000000,12,13,12-9-10-11-7-13,41225990.1430473700,5,0-1,REROUTED
54800000000,12,13,12-9-10-11-7-13,41226964.8763772845,5,0-1,REROUTED
54900000000,12,13,12-9-10-11-7-13,41227941.1500777230,5,0-1,REROUTED
55000000000,12,13,12-9-10-11-7-13,41228931.2321276590,5,0-1,REROUTED
55100000000,12,13,12-9-10-11-7-13,41229918.4929019064,5,0-1,REROUTED
55200000000,12,13,12-9-10-11-7-13,41230915.7123069912,5,0-1,REROUTED
55300000000,12,13,12-9-10-11-7-13,41231912.6570568308,5,0-1,REROUTED
55400000000,12,13,12-9-10-11-7-13,41232920.8124624789,5,0-1,REROUTED
55500000000,12,13,12-9-10-11-7-13,41233929.7184973806,5,0-1,REROUTED
55600000000,12,13,12-9-10-11-7-13,41234948.5709603205,5,0-1,REROUTED
55700000000,12,13,12-9-10-11-7-13,41235964.1555090100,5,0-1,REROUTED
55800000000,12,13,12-9-10-11-7-13,41236991.4159123525,5,0-1,REROUTED
55900000000,12,13,12-9-10-11-7-13,41238021.6298362538,5,0-1,REROUTED
56000000000,12,13,12-9-10-11-7-13,41239052.8247080222,5,0-1,REROUTED
56100000000,12,13,12-9-10-11-7-13,41240095.4854176268,5,0-1,REROUTED
56200000000,12,13,12-9-10-11-7-13,41241142.1596520841,5,0-1,REROUTED
56300000000,12,13,12-9-10-11-7-13,41242191.7395654395,5,0-1,REROUTED
56400000000,12,13,12-9-10-11-7-13,41243244.8812068775,5,0-1,REROUTED
56500000000,12,13,12-9-10-11-7-13,41244304.1831830740,5,0-1,REROUTED
56600000000,12,13,12-9-10-11-7-13,41245371.5327487290,5,0-1,REROUTED
56700000000,12,13,12-9-10-11-7-13,41246440.9550623372,5,0-1,REROUTED
56800000000,12,13,12-9-10-11-7-13,41247516.2920399904,5,0-1,REROUTED
56900000000,12,13,12-9-10-11-7-13,41248599.9461361319,5,0-1,REROUTED
57000000000,12,13,12-9-10-11-7-13,41249681.2594586611,5,0-1,REROUTED
57100000000,12,13,12-9-10-11-7-13,41250772.2081772164,5,0-1,REROUTED
57200000000,12,13,12-9-10-11-7-13,41251869.2698313892,5,0-1,REROUTED
57300000000,12,13,12-9-10-11-7-13,41252970.6352805346,5,0-1,REROUTED
57400000000,12,13,12-9-10-11-7-13,41254075.2996857464,5,0-1,REROUTED
57500000000,12,13,12-9-10-11-7-13,41255186.2547301874,5,0-1,REROUTED
57600000000,12,13,12-9-10-11-7-13,41256301.5800428912,5,0-1,REROUTED
57700000000,12,13,12-9-10-11-7-13,41257424.2388450801,5,0-1,REROUTED
57800000000,12,13,12-9-10-11-7-13,41258546.5725233629,5,0-1,REROUTED
57900000000,12,13,12-9-10-11-7-13,41259678.6581949443,5,0-1,REROUTED
58000000000,12,13,12-9-10-11-7-13,41260815.9022081569,5,0-1,REROUTED
58100000000,12,13,12-9-10-11-7-13,41261956.5535302162,5,0-1,REROUTED
58200000000,12,13,12-9-10-11-7-13,41263102.0779878274,5,0-1,REROUTED
58300000000,12,13,12-9-10-11-7-13,41264257.4166502804,5,0-1,REROUTED
58400000000,12,13,12-9-10-11-7-13,41265410.6322332397,5,0-1,REROUTED
58500000000,12,13,12-9-10-11-7-13,41266575.0068124458,5,0-1,REROUTED
58600000000,12,13,12-9-10-11-7-13,41267737.6078519821,5,0-1,REROUTED
58700000000,12,13,12-9-10-11-7-13,41268907.0106048062,5,0-1,REROUTED
58800000000,12,13,12-9-10-11-7-13,41270088.0959372520,5,0-1,REROUTED
58900000000,12,13,12-9-10-11-7-13,41271266.5253133848,5,0-1,REROUTED
59000000000,12,13,12-9-10-11-7-13,41272455.1380835623,5,0-1,REROUTED
59100000000,12,13,12-9-10-11-7-13,41273648.9320584089,5,0-1,REROUTED
59200000000,12,13,12-9-10-11-7-13,41274840.7670617327,5,0-1,REROUTED
59300000000,12,13,12-9-10-11-7-13,41276045.3302214146,5,0-1,REROUTED
59400000000,12,13,12-9-10-11-7-13,41277246.8819945231,5,0-1,REROUTED
59500000000,12,13,12-9-10-11-7-13,41278457.7215584591,5,0-1,REROUTED
59600000000,12,13,12-9-10-11-7-13,41279676.5163730234,5,0-1,REROUTED
59700000000,12,13,12-9-10-11-7-13,41280903.5853006095,5,0-1,REROUTED
59800000000,12,13,12-9-10-11-7-13,41282128.4509057328,5,0-1,REROUTED
59900000000,12,13,12-9-10-11-7-13,41283359.8434830233,5,0-1,REROUTED
60000000000,12,13,12-9-10-11-7-13,41284595.9397452399,5,0-1,REROUTED
60100000000,12,13,12-9-10-11-7-13,41285837.4800416604,5,0-1,REROUTED
60200000000,12,13,12-9-10-11-7-13,41287086.7667217627,5,0-1,REROUTED
60300000000,12,13,12-9-10-11-7-13,41288338.0117715895,5,0-1,REROUTED
60400000000,12,13,12-9-10-11-7-13,41289595.2121230513,5,0-1,REROUTED
60500000000,12,13,12-9-10-11-7-13,41290859.9972854406,5,0-1,REROUTED
60600000000,12,13,12-9-10-11-7-13,41292122.9944490418,5,0-1,REROUTED
60700000000,12,13,12-9-10-11-7-13,41293396.0272838697,5,0-1,REROUTED
60800000000,12,13,12-9-10-11-7-13,41294677.5997104496,5,0-1,REROUTED
60900000000,12,13,12-9-10-11-7-13,41295962.2347973734,5,0-1,REROUTED
61000000000,12,13,12-9-10-11-7-13,41297248.4909098521,5,0-1,REROUTED
61100000000,12,13,12-9-10-11-7-13,41298545.2546068057,5,0-1,REROUTED
61200000000,12,13,12-9-10-11-7-13,41299835.2882352397,5,0-1,REROUTED
61300000000,12,13,12-9-10-11-7-13,41301142.9060188085,5,0-1,REROUTED
61400000000,12,13,12-9-10-11-7-13,41302451.8326292410,5,0-1,REROUTED
61500000000,12,13,12-9-10-11-7-13,41303764.8851271644,5,0-1,REROUTED
61600000000,12,13,12-9-10-11-7-13,41305080.5071151108,5,0-1,REROUTED
61700000000,12,13,12-9-10-11-7-13,41306405.6516174451,5,0-1,REROUTED
61800000000,12,13,12-9-10-11-7-13,41307731.4018776789,5,0-1,REROUTED
61900000000,12,13,12-9-10-11-7-13,41309068.4547120109,5,0-1,REROUTED
62000000000,12,13,12-9-10-11-7-13,41310405.9112337083,5,0-1,REROUTED
62100000000,12,13,12-9-10-11-7-13,41311750.5959318727,5,0-1,REROUTED
62200000000,12,13,12-9-10-11-7-13,41313102.1015842631,5,0-1,REROUTED
62300000000,12,13,12-9-10-11-7-13,41314452.6125791296,5,0-1,REROUTED
62400000000,12,13,12-9-10-11-7-13,41315813.8476700038,5,0-1,REROUTED
62500000000,12,13,12-9-10-11-7-13,41317176.5098109916,5,0-1,REROUTED
62600000000,12,13,12-9-10-11-7-13,41318546.4078398123,5,0-1,REROUTED
62700000000,12,13,12-9-10-11-7-13,41319917.4926787093,5,0-1,REROUTED
62800000000,12,13,12-9-10-11-7-13,41321300.2443271726,5,0-1,REROUTED
62900000000,12,13,12-9-10-11-7-13,41322683.1838321537,5,0-1,REROUTED
63000000000,12,13,12-9-10-11-7-13,41324076.4090421945,5,0-1,REROUTED
63100000000,12,13,12-9-10-11-7-13,41325469.9140320048,5,0-1,REROUTED
63200000000,12,13,12-9-10-11-7-13,41326875.5002262145,5,0-1,REROUTED
63300000000,12,13,12-9-10-11-7-13,41328272.3016580939,5,0-1,REROUTED
63400000000,12,13,12-9-10-11-7-13,41329685.9877543822,5,0-1,REROUTED
63500000000,12,13,12-9-10-11-7-13,41331105.2688538507,5,0-1,REROUTED
63600000000,12,13,12-9-10-11-7-13,41332520.9256325737,5,0-1,REROUTED
63700000000,12,13,12-9-10-11-7-13,41333945.2573664412,5,0-1,REROUTED
63800000000,12,13,12-9-10-11-7-13,41335376.3059337139,5,0-1,REROUTED
63900000000,12,13,12-9-10-11-7-13,41336812.2397922426,5,0-1,REROUTED
64000000000,12,13,12-9-10-11-7-13,41338254.2041686550,5,0-1,REROUTED
64100000000,12,13,12-9-10-11-7-13,41339700.6964109913,5,0-1,REROUTED
64200000000,12,13,12-9-10-11-7-13,41341149.9043646604,5,0-1,REROUTED
64300000000,12,13,12-9-10-11-7-13,41342606.2926066145,5,0-1,REROUTED
64400000000,12,13,12-9-10-11-7-13,41344072.8232422620,5,0-1,REROUTED
64500000000,12,13,12-9-10-11-7-13,41345536.1466961801,5,0-1,REROUTED
64600000000,12,13,12-9-10-11-7-13,41347008.4809921905,5,0-1,REROUTED
64700000000,12,13,12-9-10-11-7-13,41348481.8684554920,5,0-1,REROUTED
64800000000,12,13,12-9-10-11-7-13,41349963.7193143144,5,0-1,REROUTED
64900000000,12,13,12-9-10-11-7-13,41351456.0438644886,5,0-1,REROUTED
65000000000,12,13,12-9-10-11-7-13,41352948.0366934612,5,0-1,REROUTED
65100000000,12,13,12-9-10-11-7-13,41354446.8892027363,5,0-1,REROUTED
65200000000,12,13,12-9-10-11-7-13,41355948.2671555057,5,0-1,REROUTED
65300000000,12,13,12-9-10-11-7-13,41357455.1422867626,5,0-1,REROUTED
65400000000,12,13,12-9-10-11-7-13,41358962.7952083498,5,0-1,REROUTED
65500000000,12,13,12-9-10-11-7-13,41360482.2923317403,5,0-1,REROUTED
65600000000,12,13,12-9-10-11-7-13,41362004.3718054369,5,0-1,REROUTED
65700000000,12,13,12-9-10-11-7-13,41363535.6737203300,5,0-1,REROUTED
65800000000,12,13,12-9-10-11-7-13,41365070.8573746085,5,0-1,REROUTED
65900000000,12,13,12-9-10-11-7-13,41366605.4417881146,5,0-1,REROUTED
66000000000,12,13,12-9-10-11-7-13,41368149.6812717468,5,0-1,REROUTED
66100000000,12,13,12-9-10-11-7-13,41369700.0948826522,5,0-1,REROUTED
66200000000,12,13,12-9-10-11-7-13,41371254.3430622891,5,0-1,REROUTED
66300000000,12,13,12-9-10-11-7-13,41372813.0294911191,5,0-1,REROUTED
66400000000,12,13,12-9-10-11-7-13,41374372.2153349593,5,0-1,REROUTED
66500000000,12,13,12-9-10-11-7-13,41375946.3727377579,5,0-1,REROUTED
66600000000,12,13,12-9-10-11-7-13,41377517.1819215715,5,0-1,REROUTED
66700000000,12,13,12-9-10-11-7-13,41379093.0402786806,5,0-1,REROUTED
66800000000,12,13,12-9-10-11-7-13,41380680.8204946667,5,0-1,REROUTED
66900000000,12,13,12-9-10-11-7-13,41382274.3817124069,5,0-1,REROUTED
67000000000,12,13,12-9-10-11-7-13,41383863.9948932230,5,0-1,REROUTED
67100000000,12,13,12-9-10-11-7-13,41385463.9650353640,5,0-1,REROUTED
67200000000,12,13,12-9-10-11-7-13,41387071.4820063561,5,0-1,REROUTED
67300000000,12,13,12-9-10-11-7-13,41388682.6243931428,5,0-1,REROUTED
67400000000,12,13,12-9-10-11-7-13,41390295.3111756518,5,0-1,REROUTED
67500000000,12,13,12-9-10-11-7-13,41391919.9267489016,5,0-1,REROUTED
67600000000,12,13,12-9-10-11-7-13,41393544.5586686656,5,0-1,REROUTED
67700000000,12,13,12-9-10-11-7-13,41395174.5402158275,5,0-1,REROUTED
67800000000,12,13,12-9-10-11-7-13,41396809.3871911839,5,0-1,REROUTED
67900000000,12,13,12-9-10-11-7-13,41398454.8549695611,5,0-1,REROUTED
68000000000,12,13,12-9-10-11-7-13,41400094.7243192792,5,0-1,REROUTED
68100000000,12,13,12-9-10-11-7-13,41401745.8176604658,5,0-1,REROUTED
68200000000,12,13,12-9-10-11-7-13,41403409.0720603690,5,0-1,REROUTED
68300000000,12,13,12-9-10-11-7-13,41405068.6709738076,5,0-1,REROUTED
68400000000,12,13,12-9-10-11-7-13,41406730.0206511915,5,0-1,REROUTED
68500000000,12,13,12-9-10-11-7-13,41408409.9986110702,5,0-1,REROUTED
68600000000,12,13,12-9-10-11-7-13,41410085.7794254497,5,0-1,REROUTED
68700000000,12,13,12-9-10-11-7-13,41411766.4215944186,5,0-1,REROUTED
68800000000,12,13,12-9-10-11-7-13,41413451.3194873333,5,0-1,REROUTED
68900000000,12,13,12-9-10-11-7-13,41415142.5353580117,5,0-1,REROUTED
69000000000,12,13,12-9-10-11-7-13,41416847.6171904728,5,0-1,REROUTED
69100000000,12,13,12-9-10-11-7-13,41418548.9716735706,5,0-1,REROUTED
69200000000,12,13,12-9-10-11-7-13,41420256.3170109466,5,0-1,REROUTED
69300000000,12,13,12-9-10-11-7-13,41421971.4245767817,5,0-1,REROUTED
69400000000,12,13,12-9-10-11-7-13,41423688.4178437218,5,0-1,REROUTED
69500000000,12,13,12-9-10-11-7-13,41425408.9720873833,5,0-1,REROUTED
69600000000,12,13,12-9-10-11-7-13,41427137.2917537689,5,0-1,REROUTED
69700000000,12,13,12-9-10-11-7-13,41428878.3750071228,5,0-1,REROUTED
69800000000,12,13,12-9-10-11-7-13,41430614.5690300390,5,0-1,REROUTED
69900000000,12,13,12-9-10-11-7-13,41432357.5053059980,5,0-1,REROUTED
70000000000,12,13,12-9-10-11-7-13,41434108.0052002743,5,0-1,REROUTED
70100000000,12,13,12-9-10-11-7-13,41435864.8308292702,5,0-1,REROUTED
70200000000,12,13,12-9-10-11-7-13,41437622.6777568534,5,0-1,REROUTED
70300000000,12,13,12-9-10-11-7-13,41439389.6532144397,5,0-1,REROUTED
70400000000,12,13,12-9-10-11-7-13,41441160.9477868751,5,0-1,REROUTED
70500000000,12,13,12-9-10-11-7-13,41442934.8102772981,5,0-1,REROUTED
70600000000,12,13,12-9-10-11-7-13,41444711.8198875561,5,0-1,REROUTED
70700000000,12,13,12-9-10-11-7-13,41446499.7726046816,5,0-1,REROUTED
70800000000,12,13,12-9-10-11-7-13,41448291.9625654891,5,0-1,REROUTED
70900000000,12,13,12-9-10-11-7-13,41450086.3550200537,5,0-1,REROUTED
71000000000,12,13,12-9-10-11-7-13,41451888.0912642330,5,0-1,REROUTED
71100000000,12,13,12-9-10-11-7-13,41453697.9420123771,5,0-1,REROUTED
71200000000,12,13,12-9-10-11-7-13,41455506.3782923594,5,0-1,REROUTED
71300000000,12,13,12-9-10-11-7-13,41457323.1778845116,5,0-1,REROUTED
71400000000,12,13,12-9-10-11-7-13,41459141.5024341643,5,0-1,REROUTED
71500000000,12,13,12-9-10-11-7-13,41460976.9021927118,5,0-1,REROUTED
71600000000,12,13,12-9-10-11-7-13,41462804.4572580680,5,0-1,REROUTED
71700000000,12,13,12-9-10-11-7-13,41464639.4470215589,5,0-1,REROUTED
71800000000,12,13,12-9-10-11-7-13,41466485.9398900568,5,0-1,REROUTED
71900000000,12,13,12-9-10-11-7-13,41468331.9249792770,5,0-1,REROUTED
72000000000,12,13,12-9-10-11-7-13,41470186.2152177989,5,0-1,REROUTED
72100000000,12,13,12-9-10-11-7-13,41472040.7435625270,5,0-1,REROUTED
72200000000,12,13,12-9-10-11-7-13,41473904.3493554816,5,0-1,REROUTED
72300000000,12,13,12-9-10-11-7-13,41475775.4896883070,5,0-1,REROUTED
72400000000,12,13,12-9-10-11-7-13,41477653.8250349537,5,0-1,REROUTED
72500000000,12,13,12-9-10-11-7-13,41479531.3473677263,5,0-1,REROUTED
72600000000,12,13,12-9-10-11-7-13,41481408.3857188672,5,0-1,REROUTED
72700000000,12,13,12-9-10-11-7-13,41483303.8031048402,5,0-1,REROUTED
72800000000,12,13,12-9-10-11-7-13,41485193.5209050924,5,0-1,REROUTED
72900000000,12,13,12-9-10-11-7-13,41487096.5586296096,5,0-1,REROUTED
73000000000,12,13,12-9-10-11-7-13,41489002.4391836673,5,0-1,REROUTED
73100000000,12,13,12-9-10-11-7-13,41490911.0343857706,5,0-1,REROUTED
73200000000,12,13,12-9-10-11-7-13,41492823.7418176234,5,0-1,REROUTED
73300000000,12,13,12-9-10-11-7-13,41494745.9129982814,5,0-1,REROUTED
73400000000,12,13,12-9-10-11-7-13,41496671.0847121775,5,0-1,REROUTED
73500000000,12,13,12-9-10-11-7-13,41498602.5044804737,5,0-1,REROUTED
73600000000,12,13,12-9-10-11-7-13,41500539.1417908818,5,0-1,REROUTED
73700000000,12,13,12-9-10-11-7-13,41502478.8661613837,5,0-1,REROUTED
73800000000,12,13,12-9-10-11-7-13,41504425.9062962607,5,0-1,REROUTED
73900000000,12,13,12-9-10-11-7-13,41506378.8857609183,5,0-1,REROUTED
74000000000,12,13,12-9-10-11-7-13,41508336.2591840923,5,0-1,REROUTED
74100000000,12,13,12-9-10-11-7-13,41510297.9619512483,5,0-1,REROUTED
74200000000,12,13,12-9-10-11-7-13,41512264.8019850180,5,0-1,REROUTED
74300000000,12,13,12-4-3-2-5-13,42043769.6967617199,5,0-1,REROUTED
74400000000,12,13,12-4-3-2-5-13,42046076.3987224400,5,0-1,REROUTED
74500000000,12,13,12-4-3-2-5-13,42048379.1016595960,5,0-1,REROUTED
74600000000,12,13,12-4-3-2-5-13,42050694.8985312507,5,0-1,REROUTED
74700000000,12,13,12-4-3-2-5-13,42053011.7869066671,5,0-1,REROUTED
74800000000,12,13,12-4-3-2-5-13,42055330.6328993142,5,0-1,REROUTED
74900000000,12,13,12-4-3-2-5-13,42057652.7313252091,5,0-1,REROUTED
75000000000,12,13,12-4-3-2-5-13,42059982.3917118981,5,0-1,REROUTED
75100000000,12,13,12-4-3-2-5-13,42062318.3826861233,5,0-1,REROUTED
75200000000,12,13,12-4-3-2-5-13,42064655.8714954704,5,0-1,REROUTED
75300000000,12,13,12-4-3-2-5-13,42066999.4900199249,5,0-1,REROUTED
75400000000,12,13,12-4-3-2-5-13,42069345.6750303581,5,0-1,REROUTED
75500000000,12,13,12-4-3-2-5-13,42071702.0584586039,5,0-1,REROUTED
75600000000,12,13,12-4-3-2-5-13,42074052.5609699339,5,0-1,REROUTED
75700000000,12,13,12-4-3-2-5-13,42076415.0072687715,5,0-1,REROUTED
75800000000,12,13,12-4-3-2-5-13,42078781.1663844436,5,0-1,REROUTED
75900000000,12,13,12-4-3-2-5-13,42081149.1033868939,5,0-1,REROUTED
76000000000,12,13,12-4-3-2-5-13,42083524.3424808607,5,0-1,REROUTED
76100000000,12,13,12-4-3-2-5-13,42085902.8480100334,5,0-1,REROUTED
76200000000,12,13,12-4-3-2-5-13,42088284.0170491189,5,0-1,REROUTED
76300000000,12,13,12-4-3-2-5-13,42090670.7866447270,5,0-1,REROUTED
76400000000,12,13,12-4-3-2-5-13,42093061.2165458277,5,0-1,REROUTED
76500000000,12,13,12-4-3-2-5-13,42095452.9831367731,5,0-1,REROUTED
76600000000,12,13,12-4-3-2-5-13,42097855.6391832829,5,0-1,REROUTED
76700000000,12,13,12-4-3-2-5-13,42100260.8563488200,5,0-1,REROUTED
76800000000,12,13,12-4-3-2-5-13,42102666.0681470633,5,0-1,REROUTED
76900000000,12,13,12-4-3-2-5-13,42105080.8495594263,5,0-1,REROUTED
77000000000,12,13,12-4-3-2-5-13,42107496.9070864990,5,0-1,REROUTED
77100000000,12,13,12-4-3-2-5-13,42109915.6063261554,5,0-1,REROUTED
77200000000,12,13,12-4-3-2-5-13,42112342.7831067666,5,0-1,REROUTED
77300000000,12,13,12-4-3-2-5-13,42114773.8005288616,5,0-1,REROUTED
77400000000,12,13,12-4-3-2-5-13,42117208.7746853381,5,0-1,REROUTED
77500000000,12,13,12-4-3-2-5-13,42119644.8301056921,5,0-1,REROUTED
77600000000,12,13,12-4-3-2-5-13,42122090.4212159961,5,0-1,REROUTED
77700000000,12,13,12-4-3-2-5-13,42124540.8235172778,5,0-1,REROUTED
77800000000,12,13,12-4-3-2-5-13,42126986.1982826442,5,0-1,REROUTED
77900000000,12,13,12-4-3-2-5-13,42129442.6582363695,5,0-1,REROUTED
78000000000,12,13,12-4-3-2-5-13,42131907.1809486598,5,0-1,REROUTED
78100000000,12,13,12-4-3-2-5-13,42134365.7854584455,5,0-1,REROUTED
78200000000,12,13,12-4-3-2-5-13,42136839.5629366264,5,0-1,REROUTED
78300000000,12,13,12-4-3-2-5-13,42139315.5713505670,5,0-1,REROUTED
78400000000,12,13,12-4-3-2-5-13,42141793.9633921236,5,0-1,REROUTED
78500000000,12,13,12-4-3-2-5-13,42144272.9971989319,5,0-1,REROUTED
78600000000,12,13,12-4-3-2-5-13,42146761.3658010587,5,0-1,REROUTED
78700000000,12,13,12-4-3-2-5-13,42149250.3920900822,5,0-1,REROUTED
78800000000,12,13,12-4-3-2-5-13,42151746.1342787668,5,0-1,REROUTED
78900000000,12,13,12-4-3-2-5-13,42154250.5776516348,5,0-1,REROUTED
79000000000,12,13,12-4-3-2-5-13,42156748.0904229507,5,0-1,REROUTED
79100000000,12,13,12-4-3-2-5-13,42159256.6457394958,5,0-1,REROUTED
79200000000,12,13,12-4-3-2-5-13,42161774.5288489312,5,0-1,REROUTED
79300000000,12,13,12-4-3-2-5-13,42164286.1040482447,5,0-1,REROUTED
79400000000,12,13,12-4-3-2-5-13,42166810.0793996304,5,0-1,REROUTED
79500000000,12,13,12-4-3-2-5-13,42169334.9287200496,5,0-1,REROUTED
79600000000,12,13,12-4-3-2-5-13,42171868.4519289955,5,0-1,REROUTED
79700000000,12,13,12-4-3-2-5-13,42174396.9604388177,5,0-1,REROUTED
79800000000,12,13,12-4-3-2-5-13,42176935.0987449214,5,0-1,REROUTED
79900000000,12,13,12-4-3-2-5-13,42179477.9452086091,5,0-1,REROUTED
80000000000,12,13,12-4-3-2-5-13,42182027.9494596645,5,0-1,REROUTED
80100000000,12,13,12-4-3-2-5-13,42184577.5751400366,5,0-1,REROUTED
80200000000,12,13,12-4-3-2-5-13,42187134.9517303407,5,0-1,REROUTED
80300000000,12,13,12-4-3-2-5-13,42189696.2934671044,5,0-1,REROUTED
80400000000,12,13,12-4-3-2-5-13,42192259.3181800619,5,0-1,REROUTED
80500000000,12,13,12-4-3-2-5-13,42194828.9136115238,5,0-1,REROUTED
80600000000,12,13,12-4-3-2-5-13,42197400.1953388527,5,0-1,REROUTED
80700000000,12,13,12-4-3-2-5-13,42199977.5943913832,5,0-1,REROUTED
80800000000,12,13,12-4-3-2-5-13,42202560.4088415727,5,0-1,REROUTED
80900000000,12,13,12-4-3-2-5-13,42205147.5332913324,5,0-1,REROUTED
81000000000,12,13,12-4-3-2-5-13,42207739.4719910249,5,0-1,REROUTED
81100000000,12,13,12-4-3-2-5-13,42210333.7948520705,5,0-1,REROUTED
81200000000,12,13,12-4-3-2-5-13,42212933.7215238586,5,0-1,REROUTED
81300000000,12,13,12-4-3-2-5-13,42215536.3096185029,5,0-1,REROUTED
81400000000,12,13,12-4-3-2-5-13,42218145.6010109335,5,0-1,REROUTED
81500000000,12,13,12-4-3-2-5-13,42220756.4474960938,5,0-1,REROUTED
81600000000,12,13,12-4-3-2-5-13,42223373.3057624400,5,0-1,REROUTED
81700000000,12,13,12-4-3-2-5-13,42225987.6230833977,5,0-1,REROUTED
81800000000,12,13,12-4-3-2-5-13,42228620.3728489727,5,0-1,REROUTED
81900000000,12,13,12-4-3-2-5-13,42231245.0835933238,5,0-1,REROUTED
82000000000,12,13,12-4-3-2-5-13,42233885.1917848885,5,0-1,REROUTED
82100000000,12,13,12-4-3-2-5-13,42236517.7489871159,5,0-1,REROUTED
82200000000,12,13,12-4-3-2-5-13,42239163.0945572779,5,0-1,REROUTED
82300000000,12,13,12-4-3-2-5-13,42241806.0585689619,5,0-1,REROUTED
82400000000,12,13,12-4-3-2-5-13,42244457.8882984817,5,0-1,REROUTED
82500000000,12,13,12-4-3-2-5-13,42247112.5961937010,5,0-1,REROUTED
82600000000,12,13,12-4-3-2-5-13,42249771.8042393848,5,0-1,REROUTED
82700000000,12,13,12-4-3-2-5-13,42252431.2823615000,5,0-1,REROUTED
82800000000,12,13,12-4-3-2-5-13,42255104.2088572085,5,0-1,REROUTED
82900000000,12,13,12-4-3-2-5-13,42257778.8363113627,5,0-1,REROUTED
83000000000,12,13,12-4-3-2-5-13,42260451.5384858027,5,0-1,REROUTED
83100000000,12,13,12-4-3-2-5-13,42263134.0086239576,5,0-1,REROUTED
83200000000,12,13,12-4-3-2-5-13,42265816.5226055458,5,0-1,REROUTED
83300000000,12,13,12-4-3-2-5-13,42268505.9219504371,5,0-1,REROUTED
83400000000,12,13,12-4-3-2-5-13,42271201.1975175962,5,0-1,REROUTED
83500000000,12,13,12-4-3-2-5-13,42273900.8565281853,5,0-1,REROUTED
83600000000,12,13,12-4-3-2-5-13,42276602.1963646039,5,0-1,REROUTED
83700000000,12,13,12-4-3-2-5-13,42279308.9707603082,5,0-1,REROUTED
83800000000,12,13,12-4-3-2-5-13,42282019.7019891664,5,0-1,REROUTED
83900000000,12,13,12-4-3-2-5-13,42284735.5690943003,5,0-1,REROUTED
84000000000,12,13,12-4-3-2-5-13,42287448.0589611232,5,0-1,REROUTED
84100000000,12,13,12-4-3-2-5-13,42290171.3542762026,5,0-1,REROUTED
84200000000,12,13,12-4-3-2-5-13,42292900.7446073666,5,0-1,REROUTED
84300000000,12,13,12-4-3-2-5-13,42295632.7159945443,5,0-1,REROUTED
84400000000,12,13,12-4-3-2-5-13,42298369.0590220019,5,0-1,REROUTED
84500000000,12,13,12-4-3-2-5-13,42301113.8206203654,5,0-1,REROUTED
84600000000,12,13,12-4-3-2-5-13,42303858.5880651176,5,0-1,REROUTED
84700000000,12,13,12-4-3-2-5-13,42306609.4554153010,5,0-1,REROUTED
84800000000,12,13,12-4-3-2-5-13,42309361.0176386014,5,0-1,REROUTED
84900000000,12,13,12-4-3-2-5-13,42312113.3987885937,5,0-1,REROUTED
85000000000,12,13,12-4-3-2-5-13,42314879.2605331093,5,0-1,REROUTED
85100000000,12,13,12-4-3-2-5-13,42317639.7250261679,5,0-1,REROUTED
85200000000,12,13,12-4-3-2-5-13,42320416.4069914073,5,0-1,REROUTED
85300000000,12,13,12-4-3-2-5-13,42323185.5376769751,5,0-1,REROUTED
85400000000,12,13,12-4-3-2-5-13,42325964.8977927417,5,0-1,REROUTED
85500000000,12,13,12-4-3-2-5-13,42328751.1190921888,5,0-1,REROUTED
85600000000,12,13,12-4-3-2-5-13,42331539.5708230212,5,0-1,REROUTED
85700000000,12,13,12-4-3-2-5-13,42334329.5622768104,5,0-1,REROUTED
85800000000,12,13,12-4-3-2-5-13,42337131.4228742644,5,0-1,REROUTED
85900000000,12,13,12-4-3-2-5-13,42339927.4798537642,5,0-1,REROUTED
86000000000,12,13,12-4-3-2-5-13,42342734.1689235270,5,0-1,REROUTED
86100000000,12,13,12-4-3-2-5-13,42345534.8226302043,5,0-1,REROUTED
86200000000,12,13,12-4-3-2-5-13,42348347.1487659737,5,0-1,REROUTED
86300000000,12,13,12-4-3-2-5-13,42351168.3751709610,5,0-1,REROUTED
86400000000,12,13,12-4-3-2-5-13,42353991.1081253663,5,0-1,REROUTED
86500000000,12,13,12-4-3-2-5-13,42356814.5542523116,5,0-1,REROUTED
86600000000,12,13,12-4-3-2-5-13,42359645.5417829305,5,0-1,REROUTED
86700000000,12,13,12-4-3-2-5-13,42362479.6066723838,5,0-1,REROUTED
86800000000,12,13,12-4-3-2-5-13,42365315.8300073072,5,0-1,REROUTED
86900000000,12,13,12-4-3-2-5-13,42368162.6503790617,5,0-1,REROUTED
87000000000,12,13,12-4-3-2-5-13,42371006.2681456655,5,0-1,REROUTED
87100000000,12,13,12-4-3-2-5-13,42373856.4354515523,5,0-1,REROUTED
87200000000,12,13,12-4-3-2-5-13,42376714.3362972587,5,0-1,REROUTED
87300000000,12,13,12-4-3-2-5-13,42379572.7252543718,5,0-1,REROUTED
87400000000,12,13,12-4-3-2-5-13,42382429.8280266672,5,0-1,REROUTED
87500000000,12,13,12-4-3-2-5-13,42385302.7368862331,5,0-1,REROUTED
87600000000,12,13,12-4-3-2-5-13,42388174.3693864048,5,0-1,REROUTED
87700000000,12,13,12-4-3-2-5-13,42391053.7426386327,5,0-1,REROUTED
87800000000,12,13,12-4-3-2-5-13,42393934.9501434937,5,0-1,REROUTED
87900000000,12,13,12-4-3-2-5-13,42396813.7860619873,5,0-1,REROUTED
88000000000,12,13,12-4-3-2-5-13,42399707.3242365867,5,0-1,REROUTED
88100000000,12,13,12-4-3-2-5-13,42402599.1353192106,5,0-1,REROUTED
88200000000,12,13,12-4-3-2-5-13,42405497.0318079591,5,0-1,REROUTED
88300000000,12,13,12-4-3-2-5-13,42408398.4177260026,5,0-1,REROUTED
88400000000,12,13,12-4-3-2-5-13,42411304.3831571937,5,0-1,REROUTED
88500000000,12,13,12-4-3-2-5-13,42414211.4356720522,5,0-1,REROUTED
88600000000,12,13,12-4-3-2-5-13,42417129.7328077778,5,0-1,REROUTED
88700000000,12,13,12-4-3-2-5-13,42420044.5685790032,5,0-1,REROUTED
88800000000,12,13,12-4-3-2-5-13,42422967.0462509170,5,0-1,REROUTED
88900000000,12,13,12-4-3-2-5-13,42425895.3293313608,5,0-1,REROUTED
89000000000,12,13,12-4-3-2-5-13,42428828.2154221013,5,0-1,REROUTED
89100000000,12,13,12-4-3-2-5-13,42431760.0145675540,5,0-1,REROUTED
89200000000,12,13,12-4-3-2-5-13,42434698.1057906896,5,0-1,REROUTED
89300000000,12,13,12-4-3-2-5-13,42437647.0094604939,5,0-1,REROUTED
89400000000,12,13,12-4-3-2-5-13,42440593.3456081823,5,0-1,REROUTED
89500000000,12,13,12-4-3-2-5-13,42443544.2713806704,5,0-1,REROUTED
89600000000,12,13,12-4-3-2-5-13,42446500.3789883181,5,0-1,REROUTED
89700000000,12,13,12-4-3-2-5-13,42449462.1599132493,5,0-1,REROUTED
89800000000,12,13,12-4-3-2-5-13,42452429.7322650999,5,0-1,REROUTED
89900000000,12,13,12-4-3-2-5-13,42455395.8617294803,5,0-1,REROUTED
90000000000,12,13,12-4-3-2-5-13,42458366.1313202754,5,0-1,REROUTED
90100000000,12,13,12-4-3-2-5-13,42461344.3714346439,5,0-1,REROUTED
90200000000,12,13,12-4-3-2-5-13,42464325.4997045249,5,0-1,REROUTED
90300000000,12,13,12-4-3-2-5-13,42467312.6517886370,5,0-1,REROUTED
90400000000,12,13,12-4-3-2-5-13,42470306.2715113088,5,0-1,REROUTED
90500000000,12,13,12-4-3-2-5-13,42473295.4874017537,5,0-1,REROUTED
90600000000,12,13,12-4-3-2-5-13,42476296.5275841653,5,0-1,REROUTED
90700000000,12,13,12-4-3-2-5-13,42479292.9302033633,5,0-1,REROUTED
90800000000,12,13,12-4-3-2-5-13,42482302.5994697735,5,0-1,REROUTED
90900000000,12,13,12-4-3-2-5-13,42485317.5782153830,5,0-1,REROUTED
91000000000,12,13,12-4-3-2-5-13,42488334.2575423792,5,0-1,REROUTED
91100000000,12,13,12-4-3-2-5-13,42491347.3580699041,5,0-1,REROUTED
91200000000,12,13,12-4-3-2-5-13,42494371.2470521107,5,0-1,REROUTED
91300000000,12,13,12-4-3-2-5-13,42497400.3077016026,5,0-1,REROUTED
91400000000,12,13,12-4-3-2-5-13,42500435.4475845173,5,0-1,REROUTED
91500000000,12,13,12-4-3-2-5-13,42503467.0063240379,5,0-1,REROUTED
91600000000,12,13,12-4-3-2-5-13,42506511.4570048824,5,0-1,REROUTED
91700000000,12,13,12-4-3-2-5-13,42509547.3984796032,5,0-1,REROUTED
91800000000,12,13,12-4-3-2-5-13,42512596.2604331374,5,0-1,REROUTED
91900000000,12,13,12-4-3-2-5-13,42515651.6417795718,5,0-1,REROUTED
92000000000,12,13,12-4-3-2-5-13,42518706.3557009101,5,0-1,REROUTED
92100000000,12,13,12-4-3-2-5-13,42521769.9901353940,5,0-1,REROUTED
92200000000,12,13,12-4-3-2-5-13,42524831.0078567788,5,0-1,REROUTED
92300000000,12,13,12-4-3-2-5-13,42527898.1875939816,5,0-1,REROUTED
92400000000,12,13,12-4-3-2-5-13,42530978.9025660381,5,0-1,REROUTED
92500000000,12,13,12-4-3-2-5-13,42534053.8590937927,5,0-1,REROUTED
92600000000,12,13,12-4-3-2-5-13,42537137.2802638561,5,0-1,REROUTED
92700000000,12,13,12-4-3-2-5-13,42540221.5483354926,5,0-1,REROUTED
92800000000,12,13,12-4-3-2-5-13,42543308.8852244020,5,0-1,REROUTED
92900000000,12,13,12-4-3-2-5-13,42546399.5156099126,5,0-1,REROUTED
93000000000,12,13,12-4-3-2-5-13,42549507.6057613268,5,0-1,REROUTED
93100000000,12,13,12-4-3-2-5-13,42552607.3099888638,5,0-1,REROUTED
93200000000,12,13,12-4-3-2-5-13,42555713.7697884589,5,0-1,REROUTED
93300000000,12,13,12-4-3-2-5-13,42558820.8936702237,5,0-1,REROUTED
93400000000,12,13,12-4-3-2-5-13,42561939.2577840686,5,0-1,REROUTED
93500000000,12,13,12-4-3-2-5-13,42565055.4680645689,5,0-1,REROUTED
93600000000,12,13,12-4-3-2-5-13,42568180.5857065395,5,0-1,REROUTED
93700000000,12,13,12-4-3-2-5-13,42571306.3732421920,5,0-1,REROUTED
93800000000,12,13,12-4-3-2-5-13,42574437.5798153356,5,0-1,REROUTED
93900000000,12,13,12-4-3-2-5-13,42577573.7680306658,5,0-1,REROUTED
94000000000,12,13,12-4-3-2-5-13,42580710.0407436192,5,0-1,REROUTED
94100000000,12,13,12-4-3-2-5-13,42583859.6254161969,5,0-1,REROUTED
94200000000,12,13,12-4-3-2-5-13,42587009.0260379612,5,0-1,REROUTED
94300000000,12,13,12-4-3-2-5-13,42590157.6637668684,5,0-1,REROUTED
94400000000,12,13,12-4-3-2-5-13,42593317.1146969721,5,0-1,REROUTED
94500000000,12,13,12-4-3-2-5-13,42596472.0245559067,5,0-1,REROUTED
94600000000,12,13,12-4-3-2-5-13,42599638.6533285677,5,0-1,REROUTED
94700000000,12,13,12-4-3-2-5-13,42602810.8505281359,5,0-1,REROUTED
94800000000,12,13,12-4-3-2-5-13,42605980.5549452528,5,0-1,REROUTED
94900000000,12,13,12-4-3-2-5-13,42609154.1314684823,5,0-1,REROUTED
95000000000,12,13,12-4-3-2-5-13,42612340.2637592480,5,0-1,REROUTED
95100000000,12,13,12-4-3-2-5-13,42615524.6940927804,5,0-1,REROUTED
95200000000,12,13,12-4-3-2-5-13,42618714.7861790732,5,0-1,REROUTED
95300000000,12,13,12-4-3-2-5-13,42621908.3456963450,5,0-1,REROUTED
95400000000,12,13,12-4-3-2-5-13,42625102.8016679883,5,0-1,REROUTED
95500000000,12,13,12-4-3-2-5-13,42628306.5481462404,5,0-1,REROUTED
95600000000,12,13,12-4-3-2-5-13,42631511.8724407107,5,0-1,REROUTED
95700000000,12,13,12-4-3-2-5-13,42634721.0587169528,5,0-1,REROUTED
95800000000,12,13,12-4-3-2-5-13,42637938.0518261641,5,0-1,REROUTED
95900000000,12,13,12-4-3-2-5-13,42641155.7563108429,5,0-1,REROUTED
96000000000,12,13,12-4-3-2-5-13,42644374.9524473101,5,0-1,REROUTED
96100000000,12,13,12-4-3-2-5-13,42647604.9991888404,5,0-1,REROUTED
96200000000,12,13,12-4-3-2-5-13,42650835.0633600280,5,0-1,REROUTED
96300000000,12,13,12-4-3-2-5-13,42654065.8028988093,5,0-1,REROUTED
96400000000,12,13,12-4-3-2-5-13,42657304.1183568984,5,0-1,REROUTED
96500000000,12,13,12-4-3-2-5-13,42660550.4274320900,5,0-1,REROUTED
96600000000,12,13,12-4-3-2-5-13,42663802.1491107866,5,0-1,REROUTED
96700000000,12,13,12-4-3-2-5-13,42667049.0109227002,5,0-1,REROUTED
96800000000,12,13,12-4-3-2-5-13,42670301.7008121908,5,0-1,REROUTED
96900000000,12,13,12-4-3-2-5-13,42673559.7947428003,5,0-1,REROUTED
97000000000,12,13,12-4-3-2-5-13,42676830.6306712180,5,0-1,REROUTED
97100000000,12,13,12-4-3-2-5-13,42680091.8524369746,5,0-1,REROUTED
97200000000,12,13,12-4-3-2-5-13,42683363.6609991863,5,0-1,REROUTED
97300000000,12,13,12-4-3-2-5-13,42686644.0142998472,5,0-1,REROUTED
97400000000,12,13,12-4-3-2-5-13,42689924.0600624904,5,0-1,REROUTED
97500000000,12,13,12-4-3-2-5-13,42693201.7843027711,5,0-1,REROUTED
97600000000,12,13,12-4-3-2-5-13,42696496.5197668150,5,0-1,REROUTED
97700000000,12,13,12-4-3-2-5-13,42699780.1871064231,5,0-1,REROUTED
97800000000,12,13,12-4-3-2-5-13,42703082.6969372779,5,0-1,REROUTED
97900000000,12,13,12-4-3-2-5-13,42706380.3737661168,5,0-1,REROUTED
98000000000,12,13,12-4-3-2-5-13,42709689.2395514622,5,0-1,REROUTED
98100000000,12,13,12-4-3-2-5-13,42712989.1779745594,5,0-1,REROUTED
98200000000,12,13,12-4-3-2-5-13,42716307.3518715054,5,0-1,REROUTED
98300000000,12,13,12-4-3-2-5-13,42719619.6207112297,5,0-1,REROUTED
98400000000,12,13,12-4-3-2-5-13,42722941.8054343611,5,0-1,REROUTED
98500000000,12,13,12-4-3-2-5-13,42726269.1663270146,5,0-1,REROUTED
98600000000,12,13,12-4-3-2-5-13,42729597.4869349748,5,0-1,REROUTED
98700000000,12,13,12-4-3-2-5-13,42732926.2425592467,5,0-1,REROUTED
98800000000,12,13,12-4-3-2-5-13,42736271.7664906308,5,0-1,REROUTED
98900000000,12,13,12-4-3-2-5-13,42739608.7710969523,5,0-1,REROUTED
99000000000,12,13,12-4-3-2-5-13,42742947.8201863244,5,0-1,REROUTED
99100000000,12,13,12-4-3-2-5-13,42746300.6137183607,5,0-1,REROUTED
99200000000,12,13,12-4-3-2-5-13,42749652.5942880288,5,0-1,REROUTED
99300000000,12,13,12-4-3-2-5-13,42753012.5607039854,5,0-1,REROUTED
99400000000,12,13,12-4-3-2-5-13,42756372.7901317030,5,0-1,REROUTED
99500000000,12,13,12-4-3-2-5-13,42759737.3695983142,5,0-1,REROUTED
99600000000,12,13,12-4-3-2-5-13,42763109.2856120095,5,0-1,REROUTED
99700000000,12,13,12-4-3-2-5-13,42766484.0814538524,5,0-1,REROUTED
99800000000,12,13,12-4-3-2-5-13,42769860.8079784736,5,0-1,REROUTED
99900000000,12,13,12-4-3-2-5-13,42773243.4269966930,5,0-1,REROUTED
100000000000,12,13,12-4-3-2-5-13,42776626.2758466974,5,0-1,REROUTED
100100000000,12,13,12-4-3-2-5-13,42780017.1430077478,5,0-1,REROUTED
100200000000,12,13,12-4-3-2-5-13,42783412.1348518729,5,0-1,REROUTED
100300000000,12,13,12-4-3-2-5-13,42786806.5088090897,5,0-1,REROUTED
100400000000,12,13,12-4-3-2-5-13,42790209.7485555708,5,0-1,REROUTED
100500000000,12,13,12-4-3-2-5-13,42793612.8340558261,5,0-1,REROUTED
100600000000,12,13,12-4-3-2-5-13,42797028.1463382840,5,0-1,REROUTED
100700000000,12,13,12-4-3-2-5-13,42800443.7581383362,5,0-1,REROUTED
100800000000,12,13,12-4-3-2-5-13,42803857.5486258343,5,0-1,REROUTED
100900000000,12,13,12-4-3-2-5-13,42807281.8840749711,5,0-1,REROUTED
101000000000,12,13,12-4-3-2-5-13,42810713.6926672459,5,0-1,REROUTED
101100000000,12,13,12-4-3-2-5-13,42814139.6297303587,5,0-1,REROUTED
101200000000,12,13,12-4-3-2-5-13,42817571.6449101418,5,0-1,REROUTED
101300000000,12,13,12-4-3-2-5-13,42821012.8370496333,5,0-1,REROUTED
101400000000,12,13,12-4-3-2-5-13,42824456.9410232529,5,0-1,REROUTED
101500000000,12,13,12-4-3-2-5-13,42827905.8123401552,5,0-1,REROUTED
101600000000,12,13,12-4-3-2-5-13,42831351.7052055895,5,0-1,REROUTED
101700000000,12,13,12-4-3-2-5-13,42834811.1610331461,5,0-1,REROUTED
101800000000,12,13,12-4-3-2-5-13,42838261.7513420135,5,0-1,REROUTED
101900000000,12,13,12-4-3-2-5-13,42841731.6002886966,5,0-1,REROUTED
102000000000,12,13,12-4-3-2-5-13,42845195.1113564521,5,0-1,REROUTED
102100000000,12,13,12-4-3-2-5-13,42848666.3853637204,5,0-1,REROUTED
102200000000,12,13,12-4-3-2-5-13,42852137.3108193129,5,0-1,REROUTED
102300000000,12,13,12-4-3-2-5-13,42855621.1230733767,5,0-1,REROUTED
102400000000,12,13,12-4-3-2-5-13,42859102.8389761448,5,0-1,REROUTED
102500000000,12,13,12-4-3-2-5-13,42862588.7560203969,5,0-1,REROUTED
102600000000,12,13,12-4-3-2-5-13,42866079.3385617286,5,0-1,REROUTED
102700000000,12,13,12-4-3-2-5-13,42869574.7514063492,5,0-1,REROUTED
102800000000,12,13,12-4-3-2-5-13,42873075.5402957574,5,0-1,REROUTED
102900000000,12,13,12-4-3-2-5-13,42876574.3044817075,5,0-1,REROUTED
103000000000,12,13,12-4-3-2-5-13,42880082.0872597620,5,0-1,REROUTED
103100000000,12,13,12-4-3-2-5-13,42883591.8677535281,5,0-1,REROUTED
103200000000,12,13,12-4-3-2-5-13,42887111.7523577735,5,0-1,REROUTED
103300000000,12,13,12-4-3-2-5-13,42890631.2963945940,5,0-1,REROUTED
103400000000,12,13,12-4-3-2-5-13,42894153.4460240528,5,0-1,REROUTED
103500000000,12,13,12-4-3-2-5-13,42897681.8262873143,5,0-1,REROUTED
103600000000,12,13,12-4-3-2-5-13,42901211.3875741065,5,0-1,REROUTED
103700000000,12,13,12-4-3-2-5-13,42904749.7985208184,5,0-1,REROUTED
103800000000,12,13,12-4-3-2-5-13,42908287.6057246476,5,0-1,REROUTED
103900000000,12,13,12-4-3-2-5-13,42911829.1623394862,5,0-1,REROUTED
104000000000,12,13,12-4-3-2-5-13,42915376.4889144227,5,0-1,REROUTED
104100000000,12,13,12-4-3-2-5-13,42918929.2663279772,5,0-1,REROUTED
104200000000,12,13,12-4-3-2-5-13,42922483.1894001886,5,0-1,REROUTED
104300000000,12,13,12-4-3-2-5-13,42926043.3782646954,5,0-1,REROUTED
104400000000,12,13,12-4-3-2-5-13,42929607.1501732394,5,0-1,REROUTED
104500000000,12,13,12-4-3-2-5-13,42933172.6082057506,5,0-1,REROUTED
104600000000,12,13,12-4-3-2-5-13,42936744.0861418098,5,0-1,REROUTED
104700000000,12,13,12-4-3-2-5-13,42940319.1211615205,5,0-1,REROUTED
104800000000,12,13,12-4-3-2-5-13,42943901.1675967574,5,0-1,REROUTED
104900000000,12,13,12-4-3-2-5-13,42947482.2645962313,5,0-1,REROUTED
105000000000,12,13,12-4-3-2-5-13,42951068.1078552008,5,0-1,REROUTED
105100000000,12,13,12-4-3-2-5-13,42954662.1655363962,5,0-1,REROUTED
105200000000,12,13,12-4-3-2-5-13,42958254.3403566778,5,0-1,REROUTED
105300000000,12,13,12-4-3-2-5-13,42961850.9450119212,5,0-1,REROUTED
105400000000,12,13,12-4-3-2-5-13,42965459.0771504417,5,0-1,REROUTED
105500000000,12,13,12-4-3-2-5-13,42969058.7112194747,5,0-1,REROUTED
105600000000,12,13,12-4-3-2-5-13,42972679.3494914398,5,0-1,REROUTED
105700000000,12,13,12-4-3-2-5-13,42976288.1613216922,5,0-1,REROUTED
105800000000,12,13,12-4-3-2-5-13,42979911.9643407315,5,0-1,REROUTED
105900000000,12,13,12-4-3-2-5-13,42983529.8556174114,5,0-1,REROUTED
106000000000,12,13,12-4-3-2-5-13,42987157.2033701539,5,0-1,REROUTED
106100000000,12,13,12-4-3-2-5-13,42990792.2945939973,5,0-1,REROUTED
106200000000,12,13,12-4-3-2-5-13,42994426.4580601528,5,0-1,REROUTED
106300000000,12,13,12-4-3-2-5-13,42998065.7147109210,5,0-1,REROUTED
106400000000,12,13,12-4-3-2-5-13,43001712.3162096590,5,0-1,REROUTED
106500000000,12,13,12-4-3-2-5-13,43005355.0603631437,5,0-1,REROUTED
106600000000,12,13,12-4-3-2-5-13,43009005.8301927000,5,0-1,REROUTED
106700000000,12,13,12-4-3-2-5-13,43012663.5706412494,5,0-1,REROUTED
106800000000,12,13,12-4-3-2-5-13,43016319.5261614472,5,0-1,REROUTED
106900000000,12,13,12-4-3-2-5-13,43019984.6764872745,5,0-1,REROUTED
107000000000,12,13,12-4-3-2-5-13,43023644.0845710412,5,0-1,REROUTED
107100000000,12,13,12-4-3-2-5-13,43027317.2496783957,5,0-1,REROUTED
107200000000,12,13,12-4-3-2-5-13,43030992.6407481730,5,0-1,REROUTED
107300000000,12,13,12-4-3-2-5-13,43034676.0446383581,5,0-1,REROUTED
107400000000,12,13,12-4-3-2-5-13,43038355.8769125417,5,0-1,REROUTED
107500000000,12,13,12-4-3-2-5-13,43042043.6136130393,5,0-1,REROUTED
107600000000,12,13,12-4-3-2-5-13,43045734.6603161544,5,0-1,REROUTED
107700000000,12,13,12-4-3-2-5-13,43049429.4585246593,5,0-1,REROUTED
107800000000,12,13,12-4-3-2-5-13,43053122.7591082379,5,0-1,REROUTED
107900000000,12,13,12-4-3-2-5-13,43056824.7395844311,5,0-1,REROUTED
108000000000,12,13,12-4-3-2-5-13,43060534.0165348276,5,0-1,REROUTED
108100000000,12,13,12-4-3-2-5-13,43064249.4535465166,5,0-1,REROUTED
108200000000,12,13,12-4-3-2-5-13,43067960.1843436956,5,0-1,REROUTED
108300000000,12,13,12-4-3-2-5-13,43071681.8276009560,5,0-1,REROUTED
108400000000,12,13,12-4-3-2-5-13,43075401.6853630170,5,0-1,REROUTED
108500000000,12,13,12-4-3-2-5-13,43079122.4100736082,5,0-1,REROUTED
108600000000,12,13,12-4-3-2-5-13,43082860.6737988219,5,0-1,REROUTED
108700000000,12,13,12-4-3-2-5-13,43086589.8694530949,5,0-1,REROUTED
108800000000,12,13,12-4-3-2-5-13,43090324.2979861498,5,0-1,REROUTED
108900000000,12,13,12-4-3-2-5-13,43094072.4135569781,5,0-1,REROUTED
109000000000,12,13,12-4-3-2-5-13,43097815.9210708514,5,0-1,REROUTED
109100000000,12,13,12-4-3-2-5-13,43101562.5357612371,5,0-1,REROUTED
109200000000,12,13,12-4-3-2-5-13,43105321.2693457827,5,0-1,REROUTED
109300000000,12,13,12-4-3-2-5-13,43109078.0288191512,5,0-1,REROUTED
109400000000,12,13,12-4-3-2-5-13,43112842.0963484645,5,0-1,REROUTED
109500000000,12,13,12-4-3-2-5-13,43116607.1600358933,5,0-1,REROUTED
109600000000,12,13,12-4-3-2-5-13,43120373.6634535491,5,0-1,REROUTED
109700000000,12,13,12-4-3-2-5-13,43124144.1727309301,5,0-1,REROUTED
109800000000,12,13,12-4-3-2-5-13,43127922.8309923559,5,0-1,REROUTED
109900000000,12,13,12-4-3-2-5-13,43131708.8132010475,5,0-1,REROUTED
110000000000,12,13,12-4-3-2-5-13,43135492.7937646285,5,0-1,REROUTED
110100000000,12,13,12-4-3-2-5-13,43139282.5218490884,5,0-1,REROUTED
110200000000,12,13,12-4-3-2-5-13,43143075.5156276599,5,0-1,REROUTED
110300000000,12,13,12-4-3-2-5-13,43146872.5177288055,5,0-1,REROUTED
110400000000,12,13,12-4-3-2-5-13,43150672.9189339280,5,0-1,REROUTED
110500000000,12,13,12-4-3-2-5-13,43154477.1240368187,5,0-1,REROUTED
110600000000,12,13,12-4-3-2-5-13,43158288.3868132010,5,0-1,REROUTED
110700000000,12,13,12-4-3-2-5-13,43162095.2124822736,5,0-1,REROUTED
110800000000,12,13,12-4-3-2-5-13,43165914.7163393721,5,0-1,REROUTED
110900000000,12,13,12-4-3-2-5-13,43169734.5469303653,5,0-1,REROUTED
111000000000,12,13,12-4-3-2-5-13,43173557.6008734554,5,0-1,REROUTED
111100000000,12,13,12-4-3-2-5-13,43177386.5087685660,5,0-1,REROUTED
111200000000,12,13,12-4-3-2-5-13,43181218.6829259992,5,0-1,REROUTED
111300000000,12,13,12-4-3-2-5-13,43185056.2867542729,5,0-1,REROUTED
111400000000,12,13,12-4-3-2-5-13,43188896.3201345205,5,0-1,REROUTED
111500000000,12,13,12-4-3-2-5-13,43192739.1852844805,5,0-1,REROUTED
111600000000,12,13,12-4-3-2-5-13,43196588.6734922901,5,0-1,REROUTED
111700000000,12,13,12-4-3-2-5-13,43200436.4216530621,5,0-1,REROUTED
111800000000,12,13,12-4-3-2-5-13,43204296.3924182579,5,0-1,REROUTED
111900000000,12,13,12-4-3-2-5-13,43208153.3894988671,5,0-1,REROUTED
112000000000,12,13,12-4-3-2-5-13,43212013.4999326468,5,0-1,REROUTED
112100000000,12,13,12-4-3-2-5-13,43215889.5955475941,5,0-1,REROUTED
112200000000,12,13,12-4-3-2-5-13,43219757.1333996505,5,0-1,REROUTED
112300000000,12,13,12-4-3-2-5-13,43223631.5406703204,5,0-1,REROUTED
112400000000,12,13,12-4-3-2-5-13,43227510.2546870634,5,0-1,REROUTED
112500000000,12,13,12-4-3-2-5-13,43231394.3721568510,5,0-1,REROUTED
112600000000,12,13,12-4-3-2-5-13,43235281.1395775527,5,0-1,REROUTED
112700000000,12,13,12-4-3-2-5-13,43239165.4486718476,5,0-1,REROUTED
112800000000,12,13,12-4-3-2-5-13,43243063.4839312881,5,0-1,REROUTED
112900000000,12,13,12-4-3-2-5-13,43246962.8188186139,5,0-1,REROUTED
113000000000,12,13,12-4-3-2-5-13,43250864.0201939270,5,0-1,REROUTED
113100000000,12,13,12-4-3-2-5-13,43254772.0000180304,5,0-1,REROUTED
113200000000,12,13,12-4-3-2-5-13,43258678.4655856118,5,0-1,REROUTED
113300000000,12,13,12-4-3-2-5-13,43262599.0140015855,5,0-1,REROUTED
113400000000,12,13,12-4-3-2-5-13,43266514.1769066378,5,0-1,REROUTED
113500000000,12,13,12-4-3-2-5-13,43270436.2830178216,5,0-1,REROUTED
113600000000,12,13,12-4-3-2-5-13,43274358.6236524805,5,0-1,REROUTED
113700000000,12,13,12-4-3-2-5-13,43278289.5692609400,5,0-1,REROUTED
113800000000,12,13,12-4-3-2-5-13,43282224.9876833633,5,0-1,REROUTED
113900000000,12,13,12-4-3-2-5-13,43286157.7688132003,5,0-1,REROUTED
114000000000,12,13,12-4-3-2-5-13,43290100.5915600583,5,0-1,REROUTED
114100000000,12,13,12-4-3-2-5-13,43294051.1990476325,5,0-1,REROUTED
114200000000,12,13,12-4-3-2-5-13,43297991.2656152919,5,0-1,REROUTED
114300000000,12,13,12-4-3-2-5-13,43301944.3836491629,5,0-1,REROUTED
114400000000,12,13,12-4-3-2-5-13,43305901.9934839606,5,0-1,REROUTED
114500000000,12,13,12-4-3-2-5-13,43309862.0832058191,5,0-1,REROUTED
114600000000,12,13,12-4-3-2-5-13,43313830.5525909960,5,0-1,REROUTED
114700000000,12,13,12-4-3-2-5-13,43317795.9563149735,5,0-1,REROUTED
114800000000,12,13,12-4-3-2-5-13,43321762.4093484581,5,0-1,REROUTED
114900000000,12,13,12-4-3-2-5-13,43325740.2597976923,5,0-1,REROUTED
115000000000,12,13,12-4-3-2-5-13,43329721.8993401155,5,0-1,REROUTED
115100000000,12,13,12-4-3-2-5-13,43333704.9928806871,5,0-1,REROUTED
115200000000,12,13,12-4-3-2-5-13,43337691.4151194394,5,0-1,REROUTED
115300000000,12,13,12-4-3-2-5-13,43341681.0790093094,5,0-1,REROUTED
115400000000,12,13,12-4-3-2-5-13,43345677.2973337024,5,0-1,REROUTED
115500000000,12,13,12-4-3-2-5-13,43349672.2513605356,5,0-1,REROUTED
115600000000,12,13,12-4-3-2-5-13,43353679.8652464375,5,0-1,REROUTED
115700000000,12,13,12-4-3-2-5-13,43357682.2237577140,5,0-1,REROUTED
115800000000,12,13,12-4-3-2-5-13,43361693.2277863547,5,0-1,REROUTED
115900000000,12,13,12-4-3-2-5-13,43365713.1390620172,5,0-1,REROUTED
116000000000,12,13,12-4-3-2-5-13,43369728.7856227756,5,0-1,REROUTED
116100000000,12,13,12-4-3-2-5-13,43373751.3119078949,5,0-1,REROUTED
116200000000,12,13,12-4-3-2-5-13,43377773.9091788232,5,0-1,REROUTED
116300000000,12,13,12-4-3-2-5-13,43381805.4523013905,5,0-1,REROUTED
116400000000,12,13,12-4-3-2-5-13,43385835.8843068704,5,0-1,REROUTED
116500000000,12,13,12-4-3-2-5-13,43389873.5976238996,5,0-1,REROUTED
116600000000,12,13,12-4-3-2-5-13,43393918.6544376314,5,0-1,REROUTED
116700000000,12,13,12-4-3-2-5-13,43397959.1141986772,5,0-1,REROUTED
116800000000,12,13,12-4-3-2-5-13,43402006.5220378861,5,0-1,REROUTED
116900000000,12,13,12-4-3-2-5-13,43406060.2479557544,5,0-1,REROUTED
117000000000,12,13,12-4-3-2-5-13,43410115.8958746642,5,0-1,REROUTED
117100000000,12,13,12-4-3-2-5-13,43414179.6459619179,5,0-1,REROUTED
117200000000,12,13,12-4-3-2-5-13,43418239.0084935352,5,0-1,REROUTED
117300000000,12,13,12-4-3-2-5-13,43422310.1380941048,5,0-1,REROUTED
117400000000,12,13,12-4-3-2-5-13,43426380.5900027379,5,0-1,REROUTED
117500000000,12,13,12-4-3-2-5-13,43430454.8907269314,5,0-1,REROUTED
117600000000,12,13,12-4-3-2-5-13,43434531.6820428818,5,0-1,REROUTED
117700000000,12,13,12-4-3-2-5-13,43438619.7841086313,5,0-1,REROUTED
117800000000,12,13,12-4-3-2-5-13,43442709.8382044658,5,0-1,REROUTED
117900000000,12,13,12-4-3-2-5-13,43446791.1413519382,5,0-1,REROUTED
118000000000,12,13,12-4-3-2-5-13,43450889.9294643551,5,0-1,REROUTED
118100000000,12,13,12-4-3-2-5-13,43454991.4766696915,5,0-1,REROUTED
118200000000,12,13,12-4-3-2-5-13,43459090.9060092196,5,0-1,REROUTED
118300000000,12,13,12-4-3-2-5-13,43463193.5464969426,5,0-1,REROUTED
118400000000,12,13,12-4-3-2-5-13,43467305.0075699836,5,0-1,REROUTED
118500000000,12,13,12-4-3-2-5-13,43471418.0428989232,5,0-1,REROUTED
118600000000,12,13,12-4-3-2-5-13,43475536.9294297621,5,0-1,REROUTED
118700000000,12,13,12-4-3-2-5-13,43479657.1334526911,5,0-1,REROUTED
118800000000,12,13,12-4-3-2-5-13,43483782.9444907680,5,0-1,REROUTED
118900000000,12,13,12-4-3-2-5-13,43487908.6750620604,5,0-1,REROUTED
119000000000,12,13,12-4-3-2-5-13,43492044.4225653112,5,0-1,REROUTED
119100000000,12,13,12-4-3-2-5-13,43496179.7239176333,5,0-1,REROUTED
119200000000,12,13,12-4-3-2-5-13,43500320.7942228690,5,0-1,REROUTED
119300000000,12,13,12-4-3-2-5-13,43504462.4098379686,5,0-1,REROUTED
119400000000,12,13,12-4-3-2-5-13,43508609.9758100733,5,0-1,REROUTED
119500000000,12,13,12-4-3-2-5-13,43512763.8740735278,5,0-1,REROUTED
119600000000,12,13,12-4-3-2-5-13,43516913.5759283975,5,0-1,REROUTED
119700000000,12,13,12-4-3-2-5-13,43521072.3466781527,5,0-1,REROUTED
119800000000,12,13,12-4-3-2-5-13,43525232.0251318440,5,0-1,REROUTED
119900000000,12,13,12-4-3-2-5-13,43529406.5960642546,5,0-1,REROUTED
120000000000,12,13,12-4-3-2-5-13,43533574.7668204680,5,0-1,REROUTED
120100000000,12,13,12-4-3-2-5-13,43537746.7977989689,5,0-1,REROUTED
120200000000,12,13,12-4-3-2-5-13,43541921.0804512873,5,0-1,REROUTED
120300000000,12,13,12-4-3-2-5-13,43546108.1700686589,5,0-1,REROUTED
120400000000,12,13,12-4-3-2-5-13,43550290.0517498702,5,0-1,REROUTED
120500000000,12,13,12-4-3-2-5-13,43554477.1156743467,5,0-1,REROUTED
120600000000,12,13,12-4-3-2-5-13,43558674.4351651669,5,0-1,REROUTED
120700000000,12,13,12-4-3-2-5-13,43562867.8376796395,5,0-1,REROUTED
120800000000,12,13,12-4-3-2-5-13,43567073.6215834469,5,0-1,REROUTED
120900000000,12,13,12-4-3-2-5-13,43571274.1110843420,5,0-1,REROUTED
121000000000,12,13,12-4-3-2-5-13,43575482.3924018741,5,0-1,REROUTED
121100000000,12,13,12-4-3-2-5-13,43579692.9948807210,5,0-1,REROUTED
121200000000,12,13,12-4-3-2-5-13,43583912.9412478358,5,0-1,REROUTED
121300000000,12,13,12-4-3-2-5-13,43588127.7553486675,5,0-1,REROUTED
121400000000,12,13,12-4-3-2-5-13,43592353.8169215620,5,0-1,REROUTED
121500000000,12,13,12-4-3-2-5-13,43596572.2199130878,5,0-1,REROUTED
121600000000,12,13,12-4-3-2-5-13,43600805.6782878414,5,0-1,REROUTED
121700000000,12,13,12-4-3-2-5-13,43605046.7106420472,5,0-1,REROUTED
121800000000,12,13,12-4-3-2-5-13,43609273.6523160562,5,0-1,REROUTED
121900000000,12,13,12-4-3-2-5-13,43613521.2500805110,5,0-1,REROUTED
122000000000,12,13,12-4-3-2-5-13,43617763.5729227141,5,0-1,REROUTED
122100000000,12,13,12-4-3-2-5-13,43622016.4744253904,5,0-1,REROUTED
122200000000,12,13,12-4-3-2-5-13,43626270.4647359625,5,0-1,REROUTED
122300000000,12,13,12-4-3-2-5-13,43630523.2118369564,5,0-1,REROUTED
122400000000,12,13,12-4-3-2-5-13,43634781.9778899103,5,0-1,REROUTED
122500000000,12,13,12-4-3-2-5-13,43639047.5296672359,5,0-1,REROUTED
122600000000,12,13,12-4-3-2-5-13,43643317.2734290212,5,0-1,REROUTED
122700000000,12,13,12-4-3-2-5-13,43647585.3497026265,5,0-1,REROUTED
122800000000,12,13,12-4-3-2-5-13,43651865.3462094665,5,0-1,REROUTED
122900000000,12,13,12-4-3-2-5-13,43656141.8642269745,5,0-1,REROUTED
123000000000,12,13,12-4-3-2-5-13,43660423.2202886268,5,0-1,REROUTED
123100000000,12,13,12-4-3-2-5-13,43664707.9688160866,5,0-1,REROUTED
123200000000,12,13,12-4-3-2-5-13,43668997.8152472824,5,0-1,REROUTED
123300000000,12,13,12-4-3-2-5-13,43673291.8457232416,5,0-1,REROUTED
123400000000,12,13,12-4-3-2-5-13,43677589.8996225968,5,0-1,REROUTED
123500000000,12,13,12-4-3-2-5-13,43681889.1154282317,5,0-1,REROUTED
123600000000,12,13,12-4-3-2-5-13,43686199.3570305929,5,0-1,REROUTED
123700000000,12,13,12-4-3-2-5-13,43690508.0659939051,5,0-1,REROUTED
123800000000,12,13,12-4-3-2-5-13,43694818.5650493205,5,0-1,REROUTED
123900000000,12,13,12-4-3-2-5-13,43699132.7737268955,5,0-1,REROUTED
124000000000,12,13,12-4-3-2-5-13,43703451.7114241868,5,0-1,REROUTED
124100000000,12,13,12-4-3-2-5-13,43707778.7148022950,5,0-1,REROUTED
124200000000,12,13,12-4-3-2-5-13,43712106.0068206787,5,0-1,REROUTED
124300000000,12,13,12-4-3-2-5-13,43716432.9225991294,5,0-1,REROUTED
124400000000,12,13,12-4-3-2-5-13,43720770.2574845925,5,0-1,REROUTED
124500000000,12,13,12-4-3-2-5-13,43725106.4140934870,5,0-1,REROUTED
124600000000,12,13,12-4-3-2-5-13,43729454.1174464300,5,0-1,REROUTED
124700000000,12,13,12-4-3-2-5-13,43733796.3057708591,5,0-1,REROUTED
124800000000,12,13,12-4-3-2-5-13,43738147.5755770802,5,0-1,REROUTED
124900000000,12,13,12-4-3-2-5-13,43742499.6341131926,5,0-1,REROUTED
125000000000,12,13,12-4-3-2-5-13,43746859.1809557676,5,0-1,REROUTED
125100000000,12,13,12-4-3-2-5-13,43751215.5199233294,5,0-1,REROUTED
125200000000,12,13,12-4-3-2-5-13,43755581.1780681536,5,0-1,REROUTED
125300000000,12,13,12-4-3-2-5-13,43759944.6805445328,5,0-1,REROUTED
125400000000,12,13,12-4-3-2-5-13,43764317.7101887167,5,0-1,REROUTED
125500000000,12,13,12-4-3-2-5-13,43768697.0764805079,5,0-1,REROUTED
125600000000,12,13,12-4-3-2-5-13,43773070.8267709687,5,0-1,REROUTED
125700000000,12,13,12-4-3-2-5-13,43777453.3827349022,5,0-1,REROUTED
125800000000,12,13,12-4-3-2-5-13,43781844.1296416000,5,0-1,REROUTED
125900000000,12,13,12-8-9-10-11-7-13,48139561.7210886776,6,0-1,REROUTED
126000000000,12,13,12-8-9-10-11-7-13,48140414.5926675126,6,0-1,REROUTED
126100000000,12,13,12-8-9-10-11-7-13,48141281.9188031107,6,0-1,REROUTED
126200000000,12,13,12-8-9-10-11-7-13,48142149.1785333306,6,0-1,REROUTED
126300000000,12,13,12-8-9-10-11-7-13,48143026.1880401969,6,0-1,REROUTED
126400000000,12,13,12-8-9-10-11-7-13,48143913.8373553082,6,0-1,REROUTED
126500000000,12,13,12-8-9-10-11-7-13,48144802.7014236078,6,0-1,REROUTED
126600000000,12,13,12-8-9-10-11-7-13,48145701.5335644335,6,0-1,REROUTED
126700000000,12,13,12-8-9-10-11-7-13,48146611.8044631109,6,0-1,REROUTED
126800000000,12,13,12-8-9-10-11-7-13,48147524.6099869013,6,0-1,REROUTED
126900000000,12,13,12-8-9-10-11-7-13,48148439.5781375989,6,0-1,REROUTED
127000000000,12,13,12-8-9-10-11-7-13,48149367.1453086883,6,0-1,REROUTED
127100000000,12,13,12-8-9-10-11-7-13,48150302.8468088210,6,0-1,REROUTED
127200000000,12,13,12-8-9-10-11-7-13,48151244.3878358006,6,0-1,REROUTED
127300000000,12,13,12-8-9-10-11-7-13,48152186.2606495470,6,0-1,REROUTED
127400000000,12,13,12-8-9-10-11-7-13,48153148.2076938674,6,0-1,REROUTED
127500000000,12,13,12-8-9-10-11-7-13,48154106.0499922633,6,0-1,REROUTED
127600000000,12,13,12-8-9-10-11-7-13,48155074.1859953851,6,0-1,REROUTED
127700000000,12,13,12-8-9-10-11-7-13,48156047.9109220132,6,0-1,REROUTED
127800000000,12,13,12-8-9-10-11-7-13,48157030.2135640681,6,0-1,REROUTED
127900000000,12,13,12-8-9-10-11-7-13,48158022.1612900421,6,0-1,REROUTED
128000000000,12,13,12-8-9-10-11-7-13,48159019.8443296254,6,0-1,REROUTED
128100000000,12,13,12-8-9-10-11-7-13,48160024.0042083412,6,0-1,REROUTED
128200000000,12,13,12-8-9-10-11-7-13,48161031.1472286731,6,0-1,REROUTED
128300000000,12,13,12-8-9-10-11-7-13,48162049.4320098311,6,0-1,REROUTED
128400000000,12,13,12-8-9-10-11-7-13,48163074.4293931872,6,0-1,REROUTED
128500000000,12,13,12-8-9-10-11-7-13,48164101.5683336854,6,0-1,REROUTED
128600000000,12,13,12-8-9-10-11-7-13,48165140.0105329156,6,0-1,REROUTED
128700000000,12,13,12-8-9-10-6-13,42971503.4073241502,5,0-1,REROUTED
128800000000,12,13,12-8-9-10-6-13,42967599.9051159918,5,0-1,REROUTED
128900000000,12,13,12-8-9-10-6-13,42963696.2760475948,5,0-1,REROUTED
129000000000,12,13,12-8-9-10-6-13,42959803.3591749668,5,0-1,REROUTED
129100000000,12,13,12-8-9-10-6-13,42955905.4264019951,5,0-1,REROUTED
129200000000,12,13,12-8-9-10-6-13,42952013.9478764385,5,0-1,REROUTED
129300000000,12,13,12-8-9-10-6-13,42948125.1222330183,5,0-1,REROUTED
129400000000,12,13,12-8-9-10-6-13,42944242.7298778519,5,0-1,REROUTED
129500000000,12,13,12-8-9-10-6-13,42940367.2287560254,5,0-1,REROUTED
129600000000,12,13,12-8-9-10-6-13,42936496.1892242655,5,0-1,REROUTED
129700000000,12,13,12-8-9-10-6-13,42932623.7265837342,5,0-1,REROUTED
129800000000,12,13,12-8-9-10-6-13,42928759.1942459196,5,0-1,REROUTED
129900000000,12,13,12-8-9-10-6-13,42924900.3432433382,5,0-1,REROUTED
130000000000,12,13,12-8-9-10-6-13,42921044.6418462172,5,0-1,REROUTED
130100000000,12,13,12-8-9-10-6-13,42917189.0787624717,5,0-1,REROUTED
130200000000,12,13,12-8-9-10-6-13,42913341.2950116098,5,0-1,REROUTED
130300000000,12,13,12-8-9-10-6-13,42909497.8554342985,5,0-1,REROUTED
130400000000,12,13,12-8-9-10-6-13,42905653.7689652741,5,0-1,REROUTED
130500000000,12,13,12-8-9-10-6-13,42901819.8940242529,5,0-1,REROUTED
130600000000,12,13,12-8-9-10-6-13,42897994.1156659350,5,0-1,REROUTED
130700000000,12,13,12-8-9-10-6-13,42894163.5420698747,5,0-1,REROUTED
130800000000,12,13,12-8-9-10-6-13,42890343.8825556487,5,0-1,REROUTED
130900000000,12,13,12-8-9-10-6-13,42886515.9148778617,5,0-1,REROUTED
131000000000,12,13,12-8-9-10-6-13,42882706.3803092092,5,0-1,REROUTED
131100000000,12,13,12-8-9-10-6-13,42878894.1769072041,5,0-1,REROUTED
131200000000,12,13,12-8-9-10-6-13,42875083.9120737314,5,0-1,REROUTED
131300000000,12,13,12-8-9-10-6-13,42871282.6576842293,5,0-1,REROUTED
131400000000,12,13,12-8-9-10-6-13,42867482.5376747400,5,0-1,REROUTED
131500000000,12,13,12-8-9-10-6-13,42863687.7307720706,5,0-1,REROUTED
131600000000,12,13,12-8-9-10-6-13,42859901.5363881737,5,0-1,REROUTED
131700000000,12,13,12-8-9-10-6-13,42856115.2444258556,5,0-1,REROUTED
131800000000,12,13,12-8-9-10-6-13,42852331.3601968437,5,0-1,REROUTED
131900000000,12,13,12-8-9-10-6-13,42848549.3668693677,5,0-1,REROUTED
132000000000,12,13,12-8-9-10-6-13,42844777.7082948461,5,0-1,REROUTED
132100000000,12,13,12-8-9-10-6-13,42841012.3236865699,5,0-1,REROUTED
132200000000,12,13,12-8-9-10-6-13,42837241.8200885728,5,0-1,REROUTED
132300000000,12,13,12-8-9-10-6-13,42833479.8091227040,5,0-1,REROUTED
132400000000,12,13,12-8-9-10-6-13,42829720.4514719546,5,0-1,REROUTED
132500000000,12,13,12-8-9-10-6-13,42825975.0857324004,5,0-1,REROUTED
132600000000,12,13,12-8-9-10-6-13,42822222.5297427177,5,0-1,REROUTED
132700000000,12,13,12-8-9-10-6-13,42818479.1081126779,5,0-1,REROUTED
132800000000,12,13,12-8-9-10-6-13,42814736.1499631852,5,0-1,REROUTED
132900000000,12,13,12-8-9-10-6-13,42810998.1227874309,5,0-1,REROUTED
133000000000,12,13,12-8-9-10-6-13,42807264.8421907425,5,0-1,REROUTED
133100000000,12,13,12-8-9-10-6-13,42803537.1945316419,5,0-1,REROUTED
133200000000,12,13,12-8-9-10-6-13,42799813.0931125805,5,0-1,REROUTED
133300000000,12,13,12-8-9-10-6-13,42796095.7166340575,5,0-1,REROUTED
133400000000,12,13,12-8-9-10-6-13,42792379.8877438456,5,0-1,REROUTED
133500000000,12,13,12-8-9-10-6-13,42788663.1393744573,5,0-1,REROUTED
133600000000,12,13,12-8-9-10-6-13,42784957.8383389190,5,0-1,REROUTED
133700000000,12,13,12-8-9-10-6-13,42781255.5851707086,5,0-1,REROUTED
133800000000,12,13,12-8-9-10-6-13,42777558.6211955771,5,0-1,REROUTED
133900000000,12,13,12-8-9-10-6-13,42773861.5237981454,5,0-1,REROUTED
134000000000,12,13,12-8-9-10-6-13,42770173.2972584590,5,0-1,REROUTED
134100000000,12,13,12-8-9-10-6-13,42766488.4002897814,5,0-1,REROUTED
134200000000,12,13,12-8-9-10-6-13,42762805.5944089592,5,0-1,REROUTED
134300000000,12,13,12-8-9-10-6-13,42759128.4251286909,5,0-1,REROUTED
134400000000,12,13,12-8-9-10-6-13,42755451.5461870655,5,0-1,REROUTED
134500000000,12,13,12-8-9-10-6-13,42751782.6504900903,5,0-1,REROUTED
134600000000,12,13,12-8-9-10-6-13,42748116.8489927724,5,0-1,REROUTED
134700000000,12,13,12-8-9-10-6-13,42744461.7699159831,5,0-1,REROUTED
134800000000,12,13,12-8-9-10-6-13,42740796.1190232038,5,0-1,REROUTED
134900000000,12,13,12-8-9-10-6-13,42737143.2277494296,5,0-1,REROUTED
135000000000,12,13,12-8-9-10-6-13,42733500.2270589620,5,0-1,REROUTED
135100000000,12,13,12-8-9-10-6-13,42729852.3328266367,5,0-1,REROUTED
135200000000,12,13,12-8-9-10-6-13,42726214.4339424372,5,0-1,REROUTED
135300000000,12,13,12-8-9-10-6-13,42722573.6150713041,5,0-1,REROUTED
135400000000,12,13,12-8-9-10-6-13,42718941.1320399269,5,0-1,REROUTED
135500000000,12,13,12-8-9-10-6-13,42715313.6477311477,5,0-1,REROUTED
135600000000,12,13,12-8-9-10-6-13,42711692.9502364099,5,0-1,REROUTED
135700000000,12,13,12-8-9-10-6-13,42708077.3774325773,5,0-1,REROUTED
135800000000,12,13,12-8-9-10-6-13,42704457.3775338009,5,0-1,REROUTED
135900000000,12,13,12-8-9-10-6-13,42700847.1984462440,5,0-1,REROUTED
136000000000,12,13,12-8-9-10-6-13,42697236.0935238302,5,0-1,REROUTED
136100000000,12,13,12-8-9-10-6-13,42693637.5992600769,5,0-1,REROUTED
136200000000,12,13,12-8-9-10-6-13,42690037.9328597486,5,0-1,REROUTED
136300000000,12,13,12-8-9-10-6-13,42686443.1887465641,5,0-1,REROUTED
136400000000,12,13,12-8-9-10-6-13,42682854.2532452941,5,0-1,REROUTED
136500000000,12,13,12-8-9-10-6-13,42679267.2363771051,5,0-1,REROUTED
136600000000,12,13,12-8-9-10-6-13,42675679.1915513203,5,0-1,REROUTED
136700000000,12,13,12-8-9-10-6-13,42672111.2955132797,5,0-1,REROUTED
136800000000,12,13,12-8-9-10-6-13,42668534.0154873431,5,0-1,REROUTED
136900000000,12,13,12-8-9-10-6-13,42664963.3737297878,5,0-1,REROUTED
137000000000,12,13,12-8-9-10-6-13,42661401.6215620860,5,0-1,REROUTED
137100000000,12,13,12-8-9-10-6-13,42657837.8119310141,5,0-1,REROUTED
137200000000,12,13,12-8-9-10-6-13,42654282.2798475325,5,0-1,REROUTED
137300000000,12,13,12-8-9-10-6-13,42650729.8261973858,5,0-1,REROUTED
137400000000,12,13,12-8-9-10-6-13,42647181.1884189770,5,0-1,REROUTED
137500000000,12,13,12-8-9-10-6-13,42643634.4692023695,5,0-1,REROUTED
137600000000,12,13,12-8-9-10-6-13,42640098.6825447455,5,0-1,REROUTED
137700000000,12,13,12-8-9-10-6-13,42636561.8778803945,5,0-1,REROUTED
137800000000,12,13,12-8-9-10-6-13,42633034.9217975289,5,0-1,REROUTED
137900000000,12,13,12-8-9-10-6-13,42629502.1604620069,5,0-1,REROUTED
138000000000,12,13,12-8-9-10-6-13,42625981.7185754180,5,0-1,REROUTED
138100000000,12,13,12-8-9-10-6-13,42622463.5747818574,5,0-1,REROUTED
138200000000,12,13,12-8-9-10-6-13,42618951.8526241705,5,0-1,REROUTED
138300000000,12,13,12-8-9-10-6-13,42615435.7587091699,5,0-1,REROUTED
138400000000,12,13,12-8-9-10-6-13,42611931.6948503107,5,0-1,REROUTED
138500000000,12,13,12-8-9-10-6-13,42608428.7774345800,5,0-1,REROUTED
138600000000,12,13,12-8-9-10-6-13,42604932.6296450198,5,0-1,REROUTED
138700000000,12,13,12-8-9-10-6-13,42601438.4635734558,5,0-1,REROUTED
138800000000,12,13,12-8-9-10-6-13,42597945.6459303200,5,0-1,REROUTED
138900000000,12,13,12-8-9-10-6-13,42594462.0071558952,5,0-1,REROUTED
139000000000,12,13,12-8-9-10-6-13,42590984.3446864784,5,0-1,REROUTED
139100000000,12,13,12-8-9-10-6-13,42587503.7173289955,5,0-1,REROUTED
139200000000,12,13,12-8-9-10-6-13,42584036.5733699799,5,0-1,REROUTED
139300000000,12,13,12-8-9-10-6-13,42580561.8059728667,5,0-1,REROUTED
139400000000,12,13,12-8-9-10-6-13,42577103.4141802341,5,0-1,REROUTED
139500000000,12,13,12-8-9-10-6-13,42573642.6229654476,5,0-1,REROUTED
139600000000,12,13,12-8-9-10-6-13,42570187.5441869572,5,0-1,REROUTED
139700000000,12,13,12-8-9-10-6-13,42566734.4776545241,5,0-1,REROUTED
139800000000,12,13,12-8-9-10-6-13,42563287.8555916250,5,0-1,REROUTED
139900000000,12,13,12-8-9-10-6-13,42559848.4396609217,5,0-1,REROUTED
140000000000,12,13,12-8-9-10-6-13,42556403.6607776955,5,0-1,REROUTED
140100000000,12,13,12-8-9-10-6-13,42552977.0001946762,5,0-1,REROUTED
140200000000,12,13,12-8-9-10-6-13,42549542.4740063697,5,0-1,REROUTED
140300000000,12,13,12-8-9-10-6-13,42546114.5108983666,5,0-1,REROUTED
140400000000,12,13,12-8-9-10-6-13,42542695.1233610660,5,0-1,REROUTED
140500000000,12,13,12-8-9-10-6-13,42539277.2564007118,5,0-1,REROUTED
140600000000,12,13,12-8-9-10-6-13,42535861.1292870268,5,0-1,REROUTED
140700000000,12,13,12-8-9-10-6-13,42532458.3920115232,5,0-1,REROUTED
140800000000,12,13,12-8-9-10-6-13,42529048.6824341491,5,0-1,REROUTED
140900000000,12,13,12-8-9-10-6-13,42525651.4912752286,5,0-1,REROUTED
141000000000,12,13,12-8-9-10-6-13,42522251.3700377122,5,0-1,REROUTED
141100000000,12,13,12-8-9-10-6-13,42518862.1063528657,5,0-1,REROUTED
141200000000,12,13,12-8-9-10-6-13,42515473.4911452904,5,0-1,REROUTED
141300000000,12,13,12-8-9-10-6-13,42512089.4648471177,5,0-1,REROUTED
141400000000,12,13,12-8-9-10-6-13,42508712.0852795467,5,0-1,REROUTED
141500000000,12,13,12-8-9-10-6-13,42505335.5027321428,5,0-1,REROUTED
141600000000,12,13,12-8-9-10-6-13,42501965.8993954435,5,0-1,REROUTED
141700000000,12,13,12-8-9-10-6-13,42498602.5350924358,5,0-1,REROUTED
141800000000,12,13,12-8-9-10-6-13,42495242.1117107496,5,0-1,REROUTED
141900000000,12,13,12-8-9-10-6-13,42491882.0672394410,5,0-1,REROUTED
142000000000,12,13,12-8-9-10-6-13,42488521.8432890549,5,0-1,REROUTED
142100000000,12,13,12-8-9-10-6-13,42485172.2488787323,5,0-1,REROUTED
142200000000,12,13,12-8-9-10-6-13,42481833.2235404179,5,0-1,REROUTED
142300000000,12,13,12-8-9-10-6-13,42478489.2415262461,5,0-1,REROUTED
142400000000,12,13,12-8-9-10-6-13,42475153.9881210551,5,0-1,REROUTED
142500000000,12,13,12-8-9-10-6-13,42471822.5479654297,5,0-1,REROUTED
142600000000,12,13,12-8-9-10-6-13,42468493.1642232239,5,0-1,REROUTED
142700000000,12,13,12-8-9-10-6-13,42465170.0012050942,5,0-1,REROUTED
142800000000,12,13,12-8-9-10-6-13,42461848.0290143341,5,0-1,REROUTED
142900000000,12,13,12-8-9-10-6-13,42458532.1738442108,5,0-1,REROUTED
143000000000,12,13,12-8-9-10-6-13,42455220.2981798649,5,0-1,REROUTED
143100000000,12,13,12-8-9-10-6-13,42451914.6144773737,5,0-1,REROUTED
143200000000,12,13,12-8-9-10-6-13,42448613.8568259776,5,0-1,REROUTED
143300000000,12,13,12-8-9-10-6-13,42445312.5416016728,5,0-1,REROUTED
143400000000,12,13,12-8-9-10-6-13,42442016.4198072106,5,0-1,REROUTED
143500000000,12,13,12-8-9-10-6-13,42438731.3440642729,5,0-1,REROUTED
143600000000,12,13,12-8-9-10-6-13,42435444.8090318218,5,0-1,REROUTED
143700000000,12,13,12-8-9-10-6-13,42432163.2342800051,5,0-1,REROUTED
143800000000,12,13,12-8-9-10-6-13,42428882.7601204589,5,0-1,REROUTED
143900000000,12,13,12-8-9-10-6-13,42425611.9891764671,5,0-1,REROUTED
144000000000,12,13,12-8-9-10-6-13,42422344.2852231488,5,0-1,REROUTED
144100000000,12,13,12-8-9-10-6-13,42419080.7697829604,5,0-1,REROUTED
144200000000,12,13,12-8-9-10-6-13,42415816.1744237393,5,0-1,REROUTED
144300000000,12,13,12-8-9-10-6-13,42412559.9655326754,5,0-1,REROUTED
144400000000,12,13,12-8-9-10-6-13,42409312.9681959152,5,0-1,REROUTED
144500000000,12,13,12-8-9-10-6-13,42406061.5555480346,5,0-1,REROUTED
144600000000,12,13,12-8-9-10-6-13,42402821.0320739672,5,0-1,REROUTED
144700000000,12,13,12-8-9-10-6-13,42399579.4775107354,5,0-1,REROUTED
144800000000,12,13,12-8-9-10-6-13,42396343.5746548176,5,0-1,REROUTED
144900000000,12,13,12-8-9-10-6-13,42393116.8108663261,5,0-1,REROUTED
145000000000,12,13,12-8-9-10-6-13,42389890.6734400615,5,0-1,REROUTED
145100000000,12,13,12-8-9-10-6-13,42386665.0087167174,5,0-1,REROUTED
145200000000,12,13,12-8-9-10-6-13,42383452.4157958701,5,0-1,REROUTED
145300000000,12,13,12-8-9-10-6-13,42380237.5032546520,5,0-1,REROUTED
145400000000,12,13,12-8-9-10-6-13,42377031.5649380237,5,0-1,REROUTED
145500000000,12,13,12-8-9-10-6-13,42373820.3231886402,5,0-1,REROUTED
145600000000,12,13,12-8-9-10-6-13,42370621.1781519502,5,0-1,REROUTED
145700000000,12,13,12-8-9-10-6-13,42367427.4966552705,5,0-1,REROUTED
145800000000,12,13,12-8-9-10-6-13,42364235.6089191660,5,0-1,REROUTED
145900000000,12,13,12-8-9-10-6-13,42361050.8943483606,5,0-1,REROUTED
146000000000,12,13,12-8-9-10-6-13,42357863.0103561506,5,0-1,REROUTED
146100000000,12,13,12-8-9-10-6-13,42354684.4687087014,5,0-1,REROUTED
146200000000,12,13,12-8-9-10-6-13,42351511.0296352431,5,0-1,REROUTED
146300000000,12,13,12-8-9-10-6-13,42348340.9627605975,5,0-1,REROUTED
146400000000,12,13,12-8-9-10-6-13,42345171.7276487499,5,0-1,REROUTED
146500000000,12,13,12-8-9-10-6-13,42342009.1766210124,5,0-1,REROUTED
146600000000,12,13,12-8-9-10-6-13,42338850.9588190392,5,0-1,REROUTED
146700000000,12,13,12-8-9-10-6-13,42335701.8643405735,5,0-1,REROUTED
146800000000,12,13,12-8-9-10-6-13,42332553.3281989992,5,0-1,REROUTED
146900000000,12,13,12-8-9-10-6-13,42329404.4961549789,5,0-1,REROUTED
147000000000,12,13,12-8-9-10-6-13,42326263.8848780394,5,0-1,REROUTED
147100000000,12,13,12-8-9-10-6-13,42323125.9944374263,5,0-1,REROUTED
147200000000,12,13,12-8-9-10-6-13,42319995.1342949420,5,0-1,REROUTED
147300000000,12,13,12-8-9-10-6-13,42316869.1815815642,5,0-1,REROUTED
147400000000,12,13,12-8-9-10-6-13,42313744.7935328409,5,0-1,REROUTED
147500000000,12,13,12-8-9-10-6-13,42310627.7862930596,5,0-1,REROUTED
147600000000,12,13,12-8-9-10-6-13,42307512.9672584832,5,0-1,REROUTED
147700000000,12,13,12-8-9-10-6-13,42304400.2785320580,5,0-1,REROUTED
147800000000,12,13,12-8-9-10-6-13,42301296.1743111387,5,0-1,REROUTED
147900000000,12,13,12-8-9-10-6-13,42298189.1868639514,5,0-1,REROUTED
148000000000,12,13,12-8-9-10-6-13,42295095.1810975745,5,0-1,REROUTED
148100000000,12,13,12-8-9-10-6-13,42292005.9263766035,5,0-1,REROUTED
148200000000,12,13,12-8-9-10-6-13,42288912.7756802738,5,0-1,REROUTED
148300000000,12,13,12-8-9-10-6-13,42285830.3634081110,5,0-1,REROUTED
148400000000,12,13,12-8-9-10-6-13,42282746.3008082509,5,0-1,REROUTED
148500000000,12,13,12-8-9-10-6-13,42279666.0827665031,5,0-1,REROUTED
148600000000,12,13,12-8-9-10-6-13,42276596.6031496897,5,0-1,REROUTED
148700000000,12,13,12-8-9-10-6-13,42273532.1431221142,5,0-1,REROUTED
148800000000,12,13,12-8-9-10-6-13,42270467.1350278929,5,0-1,REROUTED
148900000000,12,13,12-8-9-10-6-13,42267407.7955693156,5,0-1,REROUTED
149000000000,12,13,12-8-9-10-6-13,42264352.2513208166,5,0-1,REROUTED
149100000000,12,13,12-8-9-10-6-13,42261302.3290055990,5,0-1,REROUTED
149200000000,12,13,12-8-9-10-6-13,42258257.0010119155,5,0-1,REROUTED
149300000000,12,13,12-8-9-10-6-13,42255211.2996585593,5,0-1,REROUTED
149400000000,12,13,12-8-9-10-6-13,42252175.1369885579,5,0-1,REROUTED
149500000000,12,13,12-8-9-10-6-13,42249143.4094732106,5,0-1,REROUTED
149600000000,12,13,12-8-9-10-6-13,42246113.3002317920,5,0-1,REROUTED
149700000000,12,13,12-8-9-10-6-13,42243091.8111172691,5,0-1,REROUTED
149800000000,12,13,12-8-9-10-6-13,42240067.1293249205,5,0-1,REROUTED
149900000000,12,13,12-8-9-10-6-13,42237053.5679060370,5,0-1,REROUTED
150000000000,12,13,12-8-9-10-6-13,42234037.9425443858,5,0-1,REROUTED
150100000000,12,13,12-8-9-10-6-13,42231035.4230986685,5,0-1,REROUTED
150200000000,12,13,12-8-9-10-6-13,42228028.3935349137,5,0-1,REROUTED
150300000000,12,13,12-8-9-10-6-13,42225034.2197876051,5,0-1,REROUTED
150400000000,12,13,12-8-9-10-6-13,42222035.0150803253,5,0-1,REROUTED
150500000000,12,13,12-8-9-10-6-13,42219050.3003821895,5,0-1,REROUTED
150600000000,12,13,12-8-9-10-6-13,42216058.6505775377,5,0-1,REROUTED
150700000000,12,13,12-8-9-10-6-13,42213075.4914831892,5,0-1,REROUTED
150800000000,12,13,12-8-9-10-6-13,42210102.8776570484,5,0-1,REROUTED
150900000000,12,13,12-8-9-10-6-13,42207130.4773330316,5,0-1,REROUTED
151000000000,12,13,12-8-9-10-6-13,42204158.8651168421,5,0-1,REROUTED
151100000000,12,13,12-8-9-10-6-13,42201194.6887678802,5,0-1,REROUTED
151200000000,12,13,12-8-9-10-6-13,42198233.5766676590,5,0-1,REROUTED
151300000000,12,13,12-8-9-10-6-13,42195279.5282635987,5,0-1,REROUTED
151400000000,12,13,12-8-9-10-6-13,42192321.5721835345,5,0-1,REROUTED
151500000000,12,13,12-8-9-10-6-13,42189381.5641213730,5,0-1,REROUTED
151600000000,12,13,12-8-9-10-6-13,42186437.2941982821,5,0-1,REROUTED
151700000000,12,13,12-8-9-10-6-13,42183499.3051818460,5,0-1,REROUTED
151800000000,12,13,12-8-9-10-6-13,42180559.7782203481,5,0-1,REROUTED
151900000000,12,13,12-8-9-10-6-13,42177633.1949002147,5,0-1,REROUTED
152000000000,12,13,12-8-9-10-6-13,42174705.8166479319,5,0-1,REROUTED
152100000000,12,13,12-8-9-10-6-13,42171788.3562923521,5,0-1,REROUTED
152200000000,12,13,12-8-9-10-6-13,42168869.7540142015,5,0-1,REROUTED
152300000000,12,13,12-8-9-10-6-13,42165959.8232577890,5,0-1,REROUTED
152400000000,12,13,12-8-9-10-6-13,42163051.0697053447,5,0-1,REROUTED
152500000000,12,13,12-8-9-10-6-13,42160148.5741282701,5,0-1,REROUTED
152600000000,12,13,12-8-9-10-6-13,42157246.6670810208,5,0-1,REROUTED
152700000000,12,13,12-8-9-10-6-13,42154349.6718224213,5,0-1,REROUTED
152800000000,12,13,12-8-9-10-6-13,42151459.3513689041,5,0-1,REROUTED
152900000000,12,13,12-8-9-10-6-13,42148566.9071266428,5,0-1,REROUTED
153000000000,12,13,12-8-9-10-6-13,42145685.7202639207,5,0-1,REROUTED
153100000000,12,13,12-8-9-10-6-13,42142809.3095986396,5,0-1,REROUTED
153200000000,12,13,12-8-9-10-6-13,42139938.1179198176,5,0-1,REROUTED
153300000000,12,13,12-8-9-10-6-13,42137065.2045748904,5,0-1,REROUTED
153400000000,12,13,12-8-9-10-6-13,42134206.3854256570,5,0-1,REROUTED
153500000000,12,13,12-8-9-10-6-13,42131338.3788440302,5,0-1,REROUTED
153600000000,12,13,12-8-9-10-6-13,42128483.2570842281,5,0-1,REROUTED
153700000000,12,13,12-8-9-10-6-13,42125631.2091057673,5,0-1,REROUTED
153800000000,12,13,12-8-9-10-6-13,42122785.0874566957,5,0-1,REROUTED
153900000000,12,13,12-8-9-10-6-13,42119937.2957701012,5,0-1,REROUTED
154000000000,12,13,12-8-9-10-6-13,42117101.8508950770,5,0-1,REROUTED
154100000000,12,13,12-8-9-10-6-13,42114267.3353605494,5,0-1,REROUTED
154200000000,12,13,12-8-9-10-6-13,42111430.2215471342,5,0-1,REROUTED
154300000000,12,13,12-8-9-10-6-13,42108610.9078438431,5,0-1,REROUTED
154400000000,12,13,12-8-9-10-6-13,42105789.7506680191,5,0-1,REROUTED
154500000000,12,13,12-8-9-10-6-13,42102968.2619584501,5,0-1,REROUTED
154600000000,12,13,12-8-9-10-6-13,42100154.6332580522,5,0-1,REROUTED
154700000000,12,13,12-8-9-10-6-13,42097350.2281268835,5,0-1,REROUTED
154800000000,12,13,12-8-9-10-6-13,42094544.3076649681,5,0-1,REROUTED
154900000000,12,13,12-8-9-10-6-13,42091740.8544486463,5,0-1,REROUTED
155000000000,12,13,12-8-9-10-6-13,42088948.1528391689,5,0-1,REROUTED
155100000000,12,13,12-8-9-10-6-13,42086153.2289516106,5,0-1,REROUTED
155200000000,12,13,12-8-9-10-6-13,42083367.7840624675,5,0-1,REROUTED
155300000000,12,13,12-8-9-10-6-13,42080585.2373066097,5,0-1,REROUTED
155400000000,12,13,12-8-9-10-6-13,42077806.6070996150,5,0-1,REROUTED
155500000000,12,13,12-8-9-10-6-13,42075031.9564300254,5,0-1,REROUTED
155600000000,12,13,12-8-9-10-6-13,42072258.7483282015,5,0-1,REROUTED
155700000000,12,13,12-8-9-10-6-13,42069493.7471194044,5,0-1,REROUTED
155800000000,12,13,12-8-9-10-6-13,42066735.4133937284,5,0-1,REROUTED
155900000000,12,13,12-8-9-10-6-13,42063974.4645987824,5,0-1,REROUTED
156000000000,12,13,12-8-9-10-6-13,42061222.8165488094,5,0-1,REROUTED
156100000000,12,13,12-8-9-10-6-13,42058478.7637872100,5,0-1,REROUTED
156200000000,12,13,12-8-9-10-6-13,42055730.3434210047,5,0-1,REROUTED
156300000000,12,13,12-8-9-10-6-13,42052993.1160923392,5,0-1,REROUTED
156400000000,12,13,12-8-9-10-6-13,42050252.1689658314,5,0-1,REROUTED
156500000000,12,13,12-8-9-10-6-13,42047523.6840257868,5,0-1,REROUTED
156600000000,12,13,12-8-9-10-6-13,42044796.1969803274,5,0-1,REROUTED
156700000000,12,13,12-8-9-10-6-13,42042079.7550153509,5,0-1,REROUTED
156800000000,12,13,12-8-9-10-6-13,42039359.5335017145,5,0-1,REROUTED
156900000000,12,13,12-8-9-10-6-13,42036645.1294357702,5,0-1,REROUTED
157000000000,12,13,12-8-9-10-6-13,42033937.1363250986,5,0-1,REROUTED
157100000000,12,13,12-8-9-10-6-13,42031230.9571318850,5,0-1,REROUTED
157200000000,12,13,12-8-9-10-6-13,42028530.5583559200,5,0-1,REROUTED
157300000000,12,13,12-8-9-10-6-13,42025830.5876649171,5,0-1,REROUTED
157400000000,12,13,12-8-9-10-6-13,42023142.0535331964,5,0-1,REROUTED
157500000000,12,13,12-8-9-10-6-13,42020456.7376796082,5,0-1,REROUTED
157600000000,12,13,12-8-9-10-6-13,42017772.9091900736,5,0-1,REROUTED
157700000000,12,13,12-8-9-10-6-13,42015093.8354914561,5,0-1,REROUTED
157800000000,12,13,12-8-9-10-6-13,42012416.1710132807,5,0-1,REROUTED
157900000000,12,13,12-8-9-10-6-13,42009746.9369291514,5,0-1,REROUTED
158000000000,12,13,12-8-9-10-6-13,42007081.0666054115,5,0-1,REROUTED
158100000000,12,13,12-8-9-10-6-13,42004422.4790601507,5,0-1,REROUTED
158200000000,12,13,12-8-9-10-6-13,42001765.3794598728,5,0-1,REROUTED
158300000000,12,13,12-8-9-10-6-13,41999109.6381885260,5,0-1,REROUTED
158400000000,12,13,12-8-9-10-6-13,41996460.4346435741,5,0-1,REROUTED
158500000000,12,13,12-8-9-10-6-13,41993817.5034521148,5,0-1,REROUTED
158600000000,12,13,12-8-9-10-6-13,41991178.7569891736,5,0-1,REROUTED
158700000000,12,13,12-8-9-10-6-13,41988542.7017345577,5,0-1,REROUTED
158800000000,12,13,12-8-9-10-6-13,41985912.2621243522,5,0-1,REROUTED
158900000000,12,13,12-8-9-10-6-13,41983286.4560592324,5,0-1,REROUTED
159000000000,12,13,12-8-9-10-6-13,41980657.8102193922,5,0-1,REROUTED
159100000000,12,13,12-8-9-10-6-13,41978046.5221188888,5,0-1,REROUTED
159200000000,12,13,12-8-9-10-6-13,41975433.4063969180,5,0-1,REROUTED
159300000000,12,13,12-8-9-10-6-13,41972821.5940998048,5,0-1,REROUTED
159400000000,12,13,12-8-9-10-6-13,41970217.2505929694,5,0-1,REROUTED
159500000000,12,13,12-8-9-10-6-13,41967611.5460458249,5,0-1,REROUTED
159600000000,12,13,12-8-9-10-6-13,41965019.4216227382,5,0-1,REROUTED
159700000000,12,13,12-8-9-10-6-13,41962425.6894562095,5,0-1,REROUTED
159800000000,12,13,12-8-9-10-6-13,41959839.3072415218,5,0-1,REROUTED
159900000000,12,13,12-8-9-10-6-13,41957257.4225262702,5,0-1,REROUTED
160000000000,12,13,12-8-9-10-6-13,41954679.2195643783,5,0-1,REROUTED
160100000000,12,13,12-8-9-10-6-13,41952102.7925134525,5,0-1,REROUTED
160200000000,12,13,12-8-9-10-6-13,41949531.2031444311,5,0-1,REROUTED
160300000000,12,13,12-8-9-10-6-13,41946969.9836234003,5,0-1,REROUTED
160400000000,12,13,12-8-9-10-6-13,41944402.4956894517,5,0-1,REROUTED
160500000000,12,13,12-8-9-10-6-13,41941844.0668127686,5,0-1,REROUTED
160600000000,12,13,12-8-9-10-6-13,41939298.5390311331,5,0-1,REROUTED
160700000000,12,13,12-8-9-10-6-13,41936746.7866102681,5,0-1,REROUTED
160800000000,12,13,12-8-9-10-6-13,41934202.5699487701,5,0-1,REROUTED
160900000000,12,13,12-8-9-10-6-13,41931664.4863309041,5,0-1,REROUTED
161000000000,12,13,12-8-9-10-6-13,41929132.2355596349,5,0-1,REROUTED
161100000000,12,13,12-8-9-10-6-13,41926598.8658794165,5,0-1,REROUTED
161200000000,12,13,12-8-9-10-6-13,41924069.2090617940,5,0-1,REROUTED
161300000000,12,13,12-8-9-10-6-13,41921545.4113007635,5,0-1,REROUTED
161400000000,12,13,12-8-9-10-6-13,41919031.1268193647,5,0-1,REROUTED
161500000000,12,13,12-8-9-10-6-13,41916520.8258316964,5,0-1,REROUTED
161600000000,12,13,12-8-9-10-6-13,41914011.3007886112,5,0-1,REROUTED
161700000000,12,13,12-8-9-10-6-13,41911509.1646815836,5,0-1,REROUTED
161800000000,12,13,12-8-9-10-6-13,41909002.6504907236,5,0-1,REROUTED
161900000000,12,13,12-8-9-10-6-13,41906510.9193888754,5,0-1,REROUTED
162000000000,12,13,12-8-9-10-6-13,41904017.1952838227,5,0-1,REROUTED
162100000000,12,13,12-8-9-10-6-13,41901529.1465597823,5,0-1,REROUTED
162200000000,12,13,12-8-9-10-6-13,41899048.9032474384,5,0-1,REROUTED
162300000000,12,13,12-8-9-10-6-13,41896567.7165529653,5,0-1,REROUTED
162400000000,12,13,12-8-9-10-6-13,41894098.3953370750,5,0-1,REROUTED
162500000000,12,13,12-8-9-10-6-13,41891624.8926115632,5,0-1,REROUTED
162600000000,12,13,12-8-9-10-6-13,41889156.0202355459,5,0-1,REROUTED
162700000000,12,13,12-8-9-10-6-13,41886694.5300065652,5,0-1,REROUTED
162800000000,12,13,12-8-9-10-6-13,41884238.8470713943,5,0-1,REROUTED
162900000000,12,13,12-8-9-10-6-13,41881792.3430214748,5,0-1,REROUTED
163000000000,12,13,12-8-9-10-6-13,41879344.7997001931,5,0-1,REROUTED
163100000000,12,13,12-8-9-10-6-13,41876896.3948171735,5,0-1,REROUTED
163200000000,12,13,12-8-9-10-6-13,41874457.2043377832,5,0-1,REROUTED
163300000000,12,13,12-8-9-10-6-13,41872025.6639217138,5,0-1,REROUTED
163400000000,12,13,12-8-9-10-6-13,41869596.3087976575,5,0-1,REROUTED
163500000000,12,13,12-8-9-10-6-13,41867166.2923521027,5,0-1,REROUTED
163600000000,12,13,12-8-9-10-6-13,41864744.6281443015,5,0-1,REROUTED
163700000000,12,13,12-8-9-10-6-13,41862329.5904101208,5,0-1,REROUTED
163800000000,12,13,12-8-9-10-6-13,41859913.3243035600,5,0-1,REROUTED
163900000000,12,13,12-8-9-10-6-13,41857508.6810068712,5,0-1,REROUTED
164000000000,12,13,12-8-9-10-6-13,41855103.6060754806,5,0-1,REROUTED
164100000000,12,13,12-8-9-10-6-13,41852702.6152576506,5,0-1,REROUTED
164200000000,12,13,12-8-9-10-6-13,41850310.0947453827,5,0-1,REROUTED
164300000000,12,13,12-8-9-10-6-13,41847917.3351799771,5,0-1,REROUTED
164400000000,12,13,12-8-9-10-6-13,41845531.2048489749,5,0-1,REROUTED
164500000000,12,13,12-8-9-10-6-13,41843148.4320367053,5,0-1,REROUTED
164600000000,12,13,12-8-9-10-6-13,41840772.7984996215,5,0-1,REROUTED
164700000000,12,13,12-8-9-10-6-13,41838397.5967337042,5,0-1,REROUTED
164800000000,12,13,12-8-9-10-6-13,41836026.6676711366,5,0-1,REROUTED
164900000000,12,13,12-8-9-10-6-13,41833660.3692198992,5,0-1,REROUTED
165000000000,12,13,12-8-9-10-6-13,41831303.3747563288,5,0-1,REROUTED
165100000000,12,13,12-8-9-10-6-13,41828949.8949282616,5,0-1,REROUTED
165200000000,12,13,12-8-9-10-6-13,41826595.5017825440,5,0-1,REROUTED
165300000000,12,13,12-8-9-10-6-13,41824248.4557070509,5,0-1,REROUTED
165400000000,12,13,12-8-9-10-6-13,41821901.2099523768,5,0-1,REROUTED
165500000000,12,13,12-8-9-10-6-13,41819569.3284974396,5,0-1,REROUTED
165600000000,12,13,12-8-9-10-6-13,41817231.3995037451,5,0-1,REROUTED
165700000000,12,13,12-8-9-10-6-13,41814900.8514186740,5,0-1,REROUTED
165800000000,12,13,12-8-9-10-6-13,41812572.7648235261,5,0-1,REROUTED
165900000000,12,13,12-8-9-10-6-13,41810257.8043576702,5,0-1,REROUTED
166000000000,12,13,12-8-9-10-6-13,41807939.7993700653,5,0-1,REROUTED
166100000000,12,13,12-8-9-10-6-13,41805627.6534484997,5,0-1,REROUTED
166200000000,12,13,12-8-9-10-6-13,41803319.6787637100,5,0-1,REROUTED
166300000000,12,13,12-8-9-10-6-13,41801017.1000605598,5,0-1,REROUTED
166400000000,12,13,12-8-9-10-6-13,41798717.5215982720,5,0-1,REROUTED
166500000000,12,13,12-8-9-10-6-13,41796425.0480005145,5,0-1,REROUTED
166600000000,12,13,12-8-9-10-6-13,41794130.6147362590,5,0-1,REROUTED
166700000000,12,13,12-8-9-10-6-13,41791847.3384289593,5,0-1,REROUTED
166800000000,12,13,12-8-9-10-6-13,41789564.2348810732,5,0-1,REROUTED
166900000000,12,13,12-8-9-10-6-13,41787289.5742774382,5,0-1,REROUTED
167000000000,12,13,12-8-9-10-6-13,41785012.5805145800,5,0-1,REROUTED
167100000000,12,13,12-8-9-10-6-13,41782750.0962085947,5,0-1,REROUTED
167200000000,12,13,12-8-9-10-6-13,41780483.8547779173,5,0-1,REROUTED
167300000000,12,13,12-8-9-10-6-13,41778227.3332428560,5,0-1,REROUTED
167400000000,12,13,12-8-9-10-6-13,41775968.8073639870,5,0-1,REROUTED
167500000000,12,13,12-8-9-10-6-13,41773720.9419722706,5,0-1,REROUTED
167600000000,12,13,12-8-9-10-6-13,41771475.2417365983,5,0-1,REROUTED
167700000000,12,13,12-8-9-10-6-13,41769229.6459046975,5,0-1,REROUTED
167800000000,12,13,12-8-9-10-6-13,41766994.4927112386,5,0-1,REROUTED
167900000000,12,13,12-8-9-10-6-13,41764763.6267811731,5,0-1,REROUTED
168000000000,12,13,12-8-9-10-6-13,41762534.6554620713,5,0-1,REROUTED
168100000000,12,13,12-8-9-10-6-13,41760304.7825101465,5,0-1,REROUTED
168200000000,12,13,12-8-9-10-6-13,41758087.9776526168,5,0-1,REROUTED
168300000000,12,13,12-8-9-10-6-13,41755874.9495898187,5,0-1,REROUTED
168400000000,12,13,12-8-9-10-6-13,41753660.7170865685,5,0-1,REROUTED
168500000000,12,13,12-8-9-10-6-13,41751456.4715034589,5,0-1,REROUTED
168600000000,12,13,12-8-9-10-6-13,41749255.0458217487,5,0-1,REROUTED
168700000000,12,13,12-8-9-10-6-13,41747053.4530596808,5,0-1,REROUTED
168800000000,12,13,12-8-9-10-6-13,41744863.3804624006,5,0-1,REROUTED
168900000000,12,13,12-8-9-10-6-13,41742669.8296550736,5,0-1,REROUTED
169000000000,12,13,12-8-9-10-6-13,41740487.3311541677,5,0-1,REROUTED
169100000000,12,13,12-8-9-10-6-13,41738306.1928848624,5,0-1,REROUTED
169200000000,12,13,12-8-9-10-6-13,41736128.1866695061,5,0-1,REROUTED
169300000000,12,13,12-8-9-10-6-13,41733959.4618580192,5,0-1,REROUTED
169400000000,12,13,12-8-9-10-6-13,41731796.1448602825,5,0-1,REROUTED
169500000000,12,13,12-8-9-10-6-13,41729632.5824460611,5,0-1,REROUTED
169600000000,12,13,12-8-9-10-6-13,41727476.1901255399,5,0-1,REROUTED
169700000000,12,13,12-8-9-10-6-13,41725318.8309249133,5,0-1,REROUTED
169800000000,12,13,12-8-9-10-6-13,41723167.9839923158,5,0-1,REROUTED
169900000000,12,13,12-8-9-10-6-13,41721024.9305877090,5,0-1,REROUTED
170000000000,12,13,12-8-9-10-6-13,41718882.0877757221,5,0-1,REROUTED
170100000000,12,13,12-8-9-10-6-13,41716747.0146128461,5,0-1,REROUTED
170200000000,12,13,12-8-9-10-6-13,41714616.0152146891,5,0-1,REROUTED
170300000000,12,13,12-8-9-10-6-13,41712491.2214541659,5,0-1,REROUTED
170400000000,12,13,12-8-9-10-6-13,41710365.6592433080,5,0-1,REROUTED
170500000000,12,13,12-8-9-10-6-13,41708245.2953732833,5,0-1,REROUTED
170600000000,12,13,12-8-9-10-6-13,41706136.0452905819,5,0-1,REROUTED
170700000000,12,13,12-8-9-10-6-13,41704023.4520223290,5,0-1,REROUTED
170800000000,12,13,12-8-9-10-6-13,41701918.0054418817,5,0-1,REROUTED
170900000000,12,13,12-8-9-10-6-13,41699812.7104184180,5,0-1,REROUTED
171000000000,12,13,12-8-9-10-6-13,41697718.1578808799,5,0-1,REROUTED
171100000000,12,13,12-8-9-10-6-13,41695623.5522685871,5,0-1,REROUTED
171200000000,12,13,12-8-9-10-6-13,41693540.3854522109,5,0-1,REROUTED
171300000000,12,13,12-8-9-10-6-13,41691458.8092122301,5,0-1,REROUTED
171400000000,12,13,12-8-9-10-6-13,41689379.7204047590,5,0-1,REROUTED
171500000000,12,13,12-8-9-10-6-13,41687306.1624732018,5,0-1,REROUTED
171600000000,12,13,12-8-9-10-6-13,41685232.4588499218,5,0-1,REROUTED
171700000000,12,13,12-8-9-10-6-13,41683167.8532083929,5,0-1,REROUTED
171800000000,12,13,12-8-9-10-6-13,41681105.2654464096,5,0-1,REROUTED
171900000000,12,13,12-8-9-10-6-13,41679048.9591328874,5,0-1,REROUTED
172000000000,12,13,12-8-9-10-6-13,41677000.2951301783,5,0-1,REROUTED
172100000000,12,13,12-8-9-10-6-13,41674948.4839768410,5,0-1,REROUTED
172200000000,12,13,12-8-9-10-6-13,41672908.2958675772,5,0-1,REROUTED
172300000000,12,13,12-8-9-10-6-13,41670871.0653255954,5,0-1,REROUTED
172400000000,12,13,12-8-9-10-6-13,41668834.6058562547,5,0-1,REROUTED
172500000000,12,13,12-8-9-10-6-13,41666804.2867915854,5,0-1,REROUTED
172600000000,12,13,12-8-9-10-6-13,41664772.2573123500,5,0-1,REROUTED
172700000000,12,13,12-8-9-10-6-13,41662756.2345594019,5,0-1,REROUTED
172800000000,12,13,12-8-9-10-6-13,41660735.8511478603,5,0-1,REROUTED
172900000000,12,13,12-8-9-10-6-13,41658724.7161882594,5,0-1,REROUTED
173000000000,12,13,12-8-9-10-6-13,41656717.1734104902,5,0-1,REROUTED
173100000000,12,13,12-8-9-10-6-13,41654718.8294050545,5,0-1,REROUTED
173200000000,12,13,12-8-9-10-6-13,41652714.1209852174,5,0-1,REROUTED
173300000000,12,13,12-8-9-10-6-13,41650719.5512914062,5,0-1,REROUTED
173400000000,12,13,12-8-9-10-6-13,41648729.9018307030,5,0-1,REROUTED
173500000000,12,13,12-8-9-10-6-13,41646747.9935129508,5,0-1,REROUTED
173600000000,12,13,12-8-9-10-6-13,41644764.3690762967,5,0-1,REROUTED
173700000000,12,13,12-8-9-10-6-13,41642785.0512175560,5,0-1,REROUTED
173800000000,12,13,12-8-9-10-6-13,41640814.8681261465,5,0-1,REROUTED
173900000000,12,13,12-8-9-10-6-13,41638844.7649088055,5,0-1,REROUTED
174000000000,12,13,12-8-9-10-6-13,41636881.9362313077,5,0-1,REROUTED
174100000000,12,13,12-8-9-10-6-13,41634919.9436797425,5,0-1,REROUTED
174200000000,12,13,12-8-9-10-6-13,41632967.3362920880,5,0-1,REROUTED
174300000000,12,13,12-8-9-10-6-13,41631015.9918127134,5,0-1,REROUTED
174400000000,12,13,12-8-9-10-6-13,41629070.9837908149,5,0-1,REROUTED
174500000000,12,13,12-8-9-10-6-13,41627130.3932472393,5,0-1,REROUTED
174600000000,12,13,12-8-9-10-6-13,41625186.6667359844,5,0-1,REROUTED
174700000000,12,13,12-8-9-10-6-13,41623258.6881461963,5,0-1,REROUTED
174800000000,12,13,12-8-9-10-6-13,41621328.4392262623,5,0-1,REROUTED
174900000000,12,13,12-8-9-10-6-13,41619406.4426280260,5,0-1,REROUTED
175000000000,12,13,12-8-9-10-6-13,41617488.3356452584,5,0-1,REROUTED
175100000000,12,13,12-8-9-10-6-13,41615573.9418522865,5,0-1,REROUTED
175200000000,12,13,12-8-9-10-6-13,41613659.5438470319,5,0-1,REROUTED
175300000000,12,13,12-8-9-10-6-13,41611755.1278162226,5,0-1,REROUTED
175400000000,12,13,12-8-9-10-6-13,41609850.6161514297,5,0-1,REROUTED
175500000000,12,13,12-8-9-10-6-13,41607957.2351765335,5,0-1,REROUTED
175600000000,12,13,12-8-9-10-6-13,41606061.5047087148,5,0-1,REROUTED
175700000000,12,13,12-8-9-10-6-13,41604173.9006051347,5,0-1,REROUTED
175800000000,12,13,12-8-9-10-6-13,41602288.4362209216,5,0-1,REROUTED
175900000000,12,13,12-8-9-10-6-13,41600406.5180844292,5,0-1,REROUTED
176000000000,12,13,12-8-9-10-6-13,41598535.8046363890,5,0-1,REROUTED
176100000000,12,13,12-8-9-10-6-13,41596665.2484060079,5,0-1,REROUTED
176200000000,12,13,12-8-9-10-6-13,41594795.6380659118,5,0-1,REROUTED
176300000000,12,13,12-8-9-10-6-13,41592933.4474129304,5,0-1,REROUTED
176400000000,12,13,12-8-9-10-6-13,41591074.7737671807,5,0-1,REROUTED
176500000000,12,13,12-8-9-10-6-13,41589221.7916280702,5,0-1,REROUTED
176600000000,12,13,12-8-9-10-6-13,41587373.9935994223,5,0-1,REROUTED
176700000000,12,13,12-8-9-10-6-13,41585529.8029504269,5,0-1,REROUTED
176800000000,12,13,12-8-9-10-6-13,41583689.1382911876,5,0-1,REROUTED
176900000000,12,13,12-8-9-10-6-13,41581857.8944823965,5,0-1,REROUTED
177000000000,12,13,12-8-9-10-6-13,41580028.7662245780,5,0-1,REROUTED
177100000000,12,13,12-8-9-10-6-13,41578198.8168524876,5,0-1,REROUTED
177200000000,12,13,12-8-9-10-6-13,41576376.1447793692,5,0-1,REROUTED
177300000000,12,13,12-8-9-10-6-13,41574561.8881655484,5,0-1,REROUTED
177400000000,12,13,12-8-9-10-6-13,41572748.4464460984,5,0-1,REROUTED
177500000000,12,13,12-8-9-10-6-13,41570940.9481640011,5,0-1,REROUTED
177600000000,12,13,12-8-9-10-6-13,41569134.6874420941,5,0-1,REROUTED
177700000000,12,13,12-8-9-10-6-13,41567332.0595811009,5,0-1,REROUTED
177800000000,12,13,12-8-9-10-6-13,41565541.4960939810,5,0-1,REROUTED
177900000000,12,13,12-8-9-10-6-13,41563748.7370062992,5,0-1,REROUTED
178000000000,12,13,12-8-9-10-6-13,41561961.1707407609,5,0-1,REROUTED
178100000000,12,13,12-8-9-10-6-13,41560184.4799017012,5,0-1,REROUTED
178200000000,12,13,12-8-9-10-6-13,41558402.9083736017,5,0-1,REROUTED
178300000000,12,13,12-8-9-10-6-13,41556631.1461364552,5,0-1,REROUTED
178400000000,12,13,12-8-9-10-6-13,41554862.6600105464,5,0-1,REROUTED
178500000000,12,13,12-8-9-10-6-13,41553099.2656495571,5,0-1,REROUTED
178600000000,12,13,12-8-9-10-6-13,41551334.2007286176,5,0-1,REROUTED
178700000000,12,13,12-8-9-10-6-13,41549586.3874376267,5,0-1,REROUTED
178800000000,12,13,12-8-9-10-6-13,41547830.5016502887,5,0-1,REROUTED
178900000000,12,13,12-8-9-10-6-13,41546088.7878947407,5,0-1,REROUTED
179000000000,12,13,12-8-9-10-6-13,41544343.7835776508,5,0-1,REROUTED
179100000000,12,13,12-8-9-10-6-13,41542608.3691495210,5,0-1,REROUTED
179200000000,12,13,12-8-9-10-6-13,41540874.1644640118,5,0-1,REROUTED
179300000000,12,13,12-8-9-10-6-13,41539142.9690619335,5,0-1,REROUTED
179400000000,12,13,12-8-9-10-6-13,41537423.5175028443,5,0-1,REROUTED
179500000000,12,13,12-8-9-10-6-13,41535701.1172831878,5,0-1,REROUTED
179600000000,12,13,12-8-9-10-6-13,41533983.4146662652,5,0-1,REROUTED
179700000000,12,13,12-8-9-10-6-13,41532279.0311703607,5,0-1,REROUTED
179800000000,12,13,12-8-9-10-6-13,41530572.0192404985,5,0-1,REROUTED
179900000000,12,13,12-8-9-10-6-13,41528868.8054877669,5,0-1,REROUTED
180000000000,12,13,12-8-9-10-6-13,41527172.3388376534,5,0-1,REROUTED
180100000000,12,13,12-8-9-10-6-13,41525480.5780400932,5,0-1,REROUTED
180200000000,12,13,12-8-9-10-6-13,41523793.2342945710,5,0-1,REROUTED
180300000000,12,13,12-8-9-10-6-13,41522109.5029465109,5,0-1,REROUTED
180400000000,12,13,12-8-9-10-6-13,41520427.8409337178,5,0-1,REROUTED
180500000000,12,13,12-8-9-10-6-13,41518754.0022858307,5,0-1,REROUTED
180600000000,12,13,12-8-9-10-6-13,41517082.9356291667,5,0-1,REROUTED
180700000000,12,13,12-8-9-10-6-13,41515415.3947859406,5,0-1,REROUTED
180800000000,12,13,12-8-9-10-6-13,41513749.5708822757,5,0-1,REROUTED
180900000000,12,13,12-8-9-10-6-13,41512101.7629239708,5,0-1,REROUTED
181000000000,12,13,12-8-9-10-6-13,41510449.0530695915,5,0-1,REROUTED
181100000000,12,13,12-8-9-10-6-13,41508800.9237271249,5,0-1,REROUTED
181200000000,12,13,12-8-9-10-6-13,41507155.5434285104,5,0-1,REROUTED
181300000000,12,13,12-8-9-10-6-13,41505515.5668814704,5,0-1,REROUTED
181400000000,12,13,12-8-9-10-6-13,41503884.4889771044,5,0-1,REROUTED
181500000000,12,13,12-8-9-10-6-13,41502254.8144565299,5,0-1,REROUTED
181600000000,12,13,12-8-9-10-6-13,41500626.7402620167,5,0-1,REROUTED
181700000000,12,13,12-8-9-10-6-13,41499006.2800748423,5,0-1,REROUTED
181800000000,12,13,12-8-9-10-6-13,41497387.0030564144,5,0-1,REROUTED
181900000000,12,13,12-8-9-10-6-13,41495777.9098318964,5,0-1,REROUTED
182000000000,12,13,12-8-9-10-6-13,41494167.0436397418,5,0-1,REROUTED
182100000000,12,13,12-8-9-10-6-13,41492565.2371317446,5,0-1,REROUTED
182200000000,12,13,12-8-9-10-6-13,41490965.8923460841,5,0-1,REROUTED
182300000000,12,13,12-8-9-10-6-13,41489375.5621122718,5,0-1,REROUTED
182400000000,12,13,12-8-9-10-6-13,41487779.1363075301,5,0-1,REROUTED
182500000000,12,13,12-8-9-10-6-13,41486197.8281921223,5,0-1,REROUTED
182600000000,12,13,12-8-9-10-6-13,41484618.2349735498,5,0-1,REROUTED
182700000000,12,13,12-8-9-10-6-13,41483034.9913010299,5,0-1,REROUTED
182800000000,12,13,12-8-9-10-6-13,41481469.3492257521,5,0-1,REROUTED
182900000000,12,13,12-8-9-10-6-13,41479903.5706737936,5,0-1,REROUTED
183000000000,12,13,12-8-9-10-6-13,41478331.8136579692,5,0-1,REROUTED
183100000000,12,13,12-8-9-10-6-13,41476780.9676974341,5,0-1,REROUTED
183200000000,12,13,12-8-9-10-6-13,41475223.8907923400,5,0-1,REROUTED
183300000000,12,13,12-8-9-10-6-13,41473677.9690773189,5,0-1,REROUTED
183400000000,12,13,12-8-9-10-6-13,41472128.9467343390,5,0-1,REROUTED
183500000000,12,13,12-8-9-10-6-13,41470590.5132635683,5,0-1,REROUTED
183600000000,12,13,12-8-9-10-6-13,41469048.8896158487,5,0-1,REROUTED
183700000000,12,13,12-8-9-10-6-13,41467522.0418098569,5,0-1,REROUTED
183800000000,12,13,12-8-9-10-6-13,41465994.3746359572,5,0-1,REROUTED
183900000000,12,13,12-8-9-10-6-13,41464477.1607044041,5,0-1,REROUTED
184000000000,12,13,12-8-9-10-6-13,41462956.3713945076,5,0-1,REROUTED
184100000000,12,13,12-8-9-10-6-13,41461441.7866454422,5,0-1,REROUTED
184200000000,12,13,12-8-9-10-6-13,41459932.5194257498,5,0-1,REROUTED
184300000000,12,13,12-8-9-10-6-13,41458425.2200830579,5,0-1,REROUTED
184400000000,12,13,12-8-9-10-6-13,41456923.3672875091,5,0-1,REROUTED
184500000000,12,13,12-8-9-10-6-13,41455435.0327812880,5,0-1,REROUTED
184600000000,12,13,12-8-9-10-6-13,41453944.0426644608,5,0-1,REROUTED
184700000000,12,13,12-8-9-10-6-13,41452454.2061767429,5,0-1,REROUTED
184800000000,12,13,12-8-9-10-6-13,41450973.1950589642,5,0-1,REROUTED
184900000000,12,13,12-8-9-10-6-13,41449500.3987519071,5,0-1,REROUTED
185000000000,12,13,12-8-9-10-6-13,41448018.1740147546,5,0-1,REROUTED
185100000000,12,13,12-8-9-10-6-13,41446552.0720028356,5,0-1,REROUTED
185200000000,12,13,12-8-9-10-6-13,41445087.2324369997,5,0-1,REROUTED
185300000000,12,13,12-8-9-10-6-13,41443628.4242050722,5,0-1,REROUTED
185400000000,12,13,12-8-9-10-6-13,41442172.9995717481,5,0-1,REROUTED
185500000000,12,13,12-8-9-10-6-13,41440721.6841232553,5,0-1,REROUTED
185600000000,12,13,12-8-9-10-6-13,41439275.5460801274,5,0-1,REROUTED
185700000000,12,13,12-8-9-10-6-13,41437835.1760642454,5,0-1,REROUTED
185800000000,12,13,12-8-9-10-6-13,41436397.6895029321,5,0-1,REROUTED
185900000000,12,13,12-8-9-10-6-13,41434965.0298946723,5,0-1,REROUTED
186000000000,12,13,12-8-9-10-6-13,41433536.3456753790,5,0-1,REROUTED
186100000000,12,13,12-8-9-10-6-13,41432116.0103720054,5,0-1,REROUTED
186200000000,12,13,12-8-9-10-6-13,41430691.3824998513,5,0-1,REROUTED
186300000000,12,13,12-8-9-10-6-13,41429281.5004336834,5,0-1,REROUTED
186400000000,12,13,12-8-9-10-6-13,41427868.5812541693,5,0-1,REROUTED
186500000000,12,13,12-8-9-10-6-13,41426463.3642960042,5,0-1,REROUTED
186600000000,12,13,12-8-9-10-6-13,41425065.7936835960,5,0-1,REROUTED
186700000000,12,13,12-8-9-10-6-13,41423663.0978572741,5,0-1,REROUTED
186800000000,12,13,12-8-9-10-6-13,41422273.0229387656,5,0-1,REROUTED
186900000000,12,13,12-8-9-10-6-13,41420885.4083564803,5,0-1,REROUTED
187000000000,12,13,12-8-9-10-6-13,41419502.0716071054,5,0-1,REROUTED
187100000000,12,13,12-8-9-10-6-13,41418126.5704464763,5,0-1,REROUTED
187200000000,12,13,12-8-9-10-6-13,41416752.3694646284,5,0-1,REROUTED
187300000000,12,13,12-8-9-10-6-13,41415384.9295981452,5,0-1,REROUTED
187400000000,12,13,12-8-9-10-6-13,41414018.5825762153,5,0-1,REROUTED
187500000000,12,13,12-8-9-10-6-13,41412655.1968941391,5,0-1,REROUTED
187600000000,12,13,12-8-9-10-6-13,41411297.9686909616,5,0-1,REROUTED
187700000000,12,13,12-8-9-10-6-13,41409943.8560767993,5,0-1,REROUTED
187800000000,12,13,12-8-9-10-6-13,41408601.1151617244,5,0-1,REROUTED
187900000000,12,13,12-8-9-10-6-13,41407255.8957515880,5,0-1,REROUTED
188000000000,12,13,12-8-9-10-6-13,41405923.5551194400,5,0-1,REROUTED
188100000000,12,13,12-8-9-10-6-13,41404591.0734625757,5,0-1,REROUTED
188200000000,12,13,12-8-9-10-6-13,41403258.1931007281,5,0-1,REROUTED
188300000000,12,13,12-8-9-10-6-13,41401938.1736731306,5,0-1,REROUTED
188400000000,12,13,12-8-9-10-6-13,41400610.0517613217,5,0-1,REROUTED
188500000000,12,13,12-8-9-10-6-13,41399298.9636564106,5,0-1,REROUTED
188600000000,12,13,12-8-9-10-6-13,41397992.3611179292,5,0-1,REROUTED
188700000000,12,13,12-8-9-10-6-13,41396680.0686519295,5,0-1,REROUTED
188800000000,12,13,12-8-9-10-6-13,41395384.7397934347,5,0-1,REROUTED
188900000000,12,13,12-8-9-10-6-13,41394082.6552402824,5,0-1,REROUTED
189000000000,12,13,12-8-9-10-6-13,41392789.0727089271,5,0-1,REROUTED
189100000000,12,13,12-8-9-10-6-13,41391505.9442494288,5,0-1,REROUTED
189200000000,12,13,12-8-9-10-6-13,41390218.0307821333,5,0-1,REROUTED
189300000000,12,13,12-8-9-10-6-13,41388941.1993996724,5,0-1,REROUTED
189400000000,12,13,12-8-9-10-6-13,41387665.2874618694,5,0-1,REROUTED
189500000000,12,13,12-8-9-10-6-13,41386396.8493352011,5,0-1,REROUTED
189600000000,12,13,12-8-9-10-6-13,41385132.6654635668,5,0-1,REROUTED
189700000000,12,13,12-8-9-10-6-13,41383868.1576794907,5,0-1,REROUTED
189800000000,12,13,12-8-9-10-6-13,41382614.0322755352,5,0-1,REROUTED
189900000000,12,13,12-8-9-10-6-13,41381360.5571799725,5,0-1,REROUTED
190000000000,12,13,12-8-9-10-6-13,41380110.4200742170,5,0-1,REROUTED
190100000000,12,13,12-8-9-10-6-13,41378867.2500771433,5,0-1,REROUTED
190200000000,12,13,12-8-9-10-6-13,41377632.0572310761,5,0-1,REROUTED
190300000000,12,13,12-8-9-10-6-13,41376399.4172619879,5,0-1,REROUTED
190400000000,12,13,12-8-9-10-6-13,41375169.6674507856,5,0-1,REROUTED
190500000000,12,13,12-8-9-10-6-13,41373949.9824101850,5,0-1,REROUTED
190600000000,12,13,12-8-9-10-6-13,41372725.6963172406,5,0-1,REROUTED
190700000000,12,13,12-8-9-10-6-13,41371510.0099149942,5,0-1,REROUTED
190800000000,12,13,12-8-9-10-6-13,41370301.6906246692,5,0-1,REROUTED
190900000000,12,13,12-8-9-10-6-13,41369090.1096418574,5,0-1,REROUTED
191000000000,12,13,12-8-9-10-6-13,41367889.0340909436,5,0-1,REROUTED
191100000000,12,13,12-8-9-10-6-13,41366691.0140929595,5,0-1,REROUTED
191200000000,12,13,12-8-9-10-6-13,41365494.8647300377,5,0-1,REROUTED
191300000000,12,13,12-8-9-10-6-13,41364310.5660857931,5,0-1,REROUTED
191400000000,12,13,12-8-9-10-6-13,41363126.8515482098,5,0-1,REROUTED
191500000000,12,13,12-8-9-10-6-13,41361950.9445472211,5,0-1,REROUTED
191600000000,12,13,12-8-9-10-6-13,41360771.0263224915,5,0-1,REROUTED
191700000000,12,13,12-8-9-10-6-13,41359604.6001619250,5,0-1,REROUTED
191800000000,12,13,12-8-9-10-6-13,41358438.2402671501,5,0-1,REROUTED
191900000000,12,13,12-8-9-10-6-13,41357278.6390736029,5,0-1,REROUTED
192000000000,12,13,12-8-9-10-6-13,41356118.2644658014,5,0-1,REROUTED
192100000000,12,13,12-8-9-10-6-13,41354968.1107582524,5,0-1,REROUTED
192200000000,12,13,12-8-9-10-6-13,41353823.8669816405,5,0-1,REROUTED
192300000000,12,13,12-8-9-10-6-13,41352677.5563384891,5,0-1,REROUTED
192400000000,12,13,12-8-9-10-6-13,41351539.9656344578,5,0-1,REROUTED
192500000000,12,13,12-8-9-10-6-13,41350404.4535778984,5,0-1,REROUTED
192600000000,12,13,12-8-9-10-6-13,41349277.1466591731,5,0-1,REROUTED
192700000000,12,13,12-8-9-10-6-13,41348154.0362447128,5,0-1,REROUTED
192800000000,12,13,12-8-9-10-6-13,41347031.2130901143,5,0-1,REROUTED
192900000000,12,13,12-8-9-10-6-13,41345917.3387498856,5,0-1,REROUTED
193000000000,12,13,12-8-9-10-6-13,41344804.8332380876,5,0-1,REROUTED
193100000000,12,13,12-8-9-10-6-13,41343701.3305546716,5,0-1,REROUTED
193200000000,12,13,12-8-9-10-6-13,41342598.3761487752,5,0-1,REROUTED
193300000000,12,13,12-8-9-10-6-13,41341496.2717061341,5,0-1,REROUTED
193400000000,12,13,12-8-9-10-6-13,41340409.5405827686,5,0-1,REROUTED
193500000000,12,13,12-8-9-10-6-13,41339320.1701126173,5,0-1,REROUTED
193600000000,12,13,12-8-9-10-6-13,41338236.0310020894,5,0-1,REROUTED
193700000000,12,13,12-8-9-10-6-13,41337160.0237958208,5,0-1,REROUTED
193800000000,12,13,12-8-9-10-6-13,41336077.1789374948,5,0-1,REROUTED
193900000000,12,13,12-8-9-10-6-13,41335008.0956959426,5,0-1,REROUTED
194000000000,12,13,12-8-9-10-6-13,41333947.1121410877,5,0-1,REROUTED
194100000000,12,13,12-8-9-10-6-13,41332885.5905970559,5,0-1,REROUTED
194200000000,12,13,12-8-9-10-6-13,41331825.2259766310,5,0-1,REROUTED
194300000000,12,13,12-8-9-10-6-13,41330780.6296839938,5,0-1,REROUTED
194400000000,12,13,12-8-9-10-6-13,41329732.9800778478,5,0-1,REROUTED
194500000000,12,13,12-8-9-10-6-13,41328686.9381539077,5,0-1,REROUTED
194600000000,12,13,12-8-9-10-6-13,41327654.1938434169,5,0-1,REROUTED
194700000000,12,13,12-8-9-10-6-13,41326616.1165347472,5,0-1,REROUTED
194800000000,12,13,12-8-9-10-6-13,41325590.2933273539,5,0-1,REROUTED
194900000000,12,13,12-8-9-10-6-13,41324564.3966718689,5,0-1,REROUTED
195000000000,12,13,12-8-9-10-6-13,41323542.6236361712,5,0-1,REROUTED
195100000000,12,13,12-8-9-10-6-13,41322527.4643979445,5,0-1,REROUTED
195200000000,12,13,12-8-9-10-6-13,41321516.6572867557,5,0-1,REROUTED
195300000000,12,13,12-8-9-10-6-13,41320511.4608153626,5,0-1,REROUTED
195400000000,12,13,12-8-9-10-6-13,41319510.6592448726,5,0-1,REROUTED
195500000000,12,13,12-8-9-10-6-13,41318512.4994674176,5,0-1,REROUTED
195600000000,12,13,12-8-9-10-6-13,41317525.3277915791,5,0-1,REROUTED
195700000000,12,13,12-8-9-10-6-13,41316537.5967774466,5,0-1,REROUTED
195800000000,12,13,12-8-9-10-6-13,41315553.2350549474,5,0-1,REROUTED
195900000000,12,13,12-8-9-10-6-13,41314579.2376352474,5,0-1,REROUTED
196000000000,12,13,12-8-9-10-6-13,41313602.5672658682,5,0-1,REROUTED
196100000000,12,13,12-8-9-10-6-13,41312635.3535610959,5,0-1,REROUTED
196200000000,12,13,12-8-9-10-6-13,41311670.4195976555,5,0-1,REROUTED
196300000000,12,13,12-8-9-10-6-13,41310705.4007023126,5,0-1,REROUTED
196400000000,12,13,12-8-9-10-6-13,41309751.6187783480,5,0-1,REROUTED
196500000000,12,13,12-8-9-10-6-13,41308804.8912605271,5,0-1,REROUTED
196600000000,12,13,12-8-9-10-6-13,41307854.1877034456,5,0-1,REROUTED
196700000000,12,13,12-8-9-10-6-13,41306916.2662944943,5,0-1,REROUTED
196800000000,12,13,12-8-9-10-6-13,41305981.1621119902,5,0-1,REROUTED
196900000000,12,13,12-8-9-10-6-13,41305047.5079687983,5,0-1,REROUTED
197000000000,12,13,12-8-9-10-6-13,41304118.4558978900,5,0-1,REROUTED
197100000000,12,13,12-8-9-10-6-13,41303198.3773961365,5,0-1,REROUTED
197200000000,12,13,12-8-9-10-6-13,41302273.8583332375,5,0-1,REROUTED
197300000000,12,13,12-8-9-10-6-13,41301367.0495824814,5,0-1,REROUTED
197400000000,12,13,12-8-9-10-6-13,41300455.6425716951,5,0-1,REROUTED
197500000000,12,13,12-8-9-10-6-13,41299549.4702875987,5,0-1,REROUTED
197600000000,12,13,12-8-9-10-6-13,41298653.3082241341,5,0-1,REROUTED
197700000000,12,13,12-8-9-10-6-13,41297755.5364773497,5,0-1,REROUTED
197800000000,12,13,12-8-9-10-6-13,41296865.5758278370,5,0-1,REROUTED
197900000000,12,13,12-8-9-10-6-13,41295978.5986171663,5,0-1,REROUTED
198000000000,12,13,12-8-9-10-6-13,41295093.9956511706,5,0-1,REROUTED
198100000000,12,13,12-8-9-10-6-13,41294218.9943405613,5,0-1,REROUTED
198200000000,12,13,12-8-9-10-6-13,41293343.2004555389,5,0-1,REROUTED
198300000000,12,13,12-8-9-10-6-13,41292479.9959756359,5,0-1,REROUTED
198400000000,12,13,12-8-9-10-6-13,41291616.1055665240,5,0-1,REROUTED
198500000000,12,13,12-8-9-10-6-13,41290753.9607996643,5,0-1,REROUTED
198600000000,12,13,12-8-9-10-6-13,41289900.9356541857,5,0-1,REROUTED
198700000000,12,13,12-8-9-10-6-13,41289053.0526073948,5,0-1,REROUTED
198800000000,12,13,12-8-9-10-6-13,41288209.0540242642,5,0-1,REROUTED
198900000000,12,13,12-8-9-10-6-13,41287367.4037494063,5,0-1,REROUTED
199000000000,12,13,12-8-9-10-6-13,41286538.4957313538,5,0-1,REROUTED
199100000000,12,13,12-8-9-10-6-13,41285701.0241597444,5,0-1,REROUTED
199200000000,12,13,12-8-9-10-6-13,41284875.4974835739,5,0-1,REROUTED
199300000000,12,13,12-8-9-10-6-13,41284053.8755046129,5,0-1,REROUTED
199400000000,12,13,12-8-9-10-6-13,41283235.6495023295,5,0-1,REROUTED
199500000000,12,13,12-8-9-10-6-13,41282420.4080461338,5,0-1,REROUTED
199600000000,12,13,12-8-9-10-6-13,41281615.6618941724,5,0-1,REROUTED
199700000000,12,13,12-8-9-10-6-13,41280814.0252321288,5,0-1,REROUTED
199800000000,12,13,12-8-9-10-6-13,41280016.4241044298,5,0-1,REROUTED
199900000000,12,13,12-8-9-10-6-13,41279218.5438792855,5,0-1,REROUTED
0,12,13,,,0,0-1;10-11,DROPPED
100000000,12,13,,,0,0-1;10-11,DROPPED
200000000,12,13,,,0,0-1;10-11,DROPPED
300000000,12,13,,,0,0-1;10-11,DROPPED
400000000,12,13,,,0,0-1;10-11,DROPPED
500000000,12,13,,,0,0-1;10-11,DROPPED
600000000,12,13,,,0,0-1;10-11,DROPPED
700000000,12,13,,,0,0-1;10-11,DROPPED
800000000,12,13,,,0,0-1;10-11,DROPPED
900000000,12,13,,,0,0-1;10-11,DROPPED
1000000000,12,13,,,0,0-1;10-11,DROPPED
1100000000,12,13,,,0,0-1;10-11,DROPPED
1200000000,12,13,,,0,0-1;10-11,DROPPED
1300000000,12,13,,,0,0-1;10-11,DROPPED
1400000000,12,13,,,0,0-1;10-11,DROPPED
1500000000,12,13,,,0,0-1;10-11,DROPPED
1600000000,12,13,,,0,0-1;10-11,DROPPED
1700000000,12,13,,,0,0-1;10-11,DROPPED
1800000000,12,13,,,0,0-1;10-11,DROPPED
1900000000,12,13,,,0,0-1;10-11,DROPPED
2000000000,12,13,,,0,0-1;10-11,DROPPED
2100000000,12,13,,,0,0-1;10-11,DROPPED
2200000000,12,13,,,0,0-1;10-11,DROPPED
2300000000,12,13,,,0,0-1;10-11,DROPPED
2400000000,12,13,,,0,0-1;10-11,DROPPED
2500000000,12,13,,,0,0-1;10-11,DROPPED
2600000000,12,13,,,0,0-1;10-11,DROPPED
2700000000,12,13,,,0,0-1;10-11,DROPPED
2800000000,12,13,,,0,0-1;10-11,DROPPED
2900000000,12,13,,,0,0-1;10-11,DROPPED
3000000000,12,13,,,0,0-1;10-11,DROPPED
3100000000,12,13,,,0,0-1;10-11,DROPPED
3200000000,12,13,,,0,0-1;10-11,DROPPED
3300000000,12,13,,,0,0-1;10-11,DROPPED
3400000000,12,13,,,0,0-1;10-11,DROPPED
3500000000,12,13,,,0,0-1;10-11,DROPPED
3600000000,12,13,,,0,0-1;10-11,DROPPED
3700000000,12,13,,,0,0-1;10-11,DROPPED
3800000000,12,13,,,0,0-1;10-11,DROPPED
3900000000,12,13,,,0,0-1;10-11,DROPPED
4000000000,12,13,,,0,0-1;10-11,DROPPED
4100000000,12,13,,,0,0-1;10-11,DROPPED
4200000000,12,13,,,0,0-1;10-11,DROPPED
4300000000,12,13,,,0,0-1;10-11,DROPPED
4400000000,12,13,,,0,0-1;10-11,DROPPED
4500000000,12,13,,,0,0-1;10-11,DROPPED
4600000000,12,13,,,0,0-1;10-11,DROPPED
4700000000,12,13,,,0,0-1;10-11,DROPPED
4800000000,12,13,,,0,0-1;10-11,DROPPED
4900000000,12,13,,,0,0-1;10-11,DROPPED
5000000000,12,13,,,0,0-1;10-11,DROPPED
5100000000,12,13,,,0,0-1;10-11,DROPPED
5200000000,12,13,,,0,0-1;10-11,DROPPED
5300000000,12,13,,,0,0-1;10-11,DROPPED
5400000000,12,13,,,0,0-1;10-11,DROPPED
5500000000,12,13,,,0,0-1;10-11,DROPPED
5600000000,12,13,,,0,0-1;10-11,DROPPED
5700000000,12,13,,,0,0-1;10-11,DROPPED
5800000000,12,13,,,0,0-1;10-11,DROPPED
5900000000,12,13,,,0,0-1;10-11,DROPPED
6000000000,12,13,,,0,0-1;10-11,DROPPED
6100000000,12,13,,,0,0-1;10-11,DROPPED
6200000000,12,13,,,0,0-1;10-11,DROPPED
6300000000,12,13,,,0,0-1;10-11,DROPPED
6400000000,12,13,,,0,0-1;10-11,DROPPED
6500000000,12,13,,,0,0-1;10-11,DROPPED
6600000000,12,13,,,0,0-1;10-11,DROPPED
6700000000,12,13,,,0,0-1;10-11,DROPPED
6800000000,12,13,,,0,0-1;10-11,DROPPED
6900000000,12,13,,,0,0-1;10-11,DROPPED
7000000000,12,13,,,0,0-1;10-11,DROPPED
7100000000,12,13,,,0,0-1;10-11,DROPPED
7200000000,12,13,,,0,0-1;10-11,DROPPED
7300000000,12,13,,,0,0-1;10-11,DROPPED
7400000000,12,13,,,0,0-1;10-11,DROPPED
7500000000,12,13,,,0,0-1;10-11,DROPPED
7600000000,12,13,,,0,0-1;10-11,DROPPED
7700000000,12,13,,,0,0-1;10-11,DROPPED
7800000000,12,13,,,0,0-1;10-11,DROPPED
7900000000,12,13,,,0,0-1;10-11,DROPPED
8000000000,12,13,,,0,0-1;10-11,DROPPED
8100000000,12,13,,,0,0-1;10-11,DROPPED
8200000000,12,13,,,0,0-1;10-11,DROPPED
8300000000,12,13,,,0,0-1;10-11,DROPPED
8400000000,12,13,,,0,0-1;10-11,DROPPED
8500000000,12,13,,,0,0-1;10-11,DROPPED
8600000000,12,13,,,0,0-1;10-11,DROPPED
8700000000,12,13,,,0,0-1;10-11,DROPPED
8800000000,12,13,,,0,0-1;10-11,DROPPED
8900000000,12,13,,,0,0-1;10-11,DROPPED
9000000000,12,13,,,0,0-1;10-11,DROPPED
9100000000,12,13,,,0,0-1;10-11,DROPPED
9200000000,12,13,,,0,0-1;10-11,DROPPED
9300000000,12,13,,,0,0-1;10-11,DROPPED
9400000000,12,13,,,0,0-1;10-11,DROPPED
9500000000,12,13,,,0,0-1;10-11,DROPPED
9600000000,12,13,,,0,0-1;10-11,DROPPED
9700000000,12,13,,,0,0-1;10-11,DROPPED
9800000000,12,13,,,0,0-1;10-11,DROPPED
9900000000,12,13,,,0,0-1;10-11,DROPPED
10000000000,12,13,,,0,0-1;10-11,DROPPED
10100000000,12,13,,,0,0-1;10-11,DROPPED
10200000000,12,13,,,0,0-1;10-11,DROPPED
10300000000,12,13,,,0,0-1;10-11,DROPPED
10400000000,12,13,,,0,0-1;10-11,DROPPED
10500000000,12,13,,,0,0-1;10-11,DROPPED
10600000000,12,13,,,0,0-1;10-11,DROPPED
10700000000,12,13,,,0,0-1;10-11,DROPPED
10800000000,12,13,,,0,0-1;10-11,DROPPED
10900000000,12,13,,,0,0-1;10-11,DROPPED
11000000000,12,13,,,0,0-1;10-11,DROPPED
11100000000,12,13,,,0,0-1;10-11,DROPPED
11200000000,12,13,,,0,0-1;10-11,DROPPED
11300000000,12,13,,,0,0-1;10-11,DROPPED
11400000000,12,13,,,0,0-1;10-11,DROPPED
11500000000,12,13,,,0,0-1;10-11,DROPPED
11600000000,12,13,,,0,0-1;10-11,DROPPED
11700000000,12,13,,,0,0-1;10-11,DROPPED
11800000000,12,13,,,0,0-1;10-11,DROPPED
11900000000,12,13,,,0,0-1;10-11,DROPPED
12000000000,12,13,,,0,0-1;10-11,DROPPED
12100000000,12,13,,,0,0-1;10-11,DROPPED
12200000000,12,13,,,0,0-1;10-11,DROPPED
12300000000,12,13,,,0,0-1;10-11,DROPPED
12400000000,12,13,,,0,0-1;10-11,DROPPED
12500000000,12,13,,,0,0-1;10-11,DROPPED
12600000000,12,13,,,0,0-1;10-11,DROPPED
12700000000,12,13,,,0,0-1;10-11,DROPPED
12800000000,12,13,,,0,0-1;10-11,DROPPED
12900000000,12,13,,,0,0-1;10-11,DROPPED
13000000000,12,13,,,0,0-1;10-11,DROPPED
13100000000,12,13,,,0,0-1;10-11,DROPPED
13200000000,12,13,,,0,0-1;10-11,DROPPED
13300000000,12,13,,,0,0-1;10-11,DROPPED
13400000000,12,13,,,0,0-1;10-11,DROPPED
13500000000,12,13,,,0,0-1;10-11,DROPPED
13600000000,12,13,,,0,0-1;10-11,DROPPED
13700000000,12,13,,,0,0-1;10-11,DROPPED
13800000000,12,13,,,0,0-1;10-11,DROPPED
13900000000,12,13,,,0,0-1;10-11,DROPPED
14000000000,12,13,,,0,0-1;10-11,DROPPED
14100000000,12,13,,,0,0-1;10-11,DROPPED
14200000000,12,13,,,0,0-1;10-11,DROPPED
14300000000,12,13,,,0,0-1;10-11,DROPPED
14400000000,12,13,,,0,0-1;10-11,DROPPED
14500000000,12,13,,,0,0-1;10-11,DROPPED
14600000000,12,13,,,0,0-1;10-11,DROPPED
14700000000,12,13,,,0,0-1;10-11,DROPPED
14800000000,12,13,,,0,0-1;10-11,DROPPED
14900000000,12,13,,,0,0-1;10-11,DROPPED
15000000000,12,13,,,0,0-1;10-11,DROPPED
15100000000,12,13,,,0,0-1;10-11,DROPPED
15200000000,12,13,,,0,0-1;10-11,DROPPED
15300000000,12,13,,,0,0-1;10-11,DROPPED
15400000000,12,13,,,0,0-1;10-11,DROPPED
15500000000,12,13,,,0,0-1;10-11,DROPPED
15600000000,12,13,,,0,0-1;10-11,DROPPED
15700000000,12,13,,,0,0-1;10-11,DROPPED
15800000000,12,13,,,0,0-1;10-11,DROPPED
15900000000,12,13,,,0,0-1;10-11,DROPPED
16000000000,12,13,,,0,0-1;10-11,DROPPED
16100000000,12,13,,,0,0-1;10-11,DROPPED
16200000000,12,13,,,0,0-1;10-11,DROPPED
16300000000,12,13,,,0,0-1;10-11,DROPPED
16400000000,12,13,,,0,0-1;10-11,DROPPED
16500000000,12,13,,,0,0-1;10-11,DROPPED
16600000000,12,13,,,0,0-1;10-11,DROPPED
16700000000,12,13,,,0,0-1;10-11,DROPPED
16800000000,12,13,,,0,0-1;10-11,DROPPED
16900000000,12,13,,,0,0-1;10-11,DROPPED
17000000000,12,13,,,0,0-1;10-11,DROPPED
17100000000,12,13,,,0,0-1;10-11,DROPPED
17200000000,12,13,,,0,0-1;10-11,DROPPED
17300000000,12,13,,,0,0-1;10-11,DROPPED
17400000000,12,13,,,0,0-1;10-11,DROPPED
17500000000,12,13,,,0,0-1;10-11,DROPPED
17600000000,12,13,,,0,0-1;10-11,DROPPED
17700000000,12,13,,,0,0-1;10-11,DROPPED
17800000000,12,13,,,0,0-1;10-11,DROPPED
17900000000,12,13,,,0,0-1;10-11,DROPPED
18000000000,12,13,12-4-3-13,25346492.5036325082,3,0-1;10-11,REROUTED
18100000000,12,13,12-4-3-13,25345063.9331905507,3,0-1;10-11,REROUTED
18200000000,12,13,12-4-3-13,25343633.7300011851,3,0-1;10-11,REROUTED
18300000000,12,13,12-4-3-13,25342214.7244185694,3,0-1;10-11,REROUTED
18400000000,12,13,12-4-3-13,25340792.7888349295,3,0-1;10-11,REROUTED
18500000000,12,13,12-4-3-13,25339379.4533047527,3,0-1;10-11,REROUTED
18600000000,12,13,12-4-3-13,25337970.9558844045,3,0-1;10-11,REROUTED
18700000000,12,13,12-4-3-13,25336560.9572035521,3,0-1;10-11,REROUTED
18800000000,12,13,12-4-3-13,25335163.4518915638,3,0-1;10-11,REROUTED
18900000000,12,13,12-4-3-13,25333764.2922679149,3,0-1;10-11,REROUTED
19000000000,12,13,12-4-3-13,25332371.8627361804,3,0-1;10-11,REROUTED
19100000000,12,13,12-4-3-13,25330985.0196056776,3,0-1;10-11,REROUTED
19200000000,12,13,12-4-3-13,25329600.8569794223,3,0-1;10-11,REROUTED
19300000000,12,13,12-4-3-13,25328220.8277804591,3,0-1;10-11,REROUTED
19400000000,12,13,12-4-3-13,25326844.4691874012,3,0-1;10-11,REROUTED
19500000000,12,13,12-4-3-13,25325476.7298670150,3,0-1;10-11,REROUTED
19600000000,12,13,12-4-3-13,25324108.6360975392,3,0-1;10-11,REROUTED
19700000000,12,13,12-4-3-13,25322745.9741005041,3,0-1;10-11,REROUTED
19800000000,12,13,12-4-3-13,25321386.1470178254,3,0-1;10-11,REROUTED
19900000000,12,13,12-4-3-13,25320032.5856153592,3,0-1;10-11,REROUTED
20000000000,12,13,12-4-3-13,25318683.6220981628,3,0-1;10-11,REROUTED
20100000000,12,13,12-4-3-13,25317337.0305433795,3,0-1;10-11,REROUTED
20200000000,12,13,12-4-3-13,25315995.4044964537,3,0-1;10-11,REROUTED
20300000000,12,13,12-4-3-13,25314658.8409015574,3,0-1;10-11,REROUTED
20400000000,12,13,12-4-3-13,25313328.0784241110,3,0-1;10-11,REROUTED
20500000000,12,13,12-4-3-13,25311998.0182505175,3,0-1;10-11,REROUTED
20600000000,12,13,12-4-3-13,25310676.7910409793,3,0-1;10-11,REROUTED
20700000000,12,13,12-4-3-13,25309355.2418683246,3,0-1;10-11,REROUTED
20800000000,12,13,12-4-3-13,25308037.1183451414,3,0-1;10-11,REROUTED
20900000000,12,13,12-4-3-13,25306727.8559576198,3,0-1;10-11,REROUTED
21000000000,12,13,12-4-3-13,25305423.1605401225,3,0-1;10-11,REROUTED
21100000000,12,13,12-4-3-13,25304118.1451678127,3,0-1;10-11,REROUTED
21200000000,12,13,12-4-3-13,25302819.9837229177,3,0-1;10-11,REROUTED
21300000000,12,13,12-4-3-13,25301530.2842854112,3,0-1;10-11,REROUTED
21400000000,12,13,12-4-3-13,25300237.2044102475,3,0-1;10-11,REROUTED
21500000000,12,13,12-4-3-13,25298954.8412628435,3,0-1;10-11,REROUTED
21600000000,12,13,12-4-3-13,25297670.0297662616,3,0-1;10-11,REROUTED
21700000000,12,13,12-4-3-13,25296398.5296625607,3,0-1;10-11,REROUTED
21800000000,12,13,12-4-3-13,25295125.1666313745,3,0-1;10-11,REROUTED
21900000000,12,13,12-4-3-13,25293858.2839263529,3,0-1;10-11,REROUTED
22000000000,12,13,12-4-3-13,25292590.8379237428,3,0-1;10-11,REROUTED
22100000000,12,13,12-4-3-13,25291334.5703741908,3,0-1;10-11,REROUTED
22200000000,12,13,12-4-3-13,25290081.3855293654,3,0-1;10-11,REROUTED
22300000000,12,13,12-4-3-13,25288830.8220214248,3,0-1;10-11,REROUTED
22400000000,12,13,12-4-3-13,25287582.0068801492,3,0-1;10-11,REROUTED
22500000000,12,13,12-4-3-13,25286341.2210496329,3,0-1;10-11,REROUTED
22600000000,12,13,12-4-3-13,25285103.8887262940,3,0-1;10-11,REROUTED
22700000000,12,13,12-4-3-13,25283870.0700375214,3,0-1;10-11,REROUTED
22800000000,12,13,12-4-3-13,25282641.2181948610,3,0-1;10-11,REROUTED
22900000000,12,13,12-4-3-13,25281415.2004270852,3,0-1;10-11,REROUTED
23000000000,12,13,12-4-3-13,25280197.2138053477,3,0-1;10-11,REROUTED
23100000000,12,13,12-4-3-13,25278983.9409602657,3,0-1;10-11,REROUTED
23200000000,12,13,12-4-3-13,25277767.7609554827,3,0-1;10-11,REROUTED
23300000000,12,13,12-4-3-13,25276563.0052944496,3,0-1;10-11,REROUTED
23400000000,12,13,12-4-3-13,25275357.6518873610,3,0-1;10-11,REROUTED
23500000000,12,13,12-4-3-13,25274161.9958871342,3,0-1;10-11,REROUTED
23600000000,12,13,12-4-3-13,25272964.9081229828,3,0-1;10-11,REROUTED
23700000000,12,13,12-4-3-13,25271776.2205508761,3,0-1;10-11,REROUTED
23800000000,12,13,12-4-3-13,25270590.8301996514,3,0-1;10-11,REROUTED
23900000000,12,13,12-4-3-13,25269412.9654122703,3,0-1;10-11,REROUTED
24000000000,12,13,12-4-3-13,25268234.0763272755,3,0-1;10-11,REROUTED
24100000000,12,13,12-4-3-13,25267058.7401859500,3,0-1;10-11,REROUTED
24200000000,12,13,12-4-3-13,25265890.7148390710,3,0-1;10-11,REROUTED
24300000000,12,13,12-4-3-13,25264727.6561484970,3,0-1;10-11,REROUTED
24400000000,12,13,12-4-3-13,25263567.4311469272,3,0-1;10-11,REROUTED
24500000000,12,13,12-4-3-13,25262413.7843046375,3,0-1;10-11,REROUTED
24600000000,12,13,12-4-3-13,25261262.6586117260,3,0-1;10-11,REROUTED
24700000000,12,13,12-4-3-13,25260116.1307538226,3,0-1;10-11,REROUTED
24800000000,12,13,12-4-3-13,25258974.9930210970,3,0-1;10-11,REROUTED
24900000000,12,13,12-4-3-13,25257835.6874417551,3,0-1;10-11,REROUTED
25000000000,12,13,12-4-3-13,25256701.0923427939,3,0-1;10-11,REROUTED
25100000000,12,13,12-4-3-13,25255573.9077223353,3,0-1;10-11,REROUTED
25200000000,12,13,12-4-3-13,25254448.8786894307,3,0-1;10-11,REROUTED
25300000000,12,13,12-4-3-13,25253326.8957685865,3,0-1;10-11,REROUTED
25400000000,12,13,12-4-3-13,25252211.4293847270,3,0-1;10-11,REROUTED
25500000000,12,13,12-4-3-13,25251100.3099474497,3,0-1;10-11,REROUTED
25600000000,12,13,12-4-3-13,25249993.9426496364,3,0-1;10-11,REROUTED
25700000000,12,13,12-4-3-13,25248889.7891285643,3,0-1;10-11,REROUTED
25800000000,12,13,12-4-3-13,25247789.3472755812,3,0-1;10-11,REROUTED
25900000000,12,13,12-4-3-13,25246697.4679623134,3,0-1;10-11,REROUTED
26000000000,12,13,12-4-3-13,25245607.3797788583,3,0-1;10-11,REROUTED
26100000000,12,13,12-4-3-13,25244518.5022959486,3,0-1;10-11,REROUTED
26200000000,12,13,12-4-3-13,25243439.0179750174,3,0-1;10-11,REROUTED
26300000000,12,13,12-4-3-13,25242361.3271785192,3,0-1;10-11,REROUTED
26400000000,12,13,12-4-3-13,25241290.3674169183,3,0-1;10-11,REROUTED
26500000000,12,13,12-4-3-13,25240220.9414840229,3,0-1;10-11,REROUTED
26600000000,12,13,12-4-3-13,25239155.6946754232,3,0-1;10-11,REROUTED
26700000000,12,13,12-4-3-13,25238094.0700679459,3,0-1;10-11,REROUTED
26800000000,12,13,12-4-3-13,25237043.6452690065,3,0-1;10-11,REROUTED
26900000000,12,13,12-4-3-13,25235993.3476253338,3,0-1;10-11,REROUTED
27000000000,12,13,12-4-3-13,25234944.1181339435,3,0-1;10-11,REROUTED
27100000000,12,13,12-4-3-13,25233902.4536433443,3,0-1;10-11,REROUTED
27200000000,12,13,12-4-3-13,25232865.3869874552,3,0-1;10-11,REROUTED
27300000000,12,13,12-4-3-13,25231828.8173136264,3,0-1;10-11,REROUTED
27400000000,12,13,12-4-3-13,25230799.5517490953,3,0-1;10-11,REROUTED
27500000000,12,13,12-4-3-13,25229775.2506875731,3,0-1;10-11,REROUTED
27600000000,12,13,12-4-3-2-5-13,41474739.5139850080,5,0-1;10-11,REROUTED
27700000000,12,13,12-4-3-2-5-13,41474812.2780644894,5,0-1;10-11,REROUTED
27800000000,12,13,12-4-3-2-5-13,41474897.7473997027,5,0-1;10-11,REROUTED
27900000000,12,13,12-4-3-2-5-13,41474979.9676994383,5,0-1;10-11,REROUTED
28000000000,12,13,12-4-3-2-5-13,41475072.5056120306,5,0-1;10-11,REROUTED
28100000000,12,13,12-4-3-2-5-13,41475168.0166022554,5,0-1;10-11,REROUTED
28200000000,12,13,12-4-3-2-5-13,41475272.8456595764,5,0-1;10-11,REROUTED
28300000000,12,13,12-4-3-2-5-13,41475380.2599983215,5,0-1;10-11,REROUTED
28400000000,12,13,12-4-3-2-5-13,41475495.0499818027,5,0-1;10-11,REROUTED
28500000000,12,13,12-4-3-2-5-13,41475610.7476732060,5,0-1;10-11,REROUTED
28600000000,12,13,12-4-3-2-5-13,41475725.9532091543,5,0-1;10-11,REROUTED
28700000000,12,13,12-4-3-2-5-13,41475860.1207306087,5,0-1;10-11,REROUTED
28800000000,12,13,12-4-3-2-5-13,41475991.5970124677,5,0-1;10-11,REROUTED
28900000000,12,13,12-4-3-2-5-13,41476131.9168069959,5,0-1;10-11,REROUTED
29000000000,12,13,12-4-3-2-5-13,41476272.5187182501,5,0-1;10-11,REROUTED
29100000000,12,13,12-4-3-2-5-13,41476418.7515754625,5,0-1;10-11,REROUTED
29200000000,12,13,12-4-3-2-5-13,41476574.6368075684,5,0-1;10-11,REROUTED
29300000000,12,13,12-4-3-2-5-13,41476733.4302583039,5,0-1;10-11,REROUTED
29400000000,12,13,12-4-3-2-5-13,41476901.1076104268,5,0-1;10-11,REROUTED
29500000000,12,13,12-4-3-2-5-13,41477070.8439964652,5,0-1;10-11,REROUTED
29600000000,12,13,12-4-3-2-5-13,41477245.4146582559,5,0-1;10-11,REROUTED
29700000000,12,13,12-4-3-2-5-13,41477422.1548278853,5,0-1;10-11,REROUTED
29800000000,12,13,12-4-3-2-5-13,41477606.2678988278,5,0-1;10-11,REROUTED
29900000000,12,13,12-4-3-2-5-13,41477796.7591277137,5,0-1;10-11,REROUTED
30000000000,12,13,12-4-3-2-5-13,41477997.5654634684,5,0-1;10-11,REROUTED
30100000000,12,13,12-4-3-2-5-13,41478197.6606552526,5,0-1;10-11,REROUTED
30200000000,12,13,12-4-3-2-5-13,41478398.5363384113,5,0-1;10-11,REROUTED
30300000000,12,13,12-4-3-2-5-13,41478612.1016382203,5,0-1;10-11,REROUTED
30400000000,12,13,12-4-3-2-5-13,41478826.0477567837,5,0-1;10-11,REROUTED
30500000000,12,13,12-4-3-2-5-13,41479041.8424889445,5,0-1;10-11,REROUTED
30600000000,12,13,12-4-3-2-5-13,41479271.6451507509,5,0-1;10-11,REROUTED
30700000000,12,13,12-4-3-2-5-13,41479504.4537351206,5,0-1;10-11,REROUTED
30800000000,12,13,12-4-3-2-5-13,41479742.9821633175,5,0-1;10-11,REROUTED
30900000000,12,13,12-4-3-2-5-13,41479982.2461257055,5,0-1;10-11,REROUTED
31000000000,12,13,12-4-3-2-5-13,41480228.5821368098,5,0-1;10-11,REROUTED
31100000000,12,13,12-4-3-2-5-13,41480481.3110588342,5,0-1;10-11,REROUTED
31200000000,12,13,12-4-3-2-5-13,41480737.8122614920,5,0-1;10-11,REROUTED
31300000000,12,13,12-4-3-2-5-13,41480997.2701343149,5,0-1;10-11,REROUTED
31400000000,12,13,12-4-3-2-5-13,41481264.1698394716,5,0-1;10-11,REROUTED
31500000000,12,13,12-4-3-2-5-13,41481538.4865137637,5,0-1;10-11,REROUTED
31600000000,12,13,12-4-3-2-5-13,41481815.2031234056,5,0-1;10-11,REROUTED
31700000000,12,13,12-4-3-2-5-13,41482097.0198653713,5,0-1;10-11,REROUTED
31800000000,12,13,12-4-3-2-5-13,41482383.5197740421,5,0-1;10-11,REROUTED
31900000000,12,13,12-4-3-2-5-13,41482675.1756668761,5,0-1;10-11,REROUTED
32000000000,12,13,12-4-3-2-5-13,41482975.8037292361,5,0-1;10-11,REROUTED
32100000000,12,13,12-4-3-2-5-13,41483279.2558621168,5,0-1;10-11,REROUTED
32200000000,12,13,12-4-3-2-5-13,41483589.6534187794,5,0-1;10-11,REROUTED
32300000000,12,13,12-4-3-2-5-13,41483898.4978344217,5,0-1;10-11,REROUTED
32400000000,12,13,12-4-3-2-5-13,41484217.8612552360,5,0-1;10-11,REROUTED
32500000000,12,13,12-4-3-2-5-13,41484538.9315362200,5,0-1;10-11,REROUTED
32600000000,12,13,12-4-3-2-5-13,41484869.8528917059,5,0-1;10-11,REROUTED
32700000000,12,13,12-4-3-2-5-13,41485202.4382288009,5,0-1;10-11,REROUTED
32800000000,12,13,12-4-3-2-5-13,41485542.9011484757,5,0-1;10-11,REROUTED
32900000000,12,13,12-4-3-2-5-13,41485885.8621530160,5,0-1;10-11,REROUTED
33000000000,12,13,12-4-3-2-5-13,41486232.9401801974,5,0-1;10-11,REROUTED
33100000000,12,13,12-4-3-2-5-13,41486590.0578401759,5,0-1;10-11,REROUTED
33200000000,12,13,12-4-3-2-5-13,41486948.7933488339,5,0-1;10-11,REROUTED
33300000000,12,13,12-4-3-2-5-13,41487313.1312822551,5,0-1;10-11,REROUTED
33400000000,12,13,12-4-3-2-5-13,41487679.7094234675,5,0-1;10-11,REROUTED
33500000000,12,13,12-4-3-2-5-13,41488048.9560030103,5,0-1;10-11,REROUTED
33600000000,12,13,12-4-3-2-5-13,41488427.8357210234,5,0-1;10-11,REROUTED
33700000000,12,13,12-4-3-2-5-13,41488823.5180604011,5,0-1;10-11,REROUTED
33800000000,12,13,12-4-3-2-5-13,41489212.5640612841,5,0-1;10-11,REROUTED
33900000000,12,13,12-4-3-2-5-13,41489602.1473350525,5,0-1;10-11,REROUTED
34000000000,12,13,12-4-3-2-5-13,41490000.3179949224,5,0-1;10-11,REROUTED
34100000000,12,13,12-4-3-2-5-13,41490409.9025470167,5,0-1;10-11,REROUTED
34200000000,12,13,12-4-3-2-5-13,41490817.4592065737,5,0-1;10-11,REROUTED
34300000000,12,13,12-4-3-2-5-13,41491231.4006017968,5,0-1;10-11,REROUTED
34400000000,12,13,12-4-3-2-5-13,41491651.6410289556,5,0-1;10-11,REROUTED
34500000000,12,13,12-4-3-2-5-13,41492074.2205924690,5,0-1;10-11,REROUTED
34600000000,12,13,12-4-3-2-5-13,41492502.1112764925,5,0-1;10-11,REROUTED
34700000000,12,13,12-4-3-2-5-13,41492943.5447377861,5,0-1;10-11,REROUTED
34800000000,12,13,12-4-3-2-5-13,41493380.5791616961,5,0-1;10-11,REROUTED
34900000000,12,13,12-4-3-2-5-13,41493826.2153930739,5,0-1;10-11,REROUTED
35000000000,12,13,12-4-3-2-5-13,41494272.7222259119,5,0-1;10-11,REROUTED
35100000000,12,13,12-4-3-2-5-13,41494730.7565333918,5,0-1;10-11,REROUTED
35200000000,12,13,12-4-3-2-5-13,41495191.2252967060,5,0-1;10-11,REROUTED
35300000000,12,13,12-4-3-2-5-13,41495655.3919712156,5,0-1;10-11,REROUTED
35400000000,12,13,12-4-3-2-5-13,41496124.0009540766,5,0-1;10-11,REROUTED
35500000000,12,13,12-4-3-2-5-13,41496598.9589920342,5,0-1;10-11,REROUTED
35600000000,12,13,12-4-3-2-5-13,41497085.4906144664,5,0-1;10-11,REROUTED
35700000000,12,13,12-4-3-2-5-13,41497567.1358190924,5,0-1;10-11,REROUTED
35800000000,12,13,12-4-3-2-5-13,41498057.6272807345,5,0-1;10-11,REROUTED
35900000000,12,13,12-4-3-2-5-13,41498551.8734761775,5,0-1;10-11,REROUTED
36000000000,12,13,12-4-3-2-5-13,41499057.0566148460,5,0-1;10-11,REROUTED
36100000000,12,13,12-4-3-2-5-13,41499557.8047790378,5,0-1;10-11,REROUTED
36200000000,12,13,12-4-3-2-5-13,41500069.7360083163,5,0-1;10-11,REROUTED
36300000000,12,13,12-4-3-2-5-13,41500584.9702759236,5,0-1;10-11,REROUTED
36400000000,12,13,12-4-3-2-5-13,41501106.3114245906,5,0-1;10-11,REROUTED
36500000000,12,13,12-4-3-2-5-13,41501636.8209764361,5,0-1;10-11,REROUTED
36600000000,12,13,12-4-3-2-5-13,41502166.3825204223,5,0-1;10-11,REROUTED
36700000000,12,13,12-4-3-2-5-13,41502704.1183668673,5,0-1;10-11,REROUTED
36800000000,12,13,12-4-3-2-5-13,41503237.3540901244,5,0-1;10-11,REROUTED
36900000000,12,13,12-4-3-2-5-13,41503780.6496161669,5,0-1;10-11,REROUTED
37000000000,12,13,12-4-3-2-5-13,41504333.2706186920,5,0-1;10-11,REROUTED
37100000000,12,13,12-4-3-2-5-13,41504897.0233381838,5,0-1;10-11,REROUTED
37200000000,12,13,12-4-3-2-5-13,41505458.3493916839,5,0-1;10-11,REROUTED
37300000000,12,13,12-4-3-2-5-13,41506020.5118573010,5,0-1;10-11,REROUTED
37400000000,12,13,12-4-3-2-5-13,41506592.0836349726,5,0-1;10-11,REROUTED
37500000000,12,13,12-4-3-2-5-13,41507166.8836722448,5,0-1;10-11,REROUTED
37600000000,12,13,12-4-3-2-5-13,41507745.2665051669,5,0-1;10-11,REROUTED
37700000000,12,13,12-4-3-2-5-13,41508333.2504591048,5,0-1;10-11,REROUTED
37800000000,12,13,12-4-3-2-5-13,41508919.4030736461,5,0-1;10-11,REROUTED
37900000000,12,13,12-4-3-2-5-13,41509522.9936024845,5,0-1;10-11,REROUTED
38000000000,12,13,12-4-3-2-5-13,41510116.8428947702,5,0-1;10-11,REROUTED
38100000000,12,13,12-4-3-2-5-13,41510723.6951298267,5,0-1;10-11,REROUTED
38200000000,12,13,12-4-3-2-5-13,41511338.6371293738,5,0-1;10-11,REROUTED
38300000000,12,13,12-4-3-2-5-13,41511955.0470935553,5,0-1;10-11,REROUTED
38400000000,12,13,12-4-3-2-5-13,41512572.3514139801,5,0-1;10-11,REROUTED
38500000000,12,13,12-4-3-2-5-13,41513198.6838946342,5,0-1;10-11,REROUTED
38600000000,12,13,12-4-3-2-5-13,41513831.3089319542,5,0-1;10-11,REROUTED
38700000000,12,13,12-4-3-2-5-13,41514464.0480137616,5,0-1;10-11,REROUTED
38800000000,12,13,12-4-3-2-5-13,41515103.9955430925,5,0-1;10-11,REROUTED
38900000000,12,13,12-4-3-2-5-13,41515747.9746712223,5,0-1;10-11,REROUTED
39000000000,12,13,12-4-3-2-5-13,41516402.1491185799,5,0-1;10-11,REROUTED
39100000000,12,13,12-4-3-2-5-13,41517056.5007123053,5,0-1;10-11,REROUTED
39200000000,12,13,12-4-3-2-5-13,41517721.7003821656,5,0-1;10-11,REROUTED
39300000000,12,13,12-4-3-2-5-13,41518386.1183540449,5,0-1;10-11,REROUTED
39400000000,12,13,12-4-3-2-5-13,41519050.8186430112,5,0-1;10-11,REROUTED
39500000000,12,13,12-4-3-2-5-13,41519730.9333849549,5,0-1;10-11,REROUTED
39600000000,12,13,12-4-3-2-5-13,41520406.2164475098,5,0-1;10-11,REROUTED
39700000000,12,13,12-4-3-2-5-13,41521094.8409867734,5,0-1;10-11,REROUTED
39800000000,12,13,12-4-3-2-5-13,41521786.7503088042,5,0-1;10-11,REROUTED
39900000000,12,13,12-4-3-2-5-13,41522482.1899431273,5,0-1;10-11,REROUTED
40000000000,12,13,12-4-3-2-5-13,41523180.9390350580,5,0-1;10-11,REROUTED
40100000000,12,13,12-4-3-2-5-13,41523886.7660943568,5,0-1;10-11,REROUTED
40200000000,12,13,12-4-3-2-5-13,41524599.0496738181,5,0-1;10-11,REROUTED
40300000000,12,13,12-4-3-2-5-13,41525310.8217030242,5,0-1;10-11,REROUTED
40400000000,12,13,12-4-3-2-5-13,41526033.0754329711,5,0-1;10-11,REROUTED
40500000000,12,13,12-4-3-2-5-13,41526761.9337690845,5,0-1;10-11,REROUTED
40600000000,12,13,12-4-3-2-5-13,41527487.8776894063,5,0-1;10-11,REROUTED
40700000000,12,13,12-4-3-2-5-13,41528218.3080550060,5,0-1;10-11,REROUTED
40800000000,12,13,12-4-3-2-5-13,41528959.8428312540,5,0-1;10-11,REROUTED
40900000000,12,13,12-4-3-2-5-13,41529708.7150419205,5,0-1;10-11,REROUTED
41000000000,12,13,12-4-3-2-5-13,41530455.3782558814,5,0-1;10-11,REROUTED
41100000000,12,13,12-4-3-2-5-13,41531211.8437518254,5,0-1;10-11,REROUTED
41200000000,12,13,12-4-3-2-5-13,41531968.0464472920,5,0-1;10-11,REROUTED
41300000000,12,13,12-4-3-2-5-13,41532735.5098831803,5,0-1;10-11,REROUTED
41400000000,12,13,12-4-3-2-5-13,41533507.9396256506,5,0-1;10-11,REROUTED
41500000000,12,13,12-4-3-2-5-13,41534281.1772243008,5,0-1;10-11,REROUTED
41600000000,12,13,12-4-3-2-5-13,41535057.3004744872,5,0-1;10-11,REROUTED
41700000000,12,13,12-4-3-2-5-13,41535842.3754764870,5,0-1;10-11,REROUTED
41800000000,12,13,12-4-3-2-5-13,41536631.8889939934,5,0-1;10-11,REROUTED
41900000000,12,13,12-4-3-2-5-13,41537429.2003013417,5,0-1;10-11,REROUTED
42000000000,12,13,12-4-3-2-5-13,41538228.2595034838,5,0-1;10-11,REROUTED
42100000000,12,13,12-4-3-2-5-13,41539028.3678095266,5,0-1;10-11,REROUTED
42200000000,12,13,12-4-3-2-5-13,41539836.9546386823,5,0-1;10-11,REROUTED
42300000000,12,13,12-4-3-2-5-13,41540651.5061185062,5,0-1;10-11,REROUTED
42400000000,12,13,12-4-3-2-5-13,41541471.0146142617,5,0-1;10-11,REROUTED
42500000000,12,13,12-4-3-2-5-13,41542289.6666634232,5,0-1;10-11,REROUTED
42600000000,12,13,12-4-3-2-5-13,41543124.4286325350,5,0-1;10-11,REROUTED
42700000000,12,13,12-4-3-2-5-13,41543951.5749477744,5,0-1;10-11,REROUTED
42800000000,12,13,12-4-3-2-5-13,41544795.8719801083,5,0-1;10-11,REROUTED
42900000000,12,13,12-4-3-2-5-13,41545634.4312875941,5,0-1;10-11,REROUTED
43000000000,12,13,12-4-3-2-5-13,41546486.5309158191,5,0-1;10-11,REROUTED
43100000000,12,13,12-4-3-2-5-13,41547336.1991000846,5,0-1;10-11,REROUTED
43200000000,12,13,12-4-3-2-5-13,41548197.8336743042,5,0-1;10-11,REROUTED
43300000000,12,13,12-4-3-2-5-13,41549062.5645875931,5,0-1;10-11,REROUTED
43400000000,12,13,12-4-3-2-5-13,41549926.3308690637,5,0-1;10-11,REROUTED
43500000000,12,13,12-4-3-2-5-13,41550799.7631717622,5,0-1;10-11,REROUTED
43600000000,12,13,12-4-3-2-5-13,41551677.0407324061,5,0-1;10-11,REROUTED
43700000000,12,13,12-4-3-2-5-13,41552556.4396974966,5,0-1;10-11,REROUTED
43800000000,12,13,12-4-3-2-5-13,41553445.9415175989,5,0-1;10-11,REROUTED
43900000000,12,13,12-4-3-2-5-13,41554341.8946271688,5,0-1;10-11,REROUTED
44000000000,12,13,12-4-3-2-5-13,41555233.7993957028,5,0-1;10-11,REROUTED
44100000000,12,13,12-4-3-2-5-13,41556134.8726244196,5,0-1;10-11,REROUTED
44200000000,12,13,12-4-3-2-5-13,41557044.8183545396,5,0-1;10-11,REROUTED
44300000000,12,13,12-4-3-2-5-13,41557961.1294308603,5,0-1;10-11,REROUTED
44400000000,12,13,12-4-3-2-5-13,41558876.5156064108,5,0-1;10-11,REROUTED
44500000000,12,13,12-4-3-2-5-13,41559798.2958685905,5,0-1;10-11,REROUTED
44600000000,12,13,12-4-3-2-5-13,41560717.1335064471,5,0-1;10-11,REROUTED
44700000000,12,13,12-4-3-2-5-13,41561649.7630761266,5,0-1;10-11,REROUTED
44800000000,12,13,12-4-3-2-5-13,41562582.3818682879,5,0-1;10-11,REROUTED
44900000000,12,13,12-4-3-2-5-13,41563524.0805576742,5,0-1;10-11,REROUTED
45000000000,12,13,12-4-3-2-5-13,41564469.3607124314,5,0-1;10-11,REROUTED
45100000000,12,13,12-4-3-2-5-13,41565422.0536765605,5,0-1;10-11,REROUTED
45200000000,12,13,12-4-3-2-5-13,41566383.5392607003,5,0-1;10-11,REROUTED
45300000000,12,13,12-4-3-2-5-13,41567337.6133552790,5,0-1;10-11,REROUTED
45400000000,12,13,12-4-3-2-5-13,41568306.3736990988,5,0-1;10-11,REROUTED
45500000000,12,13,12-4-3-2-5-13,41569275.2940212712,5,0-1;10-11,REROUTED
45600000000,12,13,12-4-3-2-5-13,41570250.0261673406,5,0-1;10-11,REROUTED
45700000000,12,13,12-4-3-2-5-13,41571229.7547743618,5,0-1;10-11,REROUTED
45800000000,12,13,12-4-3-2-5-13,41572214.0191302747,5,0-1;10-11,REROUTED
45900000000,12,13,12-4-3-2-5-13,41573204.2375455722,5,0-1;10-11,REROUTED
46000000000,12,13,12-4-3-2-5-13,41574197.2020004019,5,0-1;10-11,REROUTED
46100000000,12,13,12-4-3-2-5-13,41575195.9879332036,5,0-1;10-11,REROUTED
46200000000,12,13,12-4-3-2-5-13,41576202.6900513321,5,0-1;10-11,REROUTED
46300000000,12,13,12-4-3-2-5-13,41577207.0434684753,5,0-1;10-11,REROUTED
46400000000,12,13,12-4-3-2-5-13,41578218.6080325991,5,0-1;10-11,REROUTED
46500000000,12,13,12-4-3-2-5-13,41579240.4476722702,5,0-1;10-11,REROUTED
46600000000,12,13,12-4-3-2-5-13,41580263.2764703855,5,0-1;10-11,REROUTED
46700000000,12,13,12-4-3-2-5-13,41581293.6033901125,5,0-1;10-11,REROUTED
46800000000,12,13,12-4-3-2-5-13,41582323.7294497415,5,0-1;10-11,REROUTED
46900000000,12,13,12-4-3-2-5-13,41583368.1732483581,5,0-1;10-11,REROUTED
47000000000,12,13,12-4-3-2-5-13,41584404.5885068998,5,0-1;10-11,REROUTED
47100000000,12,13,12-4-3-2-5-13,41585456.3545817956,5,0-1;10-11,REROUTED
47200000000,12,13,12-4-3-2-5-13,41586501.5588725731,5,0-1;10-11,REROUTED
47300000000,12,13,12-4-3-2-5-13,41587563.1369195208,5,0-1;10-11,REROUTED
47400000000,12,13,12-4-3-2-5-13,41588622.2813969925,5,0-1;10-11,REROUTED
47500000000,12,13,12-4-3-2-5-13,41589693.7722561732,5,0-1;10-11,REROUTED
47600000000,12,13,12-4-3-2-5-13,41590764.2858551666,5,0-1;10-11,REROUTED
47700000000,12,13,12-4-3-2-5-13,41591836.8928950801,5,0-1;10-11,REROUTED
47800000000,12,13,12-4-3-2-5-13,41592918.1420992091,5,0-1;10-11,REROUTED
47900000000,12,13,12-4-3-2-5-13,41594006.6017198637,5,0-1;10-11,REROUTED
48000000000,12,13,12-4-3-2-5-13,41595099.5278220996,5,0-1;10-11,REROUTED
48100000000,12,13,12-4-3-2-5-13,41596189.1570227519,5,0-1;10-11,REROUTED
48200000000,12,13,12-4-3-2-5-13,41597293.8029410243,5,0-1;10-11,REROUTED
48300000000,12,13,12-4-3-2-5-13,41598395.9586579204,5,0-1;10-11,REROUTED
48400000000,12,13,12-4-3-2-5-13,41599509.2512394264,5,0-1;10-11,REROUTED
48500000000,12,13,12-4-3-2-5-13,41600625.4875642583,5,0-1;10-11,REROUTED
48600000000,12,13,12-4-3-2-5-13,41601741.6269793585,5,0-1;10-11,REROUTED
48700000000,12,13,12-4-3-2-5-13,41602868.5921154395,5,0-1;10-11,REROUTED
48800000000,12,13,12-4-3-2-5-13,41603997.8081674650,5,0-1;10-11,REROUTED
48900000000,12,13,12-4-3-2-5-13,41605130.7584284246,5,0-1;10-11,REROUTED
49000000000,12,13,12-4-3-2-5-13,41606264.7229420170,5,0-1;10-11,REROUTED
49100000000,12,13,12-4-3-2-5-13,41607411.5854405016,5,0-1;10-11,REROUTED
49200000000,12,13,12-4-3-2-5-13,41608562.0636289939,5,0-1;10-11,REROUTED
49300000000,12,13,12-4-3-2-5-13,41609712.0011109188,5,0-1;10-11,REROUTED
49400000000,12,13,12-4-3-2-5-13,41610867.9428611398,5,0-1;10-11,REROUTED
49500000000,12,13,12-4-3-2-5-13,41612028.5619977266,5,0-1;10-11,REROUTED
49600000000,12,13,12-4-3-2-5-13,41613201.7090534344,5,0-1;10-11,REROUTED
49700000000,12,13,12-4-3-2-5-13,41614370.5475471318,5,0-1;10-11,REROUTED
49800000000,12,13,12-4-3-2-5-13,41615550.0381164849,5,0-1;10-11,REROUTED
49900000000,12,13,12-4-3-2-5-13,41616728.8264216930,5,0-1;10-11,REROUTED
50000000000,12,13,12-4-3-2-5-13,41617913.5877476186,5,0-1;10-11,REROUTED
50100000000,12,13,12-4-3-2-5-13,41619108.5423441753,5,0-1;10-11,REROUTED
50200000000,12,13,12-4-3-2-5-13,41620301.6848258302,5,0-1;10-11,REROUTED
50300000000,12,13,12-4-3-2-5-13,41621502.2420714796,5,0-1;10-11,REROUTED
50400000000,12,13,12-4-3-2-5-13,41622711.2845013067,5,0-1;10-11,REROUTED
50500000000,12,13,12-4-3-2-5-13,41623922.5941891447,5,0-1;10-11,REROUTED
50600000000,12,13,12-4-3-2-5-13,41625140.1295100302,5,0-1;10-11,REROUTED
50700000000,12,13,12-4-3-2-5-13,41626355.7720011473,5,0-1;10-11,REROUTED
50800000000,12,13,12-4-3-2-5-13,41627585.0257656872,5,0-1;10-11,REROUTED
50900000000,12,13,12-4-3-2-5-13,41628811.0647206604,5,0-1;10-11,REROUTED
51000000000,12,13,12-4-3-2-5-13,41630044.3214967921,5,0-1;10-11,REROUTED
51100000000,12,13,12-4-3-2-5-13,41631281.8761178181,5,0-1;10-11,REROUTED
51200000000,12,13,12-4-3-2-5-13,41632530.8206706494,5,0-1;10-11,REROUTED
51300000000,12,13,12-4-3-2-5-13,41633771.3235511333,5,0-1;10-11,REROUTED
51400000000,12,13,12-4-3-2-5-13,41635027.8682538942,5,0-1;10-11,REROUTED
51500000000,12,13,12-4-3-2-5-13,41636287.3482884988,5,0-1;10-11,REROUTED
51600000000,12,13,12-4-3-2-5-13,41637548.1045360044,5,0-1;10-11,REROUTED
51700000000,12,13,12-4-3-2-5-13,41638815.3958380222,5,0-1;10-11,REROUTED
51800000000,12,13,12-4-3-2-5-13,41640092.3091589361,5,0-1;10-11,REROUTED
51900000000,12,13,12-4-3-2-5-13,41641368.0832279176,5,0-1;10-11,REROUTED
52000000000,12,13,12-4-3-2-5-13,41642644.5638799593,5,0-1;10-11,REROUTED
52100000000,12,13,12-4-3-2-5-13,41643933.3325094879,5,0-1;10-11,REROUTED
52200000000,12,13,12-4-3-2-5-13,41645223.6128255501,5,0-1;10-11,REROUTED
52300000000,12,13,12-4-3-2-5-13,41646520.1747704446,5,0-1;10-11,REROUTED
52400000000,12,13,12-4-3-2-5-13,41647825.7286780477,5,0-1;10-11,REROUTED
52500000000,12,13,12-4-3-2-5-13,41649126.5682275221,5,0-1;10-11,REROUTED
52600000000,12,13,12-4-3-2-5-13,41650438.7325771600,5,0-1;10-11,REROUTED
52700000000,12,13,12-4-3-2-5-13,41651755.2320230380,5,0-1;10-11,REROUTED
52800000000,12,13,12-4-3-2-5-13,41653070.1667135209,5,0-1;10-11,REROUTED
52900000000,12,13,12-4-3-2-5-13,41654396.2058464065,5,0-1;10-11,REROUTED
53000000000,12,13,12-4-3-2-5-13,41655727.6579251066,5,0-1;10-11,REROUTED
53100000000,12,13,12-4-3-2-5-13,41657062.3906904981,5,0-1;10-11,REROUTED
53200000000,12,13,12-4-3-2-5-13,41658398.5738033950,5,0-1;10-11,REROUTED
53300000000,12,13,12-4-3-2-5-13,41659742.3590543717,5,0-1;10-11,REROUTED
53400000000,12,13,12-4-3-2-5-13,41661088.0798590258,5,0-1;10-11,REROUTED
53500000000,12,13,12-4-3-2-5-13,41662436.0256761760,5,0-1;10-11,REROUTED
53600000000,12,13,12-4-3-2-5-13,41663792.9908939973,5,0-1;10-11,REROUTED
53700000000,12,13,12-4-3-2-5-13,41665159.4066966847,5,0-1;10-11,REROUTED
53800000000,12,13,12-4-3-2-5-13,41666525.5632751584,5,0-1;10-11,REROUTED
53900000000,12,13,12-4-3-2-5-13,41667897.0876511037,5,0-1;10-11,REROUTED
54000000000,12,13,12-4-3-2-5-13,41669269.4560062513,5,0-1;10-11,REROUTED
54100000000,12,13,12-4-3-2-5-13,41670651.8523562551,5,0-1;10-11,REROUTED
54200000000,12,13,12-4-3-2-5-13,41672037.8797584549,5,0-1;10-11,REROUTED
54300000000,12,13,12-4-3-2-5-13,41673425.7679519430,5,0-1;10-11,REROUTED
54400000000,12,13,12-4-3-2-5-13,41674822.2510691136,5,0-1;10-11,REROUTED
54500000000,12,13,12-4-3-2-5-13,41676221.0603785068,5,0-1;10-11,REROUTED
54600000000,12,13,12-4-3-2-5-13,41677629.1493255943,5,0-1;10-11,REROUTED
54700000000,12,13,12-4-3-2-5-13,41679033.9432369918,5,0-1;10-11,REROUTED
54800000000,12,13,12-4-3-2-5-13,41680451.5601438433,5,0-1;10-11,REROUTED
54900000000,12,13,12-4-3-2-5-13,41681864.6324526966,5,0-1;10-11,REROUTED
55000000000,12,13,12-4-3-2-5-13,41683294.3896483108,5,0-1;10-11,REROUTED
55100000000,12,13,12-4-3-2-5-13,41684716.1011378914,5,0-1;10-11,REROUTED
55200000000,12,13,12-4-3-2-5-13,41686152.3629142642,5,0-1;10-11,REROUTED
55300000000,12,13,12-4-3-2-5-13,41687585.6344640031,5,0-1;10-11,REROUTED
55400000000,12,13,12-4-3-2-5-13,41689024.1029826254,5,0-1;10-11,REROUTED
55500000000,12,13,12-4-3-2-5-13,41690477.0537601262,5,0-1;10-11,REROUTED
55600000000,12,13,12-4-3-2-5-13,41691927.1081284210,5,0-1;10-11,REROUTED
55700000000,12,13,12-4-3-2-5-13,41693380.0689740926,5,0-1;10-11,REROUTED
55800000000,12,13,12-4-3-2-5-13,41694845.8014058545,5,0-1;10-11,REROUTED
55900000000,12,13,12-4-3-2-5-13,41696308.6119134650,5,0-1;10-11,REROUTED
56000000000,12,13,12-4-3-2-5-13,41697781.2136995941,5,0-1;10-11,REROUTED
56100000000,12,13,12-4-3-2-5-13,41699250.4631234258,5,0-1;10-11,REROUTED
56200000000,12,13,12-4-3-2-5-13,41700727.7748280615,5,0-1;10-11,REROUTED
56300000000,12,13,12-4-3-2-5-13,41702214.2049735039,5,0-1;10-11,REROUTED
56400000000,12,13,12-4-3-2-5-13,41703703.7504794449,5,0-1;10-11,REROUTED
56500000000,12,13,12-4-3-2-5-13,41705198.2505300269,5,0-1;10-11,REROUTED
56600000000,12,13,12-4-3-2-5-13,41706693.7835142836,5,0-1;10-11,REROUTED
56700000000,12,13,12-4-3-2-5-13,41708200.4084977880,5,0-1;10-11,REROUTED
56800000000,12,13,12-4-3-2-5-13,41709705.0578466356,5,0-1;10-11,REROUTED
56900000000,12,13,12-4-3-2-5-13,41711216.0084615126,5,0-1;10-11,REROUTED
57000000000,12,13,12-4-3-2-5-13,41712728.8708974496,5,0-1;10-11,REROUTED
57100000000,12,13,12-4-3-2-5-13,41714249.1606034562,5,0-1;10-11,REROUTED
57200000000,12,13,12-4-3-2-5-13,41715778.1498375386,5,0-1;10-11,REROUTED
57300000000,12,13,12-4-3-2-5-13,41717307.7088800967,5,0-1;10-11,REROUTED
57400000000,12,13,12-4-3-2-5-13,41718840.5227347761,5,0-1;10-11,REROUTED
57500000000,12,13,12-4-3-2-5-13,41720384.5103042871,5,0-1;10-11,REROUTED
57600000000,12,13,12-4-3-2-5-13,41721927.5806772113,5,0-1;10-11,REROUTED
57700000000,12,13,12-4-3-2-5-13,41723475.7745100185,5,0-1;10-11,REROUTED
57800000000,12,13,12-4-3-2-5-13,41725031.1302873343,5,0-1;10-11,REROUTED
57900000000,12,13,12-4-3-2-5-13,41726589.8303111494,5,0-1;10-11,REROUTED
58000000000,12,13,12-4-3-2-5-13,41728152.3728817850,5,0-1;10-11,REROUTED
58100000000,12,13,12-4-3-2-5-13,41729714.4161344767,5,0-1;10-11,REROUTED
58200000000,12,13,12-4-3-2-5-13,41731292.7083922699,5,0-1;10-11,REROUTED
58300000000,12,13,12-4-3-2-5-13,41732864.7005385533,5,0-1;10-11,REROUTED
58400000000,12,13,12-4-3-2-5-13,41734446.3415043876,5,0-1;10-11,REROUTED
58500000000,12,13,12-4-3-2-5-13,41736035.3927898705,5,0-1;10-11,REROUTED
58600000000,12,13,12-4-3-2-5-13,41737622.2285253704,5,0-1;10-11,REROUTED
58700000000,12,13,12-4-3-2-5-13,41739221.2294439077,5,0-1;10-11,REROUTED
58800000000,12,13,12-4-3-2-5-13,41740817.1369333565,5,0-1;10-11,REROUTED
58900000000,12,13,12-4-3-2-5-13,41742429.1960573345,5,0-1;10-11,REROUTED
59000000000,12,13,12-4-3-2-5-13,41744032.9052162841,5,0-1;10-11,REROUTED
59100000000,12,13,12-4-3-2-5-13,41745645.9813411087,5,0-1;10-11,REROUTED
59200000000,12,13,12-4-3-2-5-13,41747264.2219641358,5,0-1;10-11,REROUTED
59300000000,12,13,12-4-3-2-5-13,41748889.4970911071,5,0-1;10-11,REROUTED
59400000000,12,13,12-4-3-2-5-13,41750518.4349726066,5,0-1;10-11,REROUTED
59500000000,12,13,12-4-3-2-5-13,41752145.3331130445,5,0-1;10-11,REROUTED
59600000000,12,13,12-4-3-2-5-13,41753784.4287728891,5,0-1;10-11,REROUTED
59700000000,12,13,12-4-3-2-5-13,41755423.9400632232,5,0-1;10-11,REROUTED
59800000000,12,13,12-4-3-2-5-13,41757076.8217148781,5,0-1;10-11,REROUTED
59900000000,12,13,12-4-3-2-5-13,41758722.3613285869,5,0-1;10-11,REROUTED
60000000000,12,13,12-4-3-2-5-13,41760378.1465901136,5,0-1;10-11,REROUTED
60100000000,12,13,12-4-3-2-5-13,41762040.7363565937,5,0-1;10-11,REROUTED
60200000000,12,13,12-4-3-2-5-13,41763705.6320648715,5,0-1;10-11,REROUTED
60300000000,12,13,12-4-3-2-5-13,41765368.1065459996,5,0-1;10-11,REROUTED
60400000000,12,13,12-4-3-2-5-13,41767045.1957145482,5,0-1;10-11,REROUTED
60500000000,12,13,12-4-3-2-5-13,41768723.3344453350,5,0-1;10-11,REROUTED
60600000000,12,13,12-4-3-2-5-13,41770409.5305346400,5,0-1;10-11,REROUTED
60700000000,12,13,12-4-3-2-5-13,41772098.0775848702,5,0-1;10-11,REROUTED
60800000000,12,13,12-4-3-2-5-13,41773790.7120885104,5,0-1;10-11,REROUTED
60900000000,12,13,12-4-3-2-5-13,41775482.7080156803,5,0-1;10-11,REROUTED
61000000000,12,13,12-4-3-2-5-13,41777186.2289921567,5,0-1;10-11,REROUTED
61100000000,12,13,12-4-3-2-5-13,41778893.2526490688,5,0-1;10-11,REROUTED
61200000000,12,13,12-4-3-2-5-13,41780598.8523973525,5,0-1;10-11,REROUTED
61300000000,12,13,12-4-3-2-5-13,41782314.7230559215,5,0-1;10-11,REROUTED
61400000000,12,13,12-4-3-2-5-13,41784034.6841080785,5,0-1;10-11,REROUTED
61500000000,12,13,12-4-3-2-5-13,41785754.6698270068,5,0-1;10-11,REROUTED
61600000000,12,13,12-4-3-2-5-13,41787489.9510023668,5,0-1;10-11,REROUTED
61700000000,12,13,12-4-3-2-5-13,41789220.9284433126,5,0-1;10-11,REROUTED
61800000000,12,13,12-4-3-2-5-13,41790958.5240899697,5,0-1;10-11,REROUTED
61900000000,12,13,12-4-3-2-5-13,41792698.6090532169,5,0-1;10-11,REROUTED
62000000000,12,13,12-4-3-2-5-13,41794451.4709245041,5,0-1;10-11,REROUTED
62100000000,12,13,12-4-3-2-5-13,41796200.6632420346,5,0-1;10-11,REROUTED
62200000000,12,13,12-4-3-2-5-13,41797958.2689619064,5,0-1;10-11,REROUTED
62300000000,12,13,12-4-3-2-5-13,41799720.5155464262,5,0-1;10-11,REROUTED
62400000000,12,13,12-4-3-2-5-13,41801481.4874546006,5,0-1;10-11,REROUTED
62500000000,12,13,12-4-3-2-5-13,41803255.9381298944,5,0-1;10-11,REROUTED
62600000000,12,13,12-4-3-2-5-13,41805022.9356654063,5,0-1;10-11,REROUTED
62700000000,12,13,12-4-3-2-5-13,41806810.6923531517,5,0-1;10-11,REROUTED
62800000000,12,13,12-4-3-2-5-13,41808589.2078951597,5,0-1;10-11,REROUTED
62900000000,12,13,12-4-3-2-5-13,41810379.0459408090,5,0-1;10-11,REROUTED
63000000000,12,13,12-4-3-2-5-13,41812168.2240181565,5,0-1;10-11,REROUTED
63100000000,12,13,12-4-3-2-5-13,41813968.9476569220,5,0-1;10-11,REROUTED
63200000000,12,13,12-4-3-2-5-13,41815770.8871388137,5,0-1;10-11,REROUTED
63300000000,12,13,12-4-3-2-5-13,41817573.7275083736,5,0-1;10-11,REROUTED
63400000000,12,13,12-4-3-2-5-13,41819385.0275452584,5,0-1;10-11,REROUTED
63500000000,12,13,12-4-3-2-5-13,41821206.1510209143,5,0-1;10-11,REROUTED
63600000000,12,13,12-4-3-2-5-13,41823020.4062617049,5,0-1;10-11,REROUTED
63700000000,12,13,12-4-3-2-5-13,41824847.1932315379,5,0-1;10-11,REROUTED
63800000000,12,13,12-4-3-2-5-13,41826676.2905058712,5,0-1;10-11,REROUTED
63900000000,12,13,12-4-3-2-5-13,41828515.6248532683,5,0-1;10-11,REROUTED
64000000000,12,13,12-4-3-2-5-13,41830353.4100290537,5,0-1;10-11,REROUTED
64100000000,12,13,12-4-3-2-5-13,41832190.0147614405,5,0-1;10-11,REROUTED
64200000000,12,13,12-4-3-2-5-13,41834038.6516941935,5,0-1;10-11,REROUTED
64300000000,12,13,12-4-3-2-5-13,41835891.3965957910,5,0-1;10-11,REROUTED
64400000000,12,13,12-4-3-2-5-13,41837747.3926933333,5,0-1;10-11,REROUTED
64500000000,12,13,12-4-3-2-5-13,41839609.2445458248,5,0-1;10-11,REROUTED
64600000000,12,13,12-4-3-2-5-13,41841473.0181002691,5,0-1;10-11,REROUTED
64700000000,12,13,12-4-3-2-5-13,41843347.4689835235,5,0-1;10-11,REROUTED
64800000000,12,13,12-4-3-2-5-13,41845218.8774204031,5,0-1;10-11,REROUTED
64900000000,12,13,12-4-3-2-5-13,41847098.5230401158,5,0-1;10-11,REROUTED
65000000000,12,13,12-4-3-2-5-13,41848979.6179921106,5,0-1;10-11,REROUTED
65100000000,12,13,12-4-3-2-5-13,41850869.2571099773,5,0-1;10-11,REROUTED
65200000000,12,13,12-4-3-2-5-13,41852757.9899710044,5,0-1;10-11,REROUTED
65300000000,12,13,12-4-3-2-5-13,41854664.1823020354,5,0-1;10-11,REROUTED
65400000000,12,13,12-4-3-2-5-13,41856562.0196222812,5,0-1;10-11,REROUTED
65500000000,12,13,12-4-3-2-5-13,41858471.5898400471,5,0-1;10-11,REROUTED
65600000000,12,13,12-4-3-2-5-13,41860378.3327452540,5,0-1;10-11,REROUTED
65700000000,12,13,12-4-3-2-5-13,41862292.0198902637,5,0-1;10-11,REROUTED
65800000000,12,13,12-4-3-2-5-13,41864215.2875276059,5,0-1;10-11,REROUTED
65900000000,12,13,12-4-3-2-5-13,41866138.0795203224,5,0-1;10-11,REROUTED
66000000000,12,13,12-4-3-2-5-13,41868064.3386480883,5,0-1;10-11,REROUTED
66100000000,12,13,12-4-3-2-5-13,41870001.9580699503,5,0-1;10-11,REROUTED
66200000000,12,13,12-4-3-2-5-13,41871939.2701536790,5,0-1;10-11,REROUTED
66300000000,12,13,12-4-3-2-5-13,41873885.3219468147,5,0-1;10-11,REROUTED
66400000000,12,13,12-4-3-2-5-13,41875830.0423063710,5,0-1;10-11,REROUTED
66500000000,12,13,12-4-3-2-5-13,41877775.3553269804,5,0-1;10-11,REROUTED
66600000000,12,13,12-4-3-2-5-13,41879735.9503692016,5,0-1;10-11,REROUTED
66700000000,12,13,12-4-3-2-5-13,41881696.0513525009,5,0-1;10-11,REROUTED
66800000000,12,13,12-4-3-2-5-13,41883659.9058973715,5,0-1;10-11,REROUTED
66900000000,12,13,12-4-3-2-5-13,41885634.8263541460,5,0-1;10-11,REROUTED
67000000000,12,13,12-4-3-2-5-13,41887604.4229360223,5,0-1;10-11,REROUTED
67100000000,12,13,12-4-3-2-5-13,41889588.4466993883,5,0-1;10-11,REROUTED
67200000000,12,13,12-4-3-2-5-13,41891564.3755676895,5,0-1;10-11,REROUTED
67300000000,12,13,12-4-3-2-5-13,41893554.0154489651,5,0-1;10-11,REROUTED
67400000000,12,13,12-4-3-2-5-13,41895546.9268197194,5,0-1;10-11,REROUTED
67500000000,12,13,12-4-3-2-5-13,41897545.6720583215,5,0-1;10-11,REROUTED
67600000000,12,13,12-4-3-2-5-13,41899540.6979254410,5,0-1;10-11,REROUTED
67700000000,12,13,12-4-3-2-5-13,41901551.6136245430,5,0-1;10-11,REROUTED
67800000000,12,13,12-4-3-2-5-13,41903558.8282616884,5,0-1;10-11,REROUTED
67900000000,12,13,12-4-3-2-5-13,41905575.3609564528,5,0-1;10-11,REROUTED
68000000000,12,13,12-4-3-2-5-13,41907589.0113099441,5,0-1;10-11,REROUTED
68100000000,12,13,12-4-3-2-5-13,41909613.3669888452,5,0-1;10-11,REROUTED
68200000000,12,13,12-4-3-2-5-13,41911644.0279896408,5,0-1;10-11,REROUTED
68300000000,12,13,12-4-3-2-5-13,41913677.2975696698,5,0-1;10-11,REROUTED
68400000000,12,13,12-4-3-2-5-13,41915712.7113809958,5,0-1;10-11,REROUTED
68500000000,12,13,12-4-3-2-5-13,41917753.9970473871,5,0-1;10-11,REROUTED
68600000000,12,13,12-4-3-2-5-13,41919800.6509189159,5,0-1;10-11,REROUTED
68700000000,12,13,12-4-3-2-5-13,41921848.2507637367,5,0-1;10-11,REROUTED
68800000000,12,13,12-4-3-2-5-13,41923903.6073878929,5,0-1;10-11,REROUTED
68900000000,12,13,12-4-3-2-5-13,41925961.7806595936,5,0-1;10-11,REROUTED
69000000000,12,13,12-4-3-2-5-13,41928027.3808861449,5,0-1;10-11,REROUTED
69100000000,12,13,12-4-3-2-5-13,41930094.6535554603,5,0-1;10-11,REROUTED
69200000000,12,13,12-4-3-2-5-13,41932170.7161461040,5,0-1;10-11,REROUTED
69300000000,12,13,12-4-3-2-5-13,41934243.6105539650,5,0-1;10-11,REROUTED
69400000000,12,13,12-4-3-2-5-13,41936329.8246819973,5,0-1;10-11,REROUTED
69500000000,12,13,12-4-3-2-5-13,41938413.8337728530,5,0-1;10-11,REROUTED
69600000000,12,13,12-4-3-2-5-13,41940501.0918614343,5,0-1;10-11,REROUTED
69700000000,12,13,12-4-3-2-5-13,41942599.6731945649,5,0-1;10-11,REROUTED
69800000000,12,13,12-4-3-2-5-13,41944696.9189000800,5,0-1;10-11,REROUTED
69900000000,12,13,12-4-3-2-5-13,41946800.6570775211,5,0-1;10-11,REROUTED
70000000000,12,13,12-4-3-2-5-13,41948909.2253034636,5,0-1;10-11,REROUTED
70100000000,12,13,12-4-3-2-5-13,41951021.4311523661,5,0-1;10-11,REROUTED
70200000000,12,13,12-4-3-2-5-13,41953141.0440891162,5,0-1;10-11,REROUTED
70300000000,12,13,12-4-3-2-5-13,41955263.2362827063,5,0-1;10-11,REROUTED
70400000000,12,13,12-4-3-2-5-13,41957384.8193028644,5,0-1;10-11,REROUTED
70500000000,12,13,12-4-3-2-5-13,41959517.4476354271,5,0-1;10-11,REROUTED
70600000000,12,13,12-4-3-2-5-13,41961651.7562303022,5,0-1;10-11,REROUTED
70700000000,12,13,12-4-3-2-5-13,41963795.7135660797,5,0-1;10-11,REROUTED
70800000000,12,13,12-4-3-2-5-13,41965941.9935550392,5,0-1;10-11,REROUTED
70900000000,12,13,12-4-3-2-5-13,41968088.5195399225,5,0-1;10-11,REROUTED
71000000000,12,13,12-4-3-2-5-13,41970238.3078032508,5,0-1;10-11,REROUTED
71100000000,12,13,12-4-3-2-5-13,41972393.9050374478,5,0-1;10-11,REROUTED
71200000000,12,13,12-4-3-2-5-13,41974560.1967000738,5,0-1;10-11,REROUTED
71300000000,12,13,12-4-3-2-5-13,41976726.6619391590,5,0-1;10-11,REROUTED
71400000000,12,13,12-4-3-2-5-13,41978891.1624090597,5,0-1;10-11,REROUTED
71500000000,12,13,12-4-3-2-5-13,41981069.8186391443,5,0-1;10-11,REROUTED
71600000000,12,13,12-4-3-2-5-13,41983248.6333312914,5,0-1;10-11,REROUTED
71700000000,12,13,12-4-3-2-5-13,41985436.8074403182,5,0-1;10-11,REROUTED
71800000000,12,13,12-4-3-2-5-13,41987620.0065501630,5,0-1;10-11,REROUTED
71900000000,12,13,12-4-3-2-5-13,41989816.8666967526,5,0-1;10-11,REROUTED
72000000000,12,13,12-4-3-2-5-13,41992011.5769484118,5,0-1;10-11,REROUTED
72100000000,12,13,12-4-3-2-5-13,41994216.2326414436,5,0-1;10-11,REROUTED
72200000000,12,13,12-4-3-2-5-13,41996421.5674673840,5,0-1;10-11,REROUTED
72300000000,12,13,12-4-3-2-5-13,41998634.9030388370,5,0-1;10-11,REROUTED
72400000000,12,13,12-4-3-2-5-13,42000846.1201423034,5,0-1;10-11,REROUTED
72500000000,12,13,12-4-3-2-5-13,42003064.2173864171,5,0-1;10-11,REROUTED
72600000000,12,13,12-4-3-2-5-13,42005286.0363656208,5,0-1;10-11,REROUTED
72700000000,12,13,12-4-3-2-5-13,42007518.7137450874,5,0-1;10-11,REROUTED
72800000000,12,13,12-4-3-2-5-13,42009751.8212797493,5,0-1;10-11,REROUTED
72900000000,12,13,12-4-3-2-5-13,42011986.6495007351,5,0-1;10-11,REROUTED
73000000000,12,13,12-4-3-2-5-13,42014224.0832916126,5,0-1;10-11,REROUTED
73100000000,12,13,12-4-3-2-5-13,42016469.7855014652,5,0-1;10-11,REROUTED
73200000000,12,13,12-4-3-2-5-13,42018731.5337905288,5,0-1;10-11,REROUTED
73300000000,12,13,12-4-3-2-5-13,42020981.1504248977,5,0-1;10-11,REROUTED
73400000000,12,13,12-4-3-2-5-13,42023240.7209505141,5,0-1;10-11,REROUTED
73500000000,12,13,12-4-3-2-5-13,42025502.9073511660,5,0-1;10-11,REROUTED
73600000000,12,13,12-4-3-2-5-13,42027773.5718097985,5,0-1;10-11,REROUTED
73700000000,12,13,12-4-3-2-5-13,42030045.0731654018,5,0-1;10-11,REROUTED
73800000000,12,13,12-4-3-2-5-13,42032320.9304416254,5,0-1;10-11,REROUTED
73900000000,12,13,12-4-3-2-5-13,42034596.5603804663,5,0-1;10-11,REROUTED
74000000000,12,13,12-4-3-2-5-13,42036883.9256762788,5,0-1;10-11,REROUTED
74100000000,12,13,12-4-3-2-5-13,42039174.7676834166,5,0-1;10-11,REROUTED
74200000000,12,13,12-4-3-2-5-13,42041473.2049371228,5,0-1;10-11,REROUTED
74300000000,12,13,12-4-3-2-5-13,42043769.6967617199,5,0-1;10-11,REROUTED
74400000000,12,13,12-4-3-2-5-13,42046076.3987224400,5,0-1;10-11,REROUTED
74500000000,12,13,12-4-3-2-5-13,42048379.1016595960,5,0-1;10-11,REROUTED
74600000000,12,13,12-4-3-2-5-13,42050694.8985312507,5,0-1;10-11,REROUTED
74700000000,12,13,12-4-3-2-5-13,42053011.7869066671,5,0-1;10-11,REROUTED
74800000000,12,13,12-4-3-2-5-13,42055330.6328993142,5,0-1;10-11,REROUTED
74900000000,12,13,12-4-3-2-5-13,42057652.7313252091,5,0-1;10-11,REROUTED
75000000000,12,13,12-4-3-2-5-13,42059982.3917118981,5,0-1;10-11,REROUTED
75100000000,12,13,12-4-3-2-5-13,42062318.3826861233,5,0-1;10-11,REROUTED
75200000000,12,13,12-4-3-2-5-13,42064655.8714954704,5,0-1;10-11,REROUTED
75300000000,12,13,12-4-3-2-5-13,42066999.4900199249,5,0-1;10-11,REROUTED
75400000000,12,13,12-4-3-2-5-13,42069345.6750303581,5,0-1;10-11,REROUTED
75500000000,12,13,12-4-3-2-5-13,42071702.0584586039,5,0-1;10-11,REROUTED
75600000000,12,13,12-4-3-2-5-13,42074052.5609699339,5,0-1;10-11,REROUTED
75700000000,12,13,12-4-3-2-5-13,42076415.0072687715,5,0-1;10-11,REROUTED
75800000000,12,13,12-4-3-2-5-13,42078781.1663844436,5,0-1;10-11,REROUTED
75900000000,12,13,12-4-3-2-5-13,42081149.1033868939,5,0-1;10-11,REROUTED
76000000000,12,13,12-4-3-2-5-13,42083524.3424808607,5,0-1;10-11,REROUTED
76100000000,12,13,12-4-3-2-5-13,42085902.8480100334,5,0-1;10-11,REROUTED
76200000000,12,13,12-4-3-2-5-13,42088284.0170491189,5,0-1;10-11,REROUTED
76300000000,12,13,12-4-3-2-5-13,42090670.7866447270,5,0-1;10-11,REROUTED
76400000000,12,13,12-4-3-2-5-13,42093061.2165458277,5,0-1;10-11,REROUTED
76500000000,12,13,12-4-3-2-5-13,42095452.9831367731,5,0-1;10-11,REROUTED
76600000000,12,13,12-4-3-2-5-13,42097855.6391832829,5,0-1;10-11,REROUTED
76700000000,12,13,12-4-3-2-5-13,42100260.8563488200,5,0-1;10-11,REROUTED
76800000000,12,13,12-4-3-2-5-13,42102666.0681470633,5,0-1;10-11,REROUTED
76900000000,12,13,12-4-3-2-5-13,42105080.8495594263,5,0-1;10-11,REROUTED
77000000000,12,13,12-4-3-2-5-13,42107496.9070864990,5,0-1;10-11,REROUTED
77100000000,12,13,12-4-3-2-5-13,42109915.6063261554,5,0-1;10-11,REROUTED
77200000000,12,13,12-4-3-2-5-13,42112342.7831067666,5,0-1;10-11,REROUTED
77300000000,12,13,12-4-3-2-5-13,42114773.8005288616,5,0-1;10-11,REROUTED
77400000000,12,13,12-4-3-2-5-13,42117208.7746853381,5,0-1;10-11,REROUTED
77500000000,12,13,12-4-3-2-5-13,42119644.8301056921,5,0-1;10-11,REROUTED
77600000000,12,13,12-4-3-2-5-13,42122090.4212159961,5,0-1;10-11,REROUTED
77700000000,12,13,12-4-3-2-5-13,42124540.8235172778,5,0-1;10-11,REROUTED
77800000000,12,13,12-4-3-2-5-13,42126986.1982826442,5,0-1;10-11,REROUTED
77900000000,12,13,12-4-3-2-5-13,42129442.6582363695,5,0-1;10-11,REROUTED
78000000000,12,13,12-4-3-2-5-13,42131907.1809486598,5,0-1;10-11,REROUTED
78100000000,12,13,12-4-3-2-5-13,42134365.7854584455,5,0-1;10-11,REROUTED
78200000000,12,13,12-4-3-2-5-13,42136839.5629366264,5,0-1;10-11,REROUTED
78300000000,12,13,12-4-3-2-5-13,42139315.5713505670,5,0-1;10-11,REROUTED
78400000000,12,13,12-4-3-2-5-13,42141793.9633921236,5,0-1;10-11,REROUTED
78500000000,12,13,12-4-3-2-5-13,42144272.9971989319,5,0-1;10-11,REROUTED
78600000000,12,13,12-4-3-2-5-13,42146761.3658010587,5,0-1;10-11,REROUTED
78700000000,12,13,12-4-3-2-5-13,42149250.3920900822,5,0-1;10-11,REROUTED
78800000000,12,13,12-4-3-2-5-13,42151746.1342787668,5,0-1;10-11,REROUTED
78900000000,12,13,12-4-3-2-5-13,42154250.5776516348,5,0-1;10-11,REROUTED
79000000000,12,13,12-4-3-2-5-13,42156748.0904229507,5,0-1;10-11,REROUTED
79100000000,12,13,12-4-3-2-5-13,42159256.6457394958,5,0-1;10-11,REROUTED
79200000000,12,13,12-4-3-2-5-13,42161774.5288489312,5,0-1;10-11,REROUTED
79300000000,12,13,12-4-3-2-5-13,42164286.1040482447,5,0-1;10-11,REROUTED
79400000000,12,13,12-4-3-2-5-13,42166810.0793996304,5,0-1;10-11,REROUTED
79500000000,12,13,12-4-3-2-5-13,42169334.9287200496,5,0-1;10-11,REROUTED
79600000000,12,13,12-4-3-2-5-13,42171868.4519289955,5,0-1;10-11,REROUTED
79700000000,12,13,12-4-3-2-5-13,42174396.9604388177,5,0-1;10-11,REROUTED
79800000000,12,13,12-4-3-2-5-13,42176935.0987449214,5,0-1;10-11,REROUTED
79900000000,12,13,12-4-3-2-5-13,42179477.9452086091,5,0-1;10-11,REROUTED
80000000000,12,13,12-4-3-2-5-13,42182027.9494596645,5,0-1;10-11,REROUTED
80100000000,12,13,12-4-3-2-5-13,42184577.5751400366,5,0-1;10-11,REROUTED
80200000000,12,13,12-4-3-2-5-13,42187134.9517303407,5,0-1;10-11,REROUTED
80300000000,12,13,12-4-3-2-5-13,42189696.2934671044,5,0-1;10-11,REROUTED
80400000000,12,13,12-4-3-2-5-13,42192259.3181800619,5,0-1;10-11,REROUTED
80500000000,12,13,12-4-3-2-5-13,42194828.9136115238,5,0-1;10-11,REROUTED
80600000000,12,13,12-4-3-2-5-13,42197400.1953388527,5,0-1;10-11,REROUTED
80700000000,12,13,12-4-3-2-5-13,42199977.5943913832,5,0-1;10-11,REROUTED
80800000000,12,13,12-4-3-2-5-13,42202560.4088415727,5,0-1;10-11,REROUTED
80900000000,12,13,12-4-3-2-5-13,42205147.5332913324,5,0-1;10-11,REROUTED
81000000000,12,13,12-4-3-2-5-13,42207739.4719910249,5,0-1;10-11,REROUTED
81100000000,12,13,12-4-3-2-5-13,42210333.7948520705,5,0-1;10-11,REROUTED
81200000000,12,13,12-4-3-2-5-13,42212933.7215238586,5,0-1;10-11,REROUTED
81300000000,12,13,12-4-3-2-5-13,42215536.3096185029,5,0-1;10-11,REROUTED
81400000000,12,13,12-4-3-2-5-13,42218145.6010109335,5,0-1;10-11,REROUTED
81500000000,12,13,12-4-3-2-5-13,42220756.4474960938,5,0-1;10-11,REROUTED
81600000000,12,13,12-4-3-2-5-13,42223373.3057624400,5,0-1;10-11,REROUTED
81700000000,12,13,12-4-3-2-5-13,42225987.6230833977,5,0-1;10-11,REROUTED
81800000000,12,13,12-4-3-2-5-13,42228620.3728489727,5,0-1;10-11,REROUTED
81900000000,12,13,12-4-3-2-5-13,42231245.0835933238,5,0-1;10-11,REROUTED
82000000000,12,13,12-4-3-2-5-13,42233885.1917848885,5,0-1;10-11,REROUTED
82100000000,12,13,12-4-3-2-5-13,42236517.7489871159,5,0-1;10-11,REROUTED
82200000000,12,13,12-4-3-2-5-13,42239163.0945572779,5,0-1;10-11,REROUTED
82300000000,12,13,12-4-3-2-5-13,42241806.0585689619,5,0-1;10-11,REROUTED
82400000000,12,13,12-4-3-2-5-13,42244457.8882984817,5,0-1;10-11,REROUTED
82500000000,12,13,12-4-3-2-5-13,42247112.5961937010,5,0-1;10-11,REROUTED
82600000000,12,13,12-4-3-2-5-13,42249771.8042393848,5,0-1;10-11,REROUTED
82700000000,12,13,12-4-3-2-5-13,42252431.2823615000,5,0-1;10-11,REROUTED
82800000000,12,13,12-4-3-2-5-13,42255104.2088572085,5,0-1;10-11,REROUTED
82900000000,12,13,12-4-3-2-5-13,42257778.8363113627,5,0-1;10-11,REROUTED
83000000000,12,13,12-4-3-2-5-13,42260451.5384858027,5,0-1;10-11,REROUTED
83100000000,12,13,12-4-3-2-5-13,42263134.0086239576,5,0-1;10-11,REROUTED
83200000000,12,13,12-4-3-2-5-13,42265816.5226055458,5,0-1;10-11,REROUTED
83300000000,12,13,12-4-3-2-5-13,42268505.9219504371,5,0-1;10-11,REROUTED
83400000000,12,13,12-4-3-2-5-13,42271201.1975175962,5,0-1;10-11,REROUTED
83500000000,12,13,12-4-3-2-5-13,42273900.8565281853,5,0-1;10-11,REROUTED
83600000000,12,13,12-4-3-2-5-13,42276602.1963646039,5,0-1;10-11,REROUTED
83700000000,12,13,12-4-3-2-5-13,42279308.9707603082,5,0-1;10-11,REROUTED
83800000000,12,13,12-4-3-2-5-13,42282019.7019891664,5,0-1;10-11,REROUTED
83900000000,12,13,12-4-3-2-5-13,42284735.5690943003,5,0-1;10-11,REROUTED
84000000000,12,13,12-4-3-2-5-13,42287448.0589611232,5,0-1;10-11,REROUTED
84100000000,12,13,12-4-3-2-5-13,42290171.3542762026,5,0-1;10-11,REROUTED
84200000000,12,13,12-4-3-2-5-13,42292900.7446073666,5,0-1;10-11,REROUTED
84300000000,12,13,12-4-3-2-5-13,42295632.7159945443,5,0-1;10-11,REROUTED
84400000000,12,13,12-4-3-2-5-13,42298369.0590220019,5,0-1;10-11,REROUTED
84500000000,12,13,12-4-3-2-5-13,42301113.8206203654,5,0-1;10-11,REROUTED
84600000000,12,13,12-4-3-2-5-13,42303858.5880651176,5,0-1;10-11,REROUTED
84700000000,12,13,12-4-3-2-5-13,42306609.4554153010,5,0-1;10-11,REROUTED
84800000000,12,13,12-4-3-2-5-13,42309361.0176386014,5,0-1;10-11,REROUTED
84900000000,12,13,12-4-3-2-5-13,42312113.3987885937,5,0-1;10-11,REROUTED
85000000000,12,13,12-4-3-2-5-13,42314879.2605331093,5,0-1;10-11,REROUTED
85100000000,12,13,12-4-3-2-5-13,42317639.7250261679,5,0-1;10-11,REROUTED
85200000000,12,13,12-4-3-2-5-13,42320416.4069914073,5,0-1;10-11,REROUTED
85300000000,12,13,12-4-3-2-5-13,42323185.5376769751,5,0-1;10-11,REROUTED
85400000000,12,13,12-4-3-2-5-13,42325964.8977927417,5,0-1;10-11,REROUTED
85500000000,12,13,12-4-3-2-5-13,42328751.1190921888,5,0-1;10-11,REROUTED
85600000000,12,13,12-4-3-2-5-13,42331539.5708230212,5,0-1;10-11,REROUTED
85700000000,12,13,12-4-3-2-5-13,42334329.5622768104,5,0-1;10-11,REROUTED
85800000000,12,13,12-4-3-2-5-13,42337131.4228742644,5,0-1;10-11,REROUTED
85900000000,12,13,12-4-3-2-5-13,42339927.4798537642,5,0-1;10-11,REROUTED
86000000000,12,13,12-4-3-2-5-13,42342734.1689235270,5,0-1;10-11,REROUTED
86100000000,12,13,12-4-3-2-5-13,42345534.8226302043,5,0-1;10-11,REROUTED
86200000000,12,13,12-4-3-2-5-13,42348347.1487659737,5,0-1;10-11,REROUTED
86300000000,12,13,12-4-3-2-5-13,42351168.3751709610,5,0-1;10-11,REROUTED
86400000000,12,13,12-4-3-2-5-13,42353991.1081253663,5,0-1;10-11,REROUTED
86500000000,12,13,12-4-3-2-5-13,42356814.5542523116,5,0-1;10-11,REROUTED
86600000000,12,13,12-4-3-2-5-13,42359645.5417829305,5,0-1;10-11,REROUTED
86700000000,12,13,12-4-3-2-5-13,42362479.6066723838,5,0-1;10-11,REROUTED
86800000000,12,13,12-4-3-2-5-13,42365315.8300073072,5,0-1;10-11,REROUTED
86900000000,12,13,12-4-3-2-5-13,42368162.6503790617,5,0-1;10-11,REROUTED
87000000000,12,13,12-4-3-2-5-13,42371006.2681456655,5,0-1;10-11,REROUTED
87100000000,12,13,12-4-3-2-5-13,42373856.4354515523,5,0-1;10-11,REROUTED
87200000000,12,13,12-4-3-2-5-13,42376714.3362972587,5,0-1;10-11,REROUTED
87300000000,12,13,12-4-3-2-5-13,42379572.7252543718,5,0-1;10-11,REROUTED
87400000000,12,13,12-4-3-2-5-13,42382429.8280266672,5,0-1;10-11,REROUTED
87500000000,12,13,12-4-3-2-5-13,42385302.7368862331,5,0-1;10-11,REROUTED
87600000000,12,13,12-4-3-2-5-13,42388174.3693864048,5,0-1;10-11,REROUTED
87700000000,12,13,12-4-3-2-5-13,42391053.7426386327,5,0-1;10-11,REROUTED
87800000000,12,13,12-4-3-2-5-13,42393934.9501434937,5,0-1;10-11,REROUTED
87900000000,12,13,12-4-3-2-5-13,42396813.7860619873,5,0-1;10-11,REROUTED
88000000000,12,13,12-4-3-2-5-13,42399707.3242365867,5,0-1;10-11,REROUTED
88100000000,12,13,12-4-3-2-5-13,42402599.1353192106,5,0-1;10-11,REROUTED
88200000000,12,13,12-4-3-2-5-13,42405497.0318079591,5,0-1;10-11,REROUTED
88300000000,12,13,12-4-3-2-5-13,42408398.4177260026,5,0-1;10-11,REROUTED
88400000000,12,13,12-4-3-2-5-13,42411304.3831571937,5,0-1;10-11,REROUTED
88500000000,12,13,12-4-3-2-5-13,42414211.4356720522,5,0-1;10-11,REROUTED
88600000000,12,13,12-4-3-2-5-13,42417129.7328077778,5,0-1;10-11,REROUTED
88700000000,12,13,12-4-3-2-5-13,42420044.5685790032,5,0-1;10-11,REROUTED
88800000000,12,13,12-4-3-2-5-13,42422967.0462509170,5,0-1;10-11,REROUTED
88900000000,12,13,12-4-3-2-5-13,42425895.3293313608,5,0-1;10-11,REROUTED
89000000000,12,13,12-4-3-2-5-13,42428828.2154221013,5,0-1;10-11,REROUTED
89100000000,12,13,12-4-3-2-5-13,42431760.0145675540,5,0-1;10-11,REROUTED
89200000000,12,13,12-4-3-2-5-13,42434698.1057906896,5,0-1;10-11,REROUTED
89300000000,12,13,12-4-3-2-5-13,42437647.0094604939,5,0-1;10-11,REROUTED
89400000000,12,13,12-4-3-2-5-13,42440593.3456081823,5,0-1;10-11,REROUTED
89500000000,12,13,12-4-3-2-5-13,42443544.2713806704,5,0-1;10-11,REROUTED
89600000000,12,13,12-4-3-2-5-13,42446500.3789883181,5,0-1;10-11,REROUTED
89700000000,12,13,12-4-3-2-5-13,42449462.1599132493,5,0-1;10-11,REROUTED
89800000000,12,13,12-4-3-2-5-13,42452429.7322650999,5,0-1;10-11,REROUTED
89900000000,12,13,12-4-3-2-5-13,42455395.8617294803,5,0-1;10-11,REROUTED
90000000000,12,13,12-4-3-2-5-13,42458366.1313202754,5,0-1;10-11,REROUTED
90100000000,12,13,12-4-3-2-5-13,42461344.3714346439,5,0-1;10-11,REROUTED
90200000000,12,13,12-4-3-2-5-13,42464325.4997045249,5,0-1;10-11,REROUTED
90300000000,12,13,12-4-3-2-5-13,42467312.6517886370,5,0-1;10-11,REROUTED
90400000000,12,13,12-4-3-2-5-13,42470306.2715113088,5,0-1;10-11,REROUTED
90500000000,12,13,12-4-3-2-5-13,42473295.4874017537,5,0-1;10-11,REROUTED
90600000000,12,13,12-4-3-2-5-13,42476296.5275841653,5,0-1;10-11,REROUTED
90700000000,12,13,12-4-3-2-5-13,42479292.9302033633,5,0-1;10-11,REROUTED
90800000000,12,13,12-4-3-2-5-13,42482302.5994697735,5,0-1;10-11,REROUTED
90900000000,12,13,12-4-3-2-5-13,42485317.5782153830,5,0-1;10-11,REROUTED
91000000000,12,13,12-4-3-2-5-13,42488334.2575423792,5,0-1;10-11,REROUTED
91100000000,12,13,12-4-3-2-5-13,42491347.3580699041,5,0-1;10-11,REROUTED
91200000000,12,13,12-4-3-2-5-13,42494371.2470521107,5,0-1;10-11,REROUTED
91300000000,12,13,12-4-3-2-5-13,42497400.3077016026,5,0-1;10-11,REROUTED
91400000000,12,13,12-4-3-2-5-13,42500435.4475845173,5,0-1;10-11,REROUTED
91500000000,12,13,12-4-3-2-5-13,42503467.0063240379,5,0-1;10-11,REROUTED
91600000000,12,13,12-4-3-2-5-13,42506511.4570048824,5,0-1;10-11,REROUTED
91700000000,12,13,12-4-3-2-5-13,42509547.3984796032,5,0-1;10-11,REROUTED
91800000000,12,13,12-4-3-2-5-13,42512596.2604331374,5,0-1;10-11,REROUTED
91900000000,12,13,12-4-3-2-5-13,42515651.6417795718,5,0-1;10-11,REROUTED
92000000000,12,13,12-4-3-2-5-13,42518706.3557009101,5,0-1;10-11,REROUTED
92100000000,12,13,12-4-3-2-5-13,42521769.9901353940,5,0-1;10-11,REROUTED
92200000000,12,13,12-4-3-2-5-13,42524831.0078567788,5,0-1;10-11,REROUTED
92300000000,12,13,12-4-3-2-5-13,42527898.1875939816,5,0-1;10-11,REROUTED
92400000000,12,13,12-4-3-2-5-13,42530978.9025660381,5,0-1;10-11,REROUTED
92500000000,12,13,12-4-3-2-5-13,42534053.8590937927,5,0-1;10-11,REROUTED
92600000000,12,13,12-4-3-2-5-13,42537137.2802638561,5,0-1;10-11,REROUTED
92700000000,12,13,12-4-3-2-5-13,42540221.5483354926,5,0-1;10-11,REROUTED
92800000000,12,13,12-4-3-2-5-13,42543308.8852244020,5,0-1;10-11,REROUTED
92900000000,12,13,12-4-3-2-5-13,42546399.5156099126,5,0-1;10-11,REROUTED
93000000000,12,13,12-4-3-2-5-13,42549507.6057613268,5,0-1;10-11,REROUTED
93100000000,12,13,12-4-3-2-5-13,42552607.3099888638,5,0-1;10-11,REROUTED
93200000000,12,13,12-4-3-2-5-13,42555713.7697884589,5,0-1;10-11,REROUTED
93300000000,12,13,12-4-3-2-5-13,42558820.8936702237,5,0-1;10-11,REROUTED
93400000000,12,13,12-4-3-2-5-13,42561939.2577840686,5,0-1;10-11,REROUTED
93500000000,12,13,12-4-3-2-5-13,42565055.4680645689,5,0-1;10-11,REROUTED
93600000000,12,13,12-4-3-2-5-13,42568180.5857065395,5,0-1;10-11,REROUTED
93700000000,12,13,12-4-3-2-5-13,42571306.3732421920,5,0-1;10-11,REROUTED
93800000000,12,13,12-4-3-2-5-13,42574437.5798153356,5,0-1;10-11,REROUTED
93900000000,12,13,12-4-3-2-5-13,42577573.7680306658,5,0-1;10-11,REROUTED
94000000000,12,13,12-4-3-2-5-13,42580710.0407436192,5,0-1;10-11,REROUTED
94100000000,12,13,12-4-3-2-5-13,42583859.6254161969,5,0-1;10-11,REROUTED
94200000000,12,13,12-4-3-2-5-13,42587009.0260379612,5,0-1;10-11,REROUTED
94300000000,12,13,12-4-3-2-5-13,42590157.6637668684,5,0-1;10-11,REROUTED
94400000000,12,13,12-4-3-2-5-13,42593317.1146969721,5,0-1;10-11,REROUTED
94500000000,12,13,12-4-3-2-5-13,42596472.0245559067,5,0-1;10-11,REROUTED
94600000000,12,13,12-4-3-2-5-13,42599638.6533285677,5,0-1;10-11,REROUTED
94700000000,12,13,12-4-3-2-5-13,42602810.8505281359,5,0-1;10-11,REROUTED
94800000000,12,13,12-4-3-2-5-13,42605980.5549452528,5,0-1;10-11,REROUTED
94900000000,12,13,12-4-3-2-5-13,42609154.1314684823,5,0-1;10-11,REROUTED
95000000000,12,13,12-4-3-2-5-13,42612340.2637592480,5,0-1;10-11,REROUTED
95100000000,12,13,12-4-3-2-5-13,42615524.6940927804,5,0-1;10-11,REROUTED
95200000000,12,13,12-4-3-2-5-13,42618714.7861790732,5,0-1;10-11,REROUTED
95300000000,12,13,12-4-3-2-5-13,42621908.3456963450,5,0-1;10-11,REROUTED
95400000000,12,13,12-4-3-2-5-13,42625102.8016679883,5,0-1;10-11,REROUTED
95500000000,12,13,12-4-3-2-5-13,42628306.5481462404,5,0-1;10-11,REROUTED
95600000000,12,13,12-4-3-2-5-13,42631511.8724407107,5,0-1;10-11,REROUTED
95700000000,12,13,12-4-3-2-5-13,42634721.0587169528,5,0-1;10-11,REROUTED
95800000000,12,13,12-4-3-2-5-13,42637938.0518261641,5,0-1;10-11,REROUTED
95900000000,12,13,12-4-3-2-5-13,42641155.7563108429,5,0-1;10-11,REROUTED
96000000000,12,13,12-4-3-2-5-13,42644374.9524473101,5,0-1;10-11,REROUTED
96100000000,12,13,12-4-3-2-5-13,42647604.9991888404,5,0-1;10-11,REROUTED
96200000000,12,13,12-4-3-2-5-13,42650835.0633600280,5,0-1;10-11,REROUTED
96300000000,12,13,12-4-3-2-5-13,42654065.8028988093,5,0-1;10-11,REROUTED
96400000000,12,13,12-4-3-2-5-13,42657304.1183568984,5,0-1;10-11,REROUTED
96500000000,12,13,12-4-3-2-5-13,42660550.4274320900,5,0-1;10-11,REROUTED
96600000000,12,13,12-4-3-2-5-13,42663802.1491107866,5,0-1;10-11,REROUTED
96700000000,12,13,12-4-3-2-5-13,42667049.0109227002,5,0-1;10-11,REROUTED
96800000000,12,13,12-4-3-2-5-13,42670301.7008121908,5,0-1;10-11,REROUTED
96900000000,12,13,12-4-3-2-5-13,42673559.7947428003,5,0-1;10-11,REROUTED
97000000000,12,13,12-4-3-2-5-13,42676830.6306712180,5,0-1;10-11,REROUTED
97100000000,12,13,12-4-3-2-5-13,42680091.8524369746,5,0-1;10-11,REROUTED
97200000000,12,13,12-4-3-2-5-13,42683363.6609991863,5,0-1;10-11,REROUTED
97300000000,12,13,12-4-3-2-5-13,42686644.0142998472,5,0-1;10-11,REROUTED
97400000000,12,13,12-4-3-2-5-13,42689924.0600624904,5,0-1;10-11,REROUTED
97500000000,12,13,12-4-3-2-5-13,42693201.7843027711,5,0-1;10-11,REROUTED
97600000000,12,13,12-4-3-2-5-13,42696496.5197668150,5,0-1;10-11,REROUTED
97700000000,12,13,12-4-3-2-5-13,42699780.1871064231,5,0-1;10-11,REROUTED
97800000000,12,13,12-4-3-2-5-13,42703082.6969372779,5,0-1;10-11,REROUTED
97900000000,12,13,12-4-3-2-5-13,42706380.3737661168,5,0-1;10-11,REROUTED
98000000000,12,13,12-4-3-2-5-13,42709689.2395514622,5,0-1;10-11,REROUTED
98100000000,12,13,12-4-3-2-5-13,42712989.1779745594,5,0-1;10-11,REROUTED
98200000000,12,13,12-4-3-2-5-13,42716307.3518715054,5,0-1;10-11,REROUTED
98300000000,12,13,12-4-3-2-5-13,42719619.6207112297,5,0-1;10-11,REROUTED
98400000000,12,13,12-4-3-2-5-13,42722941.8054343611,5,0-1;10-11,REROUTED
98500000000,12,13,12-4-3-2-5-13,42726269.1663270146,5,0-1;10-11,REROUTED
98600000000,12,13,12-4-3-2-5-13,42729597.4869349748,5,0-1;10-11,REROUTED
98700000000,12,13,12-4-3-2-5-13,42732926.2425592467,5,0-1;10-11,REROUTED
98800000000,12,13,12-4-3-2-5-13,42736271.7664906308,5,0-1;10-11,REROUTED
98900000000,12,13,12-4-3-2-5-13,42739608.7710969523,5,0-1;10-11,REROUTED
99000000000,12,13,12-4-3-2-5-13,42742947.8201863244,5,0-1;10-11,REROUTED
99100000000,12,13,12-4-3-2-5-13,42746300.6137183607,5,0-1;10-11,REROUTED
99200000000,12,13,12-4-3-2-5-13,42749652.5942880288,5,0-1;10-11,REROUTED
99300000000,12,13,12-4-3-2-5-13,42753012.5607039854,5,0-1;10-11,REROUTED
99400000000,12,13,12-4-3-2-5-13,42756372.7901317030,5,0-1;10-11,REROUTED
99500000000,12,13,12-4-3-2-5-13,42759737.3695983142,5,0-1;10-11,REROUTED
99600000000,12,13,12-4-3-2-5-13,42763109.2856120095,5,0-1;10-11,REROUTED
99700000000,12,13,12-4-3-2-5-13,42766484.0814538524,5,0-1;10-11,REROUTED
99800000000,12,13,12-4-3-2-5-13,42769860.8079784736,5,0-1;10-11,REROUTED
99900000000,12,13,12-4-3-2-5-13,42773243.4269966930,5,0-1;10-11,REROUTED
100000000000,12,13,12-4-3-2-5-13,42776626.2758466974,5,0-1;10-11,REROUTED
100100000000,12,13,12-4-3-2-5-13,42780017.1430077478,5,0-1;10-11,REROUTED
100200000000,12,13,12-4-3-2-5-13,42783412.1348518729,5,0-1;10-11,REROUTED
100300000000,12,13,12-4-3-2-5-13,42786806.5088090897,5,0-1;10-11,REROUTED
100400000000,12,13,12-4-3-2-5-13,42790209.7485555708,5,0-1;10-11,REROUTED
100500000000,12,13,12-4-3-2-5-13,42793612.8340558261,5,0-1;10-11,REROUTED
100600000000,12,13,12-4-3-2-5-13,42797028.1463382840,5,0-1;10-11,REROUTED
100700000000,12,13,12-4-3-2-5-13,42800443.7581383362,5,0-1;10-11,REROUTED
100800000000,12,13,12-4-3-2-5-13,42803857.5486258343,5,0-1;10-11,REROUTED
100900000000,12,13,12-4-3-2-5-13,42807281.8840749711,5,0-1;10-11,REROUTED
101000000000,12,13,12-4-3-2-5-13,42810713.6926672459,5,0-1;10-11,REROUTED
101100000000,12,13,12-4-3-2-5-13,42814139.6297303587,5,0-1;10-11,REROUTED
101200000000,12,13,12-4-3-2-5-13,42817571.6449101418,5,0-1;10-11,REROUTED
101300000000,12,13,12-4-3-2-5-13,42821012.8370496333,5,0-1;10-11,REROUTED
101400000000,12,13,12-4-3-2-5-13,42824456.9410232529,5,0-1;10-11,REROUTED
101500000000,12,13,12-4-3-2-5-13,42827905.8123401552,5,0-1;10-11,REROUTED
101600000000,12,13,12-4-3-2-5-13,42831351.7052055895,5,0-1;10-11,REROUTED
101700000000,12,13,12-4-3-2-5-13,42834811.1610331461,5,0-1;10-11,REROUTED
101800000000,12,13,12-4-3-2-5-13,42838261.7513420135,5,0-1;10-11,REROUTED
101900000000,12,13,12-4-3-2-5-13,42841731.6002886966,5,0-1;10-11,REROUTED
102000000000,12,13,12-4-3-2-5-13,42845195.1113564521,5,0-1;10-11,REROUTED
102100000000,12,13,12-4-3-2-5-13,42848666.3853637204,5,0-1;10-11,REROUTED
102200000000,12,13,12-4-3-2-5-13,42852137.3108193129,5,0-1;10-11,REROUTED
102300000000,12,13,12-4-3-2-5-13,42855621.1230733767,5,0-1;10-11,REROUTED
102400000000,12,13,12-4-3-2-5-13,42859102.8389761448,5,0-1;10-11,REROUTED
102500000000,12,13,12-4-3-2-5-13,42862588.7560203969,5,0-1;10-11,REROUTED
102600000000,12,13,12-4-3-2-5-13,42866079.3385617286,5,0-1;10-11,REROUTED
102700000000,12,13,12-4-3-2-5-13,42869574.7514063492,5,0-1;10-11,REROUTED
102800000000,12,13,12-4-3-2-5-13,42873075.5402957574,5,0-1;10-11,REROUTED
102900000000,12,13,12-4-3-2-5-13,42876574.3044817075,5,0-1;10-11,REROUTED
103000000000,12,13,12-4-3-2-5-13,42880082.0872597620,5,0-1;10-11,REROUTED
103100000000,12,13,12-4-3-2-5-13,42883591.8677535281,5,0-1;10-11,REROUTED
103200000000,12,13,12-4-3-2-5-13,42887111.7523577735,5,0-1;10-11,REROUTED
103300000000,12,13,12-4-3-2-5-13,42890631.2963945940,5,0-1;10-11,REROUTED
103400000000,12,13,12-4-3-2-5-13,42894153.4460240528,5,0-1;10-11,REROUTED
103500000000,12,13,12-4-3-2-5-13,42897681.8262873143,5,0-1;10-11,REROUTED
103600000000,12,13,12-4-3-2-5-13,42901211.3875741065,5,0-1;10-11,REROUTED
103700000000,12,13,12-4-3-2-5-13,42904749.7985208184,5,0-1;10-11,REROUTED
103800000000,12,13,12-4-3-2-5-13,42908287.6057246476,5,0-1;10-11,REROUTED
103900000000,12,13,12-4-3-2-5-13,42911829.1623394862,5,0-1;10-11,REROUTED
104000000000,12,13,12-4-3-2-5-13,42915376.4889144227,5,0-1;10-11,REROUTED
104100000000,12,13,12-4-3-2-5-13,42918929.2663279772,5,0-1;10-11,REROUTED
104200000000,12,13,12-4-3-2-5-13,42922483.1894001886,5,0-1;10-11,REROUTED
104300000000,12,13,12-4-3-2-5-13,42926043.3782646954,5,0-1;10-11,REROUTED
104400000000,12,13,12-4-3-2-5-13,42929607.1501732394,5,0-1;10-11,REROUTED
104500000000,12,13,12-4-3-2-5-13,42933172.6082057506,5,0-1;10-11,REROUTED
104600000000,12,13,12-4-3-2-5-13,42936744.0861418098,5,0-1;10-11,REROUTED
104700000000,12,13,12-4-3-2-5-13,42940319.1211615205,5,0-1;10-11,REROUTED
104800000000,12,13,12-4-3-2-5-13,42943901.1675967574,5,0-1;10-11,REROUTED
104900000000,12,13,12-4-3-2-5-13,42947482.2645962313,5,0-1;10-11,REROUTED
105000000000,12,13,12-4-3-2-5-13,42951068.1078552008,5,0-1;10-11,REROUTED
105100000000,12,13,12-4-3-2-5-13,42954662.1655363962,5,0-1;10-11,REROUTED
105200000000,12,13,12-4-3-2-5-13,42958254.3403566778,5,0-1;10-11,REROUTED
105300000000,12,13,12-4-3-2-5-13,42961850.9450119212,5,0-1;10-11,REROUTED
105400000000,12,13,12-4-3-2-5-13,42965459.0771504417,5,0-1;10-11,REROUTED
105500000000,12,13,12-4-3-2-5-13,42969058.7112194747,5,0-1;10-11,REROUTED
105600000000,12,13,12-4-3-2-5-13,42972679.3494914398,5,0-1;10-11,REROUTED
105700000000,12,13,12-4-3-2-5-13,42976288.1613216922,5,0-1;10-11,REROUTED
105800000000,12,13,12-4-3-2-5-13,42979911.9643407315,5,0-1;10-11,REROUTED
105900000000,12,13,12-4-3-2-5-13,42983529.8556174114,5,0-1;10-11,REROUTED
106000000000,12,13,12-4-3-2-5-13,42987157.2033701539,5,0-1;10-11,REROUTED
106100000000,12,13,12-4-3-2-5-13,42990792.2945939973,5,0-1;10-11,REROUTED
106200000000,12,13,12-4-3-2-5-13,42994426.4580601528,5,0-1;10-11,REROUTED
106300000000,12,13,12-4-3-2-5-13,42998065.7147109210,5,0-1;10-11,REROUTED
106400000000,12,13,12-4-3-2-5-13,43001712.3162096590,5,0-1;10-11,REROUTED
106500000000,12,13,12-4-3-2-5-13,43005355.0603631437,5,0-1;10-11,REROUTED
106600000000,12,13,12-4-3-2-5-13,43009005.8301927000,5,0-1;10-11,REROUTED
106700000000,12,13,12-4-3-2-5-13,43012663.5706412494,5,0-1;10-11,REROUTED
106800000000,12,13,12-4-3-2-5-13,43016319.5261614472,5,0-1;10-11,REROUTED
106900000000,12,13,12-4-3-2-5-13,43019984.6764872745,5,0-1;10-11,REROUTED
107000000000,12,13,12-4-3-2-5-13,43023644.0845710412,5,0-1;10-11,REROUTED
107100000000,12,13,12-4-3-2-5-13,43027317.2496783957,5,0-1;10-11,REROUTED
107200000000,12,13,12-4-3-2-5-13,43030992.6407481730,5,0-1;10-11,REROUTED
107300000000,12,13,12-4-3-2-5-13,43034676.0446383581,5,0-1;10-11,REROUTED
107400000000,12,13,12-4-3-2-5-13,43038355.8769125417,5,0-1;10-11,REROUTED
107500000000,12,13,12-4-3-2-5-13,43042043.6136130393,5,0-1;10-11,REROUTED
107600000000,12,13,12-4-3-2-5-13,43045734.6603161544,5,0-1;10-11,REROUTED
107700000000,12,13,12-4-3-2-5-13,43049429.4585246593,5,0-1;10-11,REROUTED
107800000000,12,13,12-4-3-2-5-13,43053122.7591082379,5,0-1;10-11,REROUTED
107900000000,12,13,12-4-3-2-5-13,43056824.7395844311,5,0-1;10-11,REROUTED
108000000000,12,13,12-4-3-2-5-13,43060534.0165348276,5,0-1;10-11,REROUTED
108100000000,12,13,12-4-3-2-5-13,43064249.4535465166,5,0-1;10-11,REROUTED
108200000000,12,13,12-4-3-2-5-13,43067960.1843436956,5,0-1;10-11,REROUTED
108300000000,12,13,12-4-3-2-5-13,43071681.8276009560,5,0-1;10-11,REROUTED
108400000000,12,13,12-4-3-2-5-13,43075401.6853630170,5,0-1;10-11,REROUTED
108500000000,12,13,12-4-3-2-5-13,43079122.4100736082,5,0-1;10-11,REROUTED
108600000000,12,13,12-4-3-2-5-13,43082860.6737988219,5,0-1;10-11,REROUTED
108700000000,12,13,12-4-3-2-5-13,43086589.8694530949,5,0-1;10-11,REROUTED
108800000000,12,13,12-4-3-2-5-13,43090324.2979861498,5,0-1;10-11,REROUTED
108900000000,12,13,12-4-3-2-5-13,43094072.4135569781,5,0-1;10-11,REROUTED
109000000000,12,13,12-4-3-2-5-13,43097815.9210708514,5,0-1;10-11,REROUTED
109100000000,12,13,12-4-3-2-5-13,43101562.5357612371,5,0-1;10-11,REROUTED
109200000000,12,13,12-4-3-2-5-13,43105321.2693457827,5,0-1;10-11,REROUTED
109300000000,12,13,12-4-3-2-5-13,43109078.0288191512,5,0-1;10-11,REROUTED
109400000000,12,13,12-4-3-2-5-13,43112842.0963484645,5,0-1;10-11,REROUTED
109500000000,12,13,12-4-3-2-5-13,43116607.1600358933,5,0-1;10-11,REROUTED
109600000000,12,13,12-4-3-2-5-13,43120373.6634535491,5,0-1;10-11,REROUTED
109700000000,12,13,12-4-3-2-5-13,43124144.1727309301,5,0-1;10-11,REROUTED
109800000000,12,13,12-4-3-2-5-13,43127922.8309923559,5,0-1;10-11,REROUTED
109900000000,12,13,12-4-3-2-5-13,43131708.8132010475,5,0-1;10-11,REROUTED
110000000000,12,13,12-4-3-2-5-13,43135492.7937646285,5,0-1;10-11,REROUTED
110100000000,12,13,12-4-3-2-5-13,43139282.5218490884,5,0-1;10-11,REROUTED
110200000000,12,13,12-4-3-2-5-13,43143075.5156276599,5,0-1;10-11,REROUTED
110300000000,12,13,12-4-3-2-5-13,43146872.5177288055,5,0-1;10-11,REROUTED
110400000000,12,13,12-4-3-2-5-13,43150672.9189339280,5,0-1;10-11,REROUTED
110500000000,12,13,12-4-3-2-5-13,43154477.1240368187,5,0-1;10-11,REROUTED
110600000000,12,13,12-4-3-2-5-13,43158288.3868132010,5,0-1;10-11,REROUTED
110700000000,12,13,12-4-3-2-5-13,43162095.2124822736,5,0-1;10-11,REROUTED
110800000000,12,13,12-4-3-2-5-13,43165914.7163393721,5,0-1;10-11,REROUTED
110900000000,12,13,12-4-3-2-5-13,43169734.5469303653,5,0-1;10-11,REROUTED
111000000000,12,13,12-4-3-2-5-13,43173557.6008734554,5,0-1;10-11,REROUTED
111100000000,12,13,12-4-3-2-5-13,43177386.5087685660,5,0-1;10-11,REROUTED
111200000000,12,13,12-4-3-2-5-13,43181218.6829259992,5,0-1;10-11,REROUTED
111300000000,12,13,12-4-3-2-5-13,43185056.2867542729,5,0-1;10-11,REROUTED
111400000000,12,13,12-4-3-2-5-13,43188896.3201345205,5,0-1;10-11,REROUTED
111500000000,12,13,12-4-3-2-5-13,43192739.1852844805,5,0-1;10-11,REROUTED
111600000000,12,13,12-4-3-2-5-13,43196588.6734922901,5,0-1;10-11,REROUTED
111700000000,12,13,12-4-3-2-5-13,43200436.4216530621,5,0-1;10-11,REROUTED
111800000000,12,13,12-4-3-2-5-13,43204296.3924182579,5,0-1;10-11,REROUTED
111900000000,12,13,12-4-3-2-5-13,43208153.3894988671,5,0-1;10-11,REROUTED
112000000000,12,13,12-4-3-2-5-13,43212013.4999326468,5,0-1;10-11,REROUTED
112100000000,12,13,12-4-3-2-5-13,43215889.5955475941,5,0-1;10-11,REROUTED
112200000000,12,13,12-4-3-2-5-13,43219757.1333996505,5,0-1;10-11,REROUTED
112300000000,12,13,12-4-3-2-5-13,43223631.5406703204,5,0-1;10-11,REROUTED
112400000000,12,13,12-4-3-2-5-13,43227510.2546870634,5,0-1;10-11,REROUTED
112500000000,12,13,12-4-3-2-5-13,43231394.3721568510,5,0-1;10-11,REROUTED
112600000000,12,13,12-4-3-2-5-13,43235281.1395775527,5,0-1;10-11,REROUTED
112700000000,12,13,12-4-3-2-5-13,43239165.4486718476,5,0-1;10-11,REROUTED
112800000000,12,13,12-4-3-2-5-13,43243063.4839312881,5,0-1;10-11,REROUTED
112900000000,12,13,12-4-3-2-5-13,43246962.8188186139,5,0-1;10-11,REROUTED
113000000000,12,13,12-4-3-2-5-13,43250864.0201939270,5,0-1;10-11,REROUTED
113100000000,12,13,12-4-3-2-5-13,43254772.0000180304,5,0-1;10-11,REROUTED
113200000000,12,13,12-4-3-2-5-13,43258678.4655856118,5,0-1;10-11,REROUTED
113300000000,12,13,12-4-3-2-5-13,43262599.0140015855,5,0-1;10-11,REROUTED
113400000000,12,13,12-4-3-2-5-13,43266514.1769066378,5,0-1;10-11,REROUTED
113500000000,12,13,12-4-3-2-5-13,43270436.2830178216,5,0-1;10-11,REROUTED
113600000000,12,13,12-4-3-2-5-13,43274358.6236524805,5,0-1;10-11,REROUTED
113700000000,12,13,12-4-3-2-5-13,43278289.5692609400,5,0-1;10-11,REROUTED
113800000000,12,13,12-4-3-2-5-13,43282224.9876833633,5,0-1;10-11,REROUTED
113900000000,12,13,12-4-3-2-5-13,43286157.7688132003,5,0-1;10-11,REROUTED
114000000000,12,13,12-4-3-2-5-13,43290100.5915600583,5,0-1;10-11,REROUTED
114100000000,12,13,12-4-3-2-5-13,43294051.1990476325,5,0-1;10-11,REROUTED
114200000000,12,13,12-4-3-2-5-13,43297991.2656152919,5,0-1;10-11,REROUTED
114300000000,12,13,12-4-3-2-5-13,43301944.3836491629,5,0-1;10-11,REROUTED
114400000000,12,13,12-4-3-2-5-13,43305901.9934839606,5,0-1;10-11,REROUTED
114500000000,12,13,12-4-3-2-5-13,43309862.0832058191,5,0-1;10-11,REROUTED
114600000000,12,13,12-4-3-2-5-13,43313830.5525909960,5,0-1;10-11,REROUTED
114700000000,12,13,12-4-3-2-5-13,43317795.9563149735,5,0-1;10-11,REROUTED
114800000000,12,13,12-4-3-2-5-13,43321762.4093484581,5,0-1;10-11,REROUTED
114900000000,12,13,12-4-3-2-5-13,43325740.2597976923,5,0-1;10-11,REROUTED
115000000000,12,13,12-4-3-2-5-13,43329721.8993401155,5,0-1;10-11,REROUTED
115100000000,12,13,12-4-3-2-5-13,43333704.9928806871,5,0-1;10-11,REROUTED
115200000000,12,13,12-4-3-2-5-13,43337691.4151194394,5,0-1;10-11,REROUTED
115300000000,12,13,12-4-3-2-5-13,43341681.0790093094,5,0-1;10-11,REROUTED
115400000000,12,13,12-4-3-2-5-13,43345677.2973337024,5,0-1;10-11,REROUTED
115500000000,12,13,12-4-3-2-5-13,43349672.2513605356,5,0-1;10-11,REROUTED
115600000000,12,13,12-4-3-2-5-13,43353679.8652464375,5,0-1;10-11,REROUTED
115700000000,12,13,12-4-3-2-5-13,43357682.2237577140,5,0-1;10-11,REROUTED
115800000000,12,13,12-4-3-2-5-13,43361693.2277863547,5,0-1;10-11,REROUTED
115900000000,12,13,12-4-3-2-5-13,43365713.1390620172,5,0-1;10-11,REROUTED
116000000000,12,13,12-4-3-2-5-13,43369728.7856227756,5,0-1;10-11,REROUTED
116100000000,12,13,12-4-3-2-5-13,43373751.3119078949,5,0-1;10-11,REROUTED
116200000000,12,13,12-4-3-2-5-13,43377773.9091788232,5,0-1;10-11,REROUTED
116300000000,12,13,12-4-3-2-5-13,43381805.4523013905,5,0-1;10-11,REROUTED
116400000000,12,13,12-4-3-2-5-13,43385835.8843068704,5,0-1;10-11,REROUTED
116500000000,12,13,12-4-3-2-5-13,43389873.5976238996,5,0-1;10-11,REROUTED
116600000000,12,13,12-4-3-2-5-13,43393918.6544376314,5,0-1;10-11,REROUTED
116700000000,12,13,12-4-3-2-5-13,43397959.1141986772,5,0-1;10-11,REROUTED
116800000000,12,13,12-4-3-2-5-13,43402006.5220378861,5,0-1;10-11,REROUTED
116900000000,12,13,12-4-3-2-5-13,43406060.2479557544,5,0-1;10-11,REROUTED
117000000000,12,13,12-4-3-2-5-13,43410115.8958746642,5,0-1;10-11,REROUTED
117100000000,12,13,12-4-3-2-5-13,43414179.6459619179,5,0-1;10-11,REROUTED
117200000000,12,13,12-4-3-2-5-13,43418239.0084935352,5,0-1;10-11,REROUTED
117300000000,12,13,12-4-3-2-5-13,43422310.1380941048,5,0-1;10-11,REROUTED
117400000000,12,13,12-4-3-2-5-13,43426380.5900027379,5,0-1;10-11,REROUTED
117500000000,12,13,12-4-3-2-5-13,43430454.8907269314,5,0-1;10-11,REROUTED
117600000000,12,13,12-4-3-2-5-13,43434531.6820428818,5,0-1;10-11,REROUTED
117700000000,12,13,12-4-3-2-5-13,43438619.7841086313,5,0-1;10-11,REROUTED
117800000000,12,13,12-4-3-2-5-13,43442709.8382044658,5,0-1;10-11,REROUTED
117900000000,12,13,12-4-3-2-5-13,43446791.1413519382,5,0-1;10-11,REROUTED
118000000000,12,13,12-4-3-2-5-13,43450889.9294643551,5,0-1;10-11,REROUTED
118100000000,12,13,12-4-3-2-5-13,43454991.4766696915,5,0-1;10-11,REROUTED
118200000000,12,13,12-4-3-2-5-13,43459090.9060092196,5,0-1;10-11,REROUTED
118300000000,12,13,12-4-3-2-5-13,43463193.5464969426,5,0-1;10-11,REROUTED
118400000000,12,13,12-4-3-2-5-13,43467305.0075699836,5,0-1;10-11,REROUTED
118500000000,12,13,12-4-3-2-5-13,43471418.0428989232,5,0-1;10-11,REROUTED
118600000000,12,13,12-4-3-2-5-13,43475536.9294297621,5,0-1;10-11,REROUTED
118700000000,12,13,12-4-3-2-5-13,43479657.1334526911,5,0-1;10-11,REROUTED
118800000000,12,13,12-4-3-2-5-13,43483782.9444907680,5,0-1;10-11,REROUTED
118900000000,12,13,12-4-3-2-5-13,43487908.6750620604,5,0-1;10-11,REROUTED
119000000000,12,13,12-4-3-2-5-13,43492044.4225653112,5,0-1;10-11,REROUTED
119100000000,12,13,12-4-3-2-5-13,43496179.7239176333,5,0-1;10-11,REROUTED
119200000000,12,13,12-4-3-2-5-13,43500320.7942228690,5,0-1;10-11,REROUTED
119300000000,12,13,12-4-3-2-5-13,43504462.4098379686,5,0-1;10-11,REROUTED
119400000000,12,13,12-4-3-2-5-13,43508609.9758100733,5,0-1;10-11,REROUTED
119500000000,12,13,12-4-3-2-5-13,43512763.8740735278,5,0-1;10-11,REROUTED
119600000000,12,13,12-4-3-2-5-13,43516913.5759283975,5,0-1;10-11,REROUTED
119700000000,12,13,12-4-3-2-5-13,43521072.3466781527,5,0-1;10-11,REROUTED
119800000000,12,13,12-4-3-2-5-13,43525232.0251318440,5,0-1;10-11,REROUTED
119900000000,12,13,12-4-3-2-5-13,43529406.5960642546,5,0-1;10-11,REROUTED
120000000000,12,13,12-4-3-2-5-13,43533574.7668204680,5,0-1;10-11,REROUTED
120100000000,12,13,12-4-3-2-5-13,43537746.7977989689,5,0-1;10-11,REROUTED
120200000000,12,13,12-4-3-2-5-13,43541921.0804512873,5,0-1;10-11,REROUTED
120300000000,12,13,12-4-3-2-5-13,43546108.1700686589,5,0-1;10-11,REROUTED
120400000000,12,13,12-4-3-2-5-13,43550290.0517498702,5,0-1;10-11,REROUTED
120500000000,12,13,12-4-3-2-5-13,43554477.1156743467,5,0-1;10-11,REROUTED
120600000000,12,13,12-4-3-2-5-13,43558674.4351651669,5,0-1;10-11,REROUTED
120700000000,12,13,12-4-3-2-5-13,43562867.8376796395,5,0-1;10-11,REROUTED
120800000000,12,13,12-4-3-2-5-13,43567073.6215834469,5,0-1;10-11,REROUTED
120900000000,12,13,12-4-3-2-5-13,43571274.1110843420,5,0-1;10-11,REROUTED
121000000000,12,13,12-4-3-2-5-13,43575482.3924018741,5,0-1;10-11,REROUTED
121100000000,12,13,12-4-3-2-5-13,43579692.9948807210,5,0-1;10-11,REROUTED
121200000000,12,13,12-4-3-2-5-13,43583912.9412478358,5,0-1;10-11,REROUTED
121300000000,12,13,12-4-3-2-5-13,43588127.7553486675,5,0-1;10-11,REROUTED
121400000000,12,13,12-4-3-2-5-13,43592353.8169215620,5,0-1;10-11,REROUTED
121500000000,12,13,12-4-3-2-5-13,43596572.2199130878,5,0-1;10-11,REROUTED
121600000000,12,13,12-4-3-2-5-13,43600805.6782878414,5,0-1;10-11,REROUTED
121700000000,12,13,12-4-3-2-5-13,43605046.7106420472,5,0-1;10-11,REROUTED
121800000000,12,13,12-4-3-2-5-13,43609273.6523160562,5,0-1;10-11,REROUTED
121900000000,12,13,12-4-3-2-5-13,43613521.2500805110,5,0-1;10-11,REROUTED
122000000000,12,13,12-4-3-2-5-13,43617763.5729227141,5,0-1;10-11,REROUTED
122100000000,12,13,12-4-3-2-5-13,43622016.4744253904,5,0-1;10-11,REROUTED
122200000000,12,13,12-4-3-2-5-13,43626270.4647359625,5,0-1;10-11,REROUTED
122300000000,12,13,12-4-3-2-5-13,43630523.2118369564,5,0-1;10-11,REROUTED
122400000000,12,13,12-4-3-2-5-13,43634781.9778899103,5,0-1;10-11,REROUTED
122500000000,12,13,12-4-3-2-5-13,43639047.5296672359,5,0-1;10-11,REROUTED
122600000000,12,13,12-4-3-2-5-13,43643317.2734290212,5,0-1;10-11,REROUTED
122700000000,12,13,12-4-3-2-5-13,43647585.3497026265,5,0-1;10-11,REROUTED
122800000000,12,13,12-4-3-2-5-13,43651865.3462094665,5,0-1;10-11,REROUTED
122900000000,12,13,12-4-3-2-5-13,43656141.8642269745,5,0-1;10-11,REROUTED
123000000000,12,13,12-4-3-2-5-13,43660423.2202886268,5,0-1;10-11,REROUTED
123100000000,12,13,12-4-3-2-5-13,43664707.9688160866,5,0-1;10-11,REROUTED
123200000000,12,13,12-4-3-2-5-13,43668997.8152472824,5,0-1;10-11,REROUTED
123300000000,12,13,12-4-3-2-5-13,43673291.8457232416,5,0-1;10-11,REROUTED
123400000000,12,13,12-4-3-2-5-13,43677589.8996225968,5,0-1;10-11,REROUTED
123500000000,12,13,12-4-3-2-5-13,43681889.1154282317,5,0-1;10-11,REROUTED
123600000000,12,13,12-4-3-2-5-13,43686199.3570305929,5,0-1;10-11,REROUTED
123700000000,12,13,12-4-3-2-5-13,43690508.0659939051,5,0-1;10-11,REROUTED
123800000000,12,13,12-4-3-2-5-13,43694818.5650493205,5,0-1;10-11,REROUTED
123900000000,12,13,12-4-3-2-5-13,43699132.7737268955,5,0-1;10-11,REROUTED
124000000000,12,13,12-4-3-2-5-13,43703451.7114241868,5,0-1;10-11,REROUTED
124100000000,12,13,12-4-3-2-5-13,43707778.7148022950,5,0-1;10-11,REROUTED
124200000000,12,13,12-4-3-2-5-13,43712106.0068206787,5,0-1;10-11,REROUTED
124300000000,12,13,12-4-3-2-5-13,43716432.9225991294,5,0-1;10-11,REROUTED
124400000000,12,13,12-4-3-2-5-13,43720770.2574845925,5,0-1;10-11,REROUTED
124500000000,12,13,12-4-3-2-5-13,43725106.4140934870,5,0-1;10-11,REROUTED
124600000000,12,13,12-4-3-2-5-13,43729454.1174464300,5,0-1;10-11,REROUTED
124700000000,12,13,12-4-3-2-5-13,43733796.3057708591,5,0-1;10-11,REROUTED
124800000000,12,13,12-4-3-2-5-13,43738147.5755770802,5,0-1;10-11,REROUTED
124900000000,12,13,12-4-3-2-5-13,43742499.6341131926,5,0-1;10-11,REROUTED
125000000000,12,13,12-4-3-2-5-13,43746859.1809557676,5,0-1;10-11,REROUTED
125100000000,12,13,12-4-3-2-5-13,43751215.5199233294,5,0-1;10-11,REROUTED
125200000000,12,13,12-4-3-2-5-13,43755581.1780681536,5,0-1;10-11,REROUTED
125300000000,12,13,12-4-3-2-5-13,43759944.6805445328,5,0-1;10-11,REROUTED
125400000000,12,13,12-4-3-2-5-13,43764317.7101887167,5,0-1;10-11,REROUTED
125500000000,12,13,12-4-3-2-5-13,43768697.0764805079,5,0-1;10-11,REROUTED
125600000000,12,13,12-4-3-2-5-13,43773070.8267709687,5,0-1;10-11,REROUTED
125700000000,12,13,12-4-3-2-5-13,43777453.3827349022,5,0-1;10-11,REROUTED
125800000000,12,13,12-4-3-2-5-13,43781844.1296416000,5,0-1;10-11,REROUTED
125900000000,12,13,,,0,0-1;10-11,DROPPED
126000000000,12,13,,,0,0-1;10-11,DROPPED
126100000000,12,13,,,0,0-1;10-11,DROPPED
126200000000,12,13,,,0,0-1;10-11,DROPPED
126300000000,12,13,,,0,0-1;10-11,DROPPED
126400000000,12,13,,,0,0-1;10-11,DROPPED
126500000000,12,13,,,0,0-1;10-11,DROPPED
126600000000,12,13,,,0,0-1;10-11,DROPPED
126700000000,12,13,,,0,0-1;10-11,DROPPED
126800000000,12,13,,,0,0-1;10-11,DROPPED
126900000000,12,13,,,0,0-1;10-11,DROPPED
127000000000,12,13,,,0,0-1;10-11,DROPPED
127100000000,12,13,,,0,0-1;10-11,DROPPED
127200000000,12,13,,,0,0-1;10-11,DROPPED
127300000000,12,13,,,0,0-1;10-11,DROPPED
127400000000,12,13,,,0,0-1;10-11,DROPPED
127500000000,12,13,,,0,0-1;10-11,DROPPED
127600000000,12,13,,,0,0-1;10-11,DROPPED
127700000000,12,13,,,0,0-1;10-11,DROPPED
127800000000,12,13,,,0,0-1;10-11,DROPPED
127900000000,12,13,,,0,0-1;10-11,DROPPED
128000000000,12,13,,,0,0-1;10-11,DROPPED
128100000000,12,13,,,0,0-1;10-11,DROPPED
128200000000,12,13,,,0,0-1;10-11,DROPPED
128300000000,12,13,,,0,0-1;10-11,DROPPED
128400000000,12,13,,,0,0-1;10-11,DROPPED
128500000000,12,13,,,0,0-1;10-11,DROPPED
128600000000,12,13,,,0,0-1;10-11,DROPPED
128700000000,12,13,12-8-9-10-6-13,42971503.4073241502,5,0-1;10-11,REROUTED
128800000000,12,13,12-8-9-10-6-13,42967599.9051159918,5,0-1;10-11,REROUTED
128900000000,12,13,12-8-9-10-6-13,42963696.2760475948,5,0-1;10-11,REROUTED
129000000000,12,13,12-8-9-10-6-13,42959803.3591749668,5,0-1;10-11,REROUTED
129100000000,12,13,12-8-9-10-6-13,42955905.4264019951,5,0-1;10-11,REROUTED
129200000000,12,13,12-8-9-10-6-13,42952013.9478764385,5,0-1;10-11,REROUTED
129300000000,12,13,12-8-9-10-6-13,42948125.1222330183,5,0-1;10-11,REROUTED
129400000000,12,13,12-8-9-10-6-13,42944242.7298778519,5,0-1;10-11,REROUTED
129500000000,12,13,12-8-9-10-6-13,42940367.2287560254,5,0-1;10-11,REROUTED
129600000000,12,13,12-8-9-10-6-13,42936496.1892242655,5,0-1;10-11,REROUTED
129700000000,12,13,12-8-9-10-6-13,42932623.7265837342,5,0-1;10-11,REROUTED
129800000000,12,13,12-8-9-10-6-13,42928759.1942459196,5,0-1;10-11,REROUTED
129900000000,12,13,12-8-9-10-6-13,42924900.3432433382,5,0-1;10-11,REROUTED
130000000000,12,13,12-8-9-10-6-13,42921044.6418462172,5,0-1;10-11,REROUTED
130100000000,12,13,12-8-9-10-6-13,42917189.0787624717,5,0-1;10-11,REROUTED
130200000000,12,13,12-8-9-10-6-13,42913341.2950116098,5,0-1;10-11,REROUTED
130300000000,12,13,12-8-9-10-6-13,42909497.8554342985,5,0-1;10-11,REROUTED
130400000000,12,13,12-8-9-10-6-13,42905653.7689652741,5,0-1;10-11,REROUTED
130500000000,12,13,12-8-9-10-6-13,42901819.8940242529,5,0-1;10-11,REROUTED
130600000000,12,13,12-8-9-10-6-13,42897994.1156659350,5,0-1;10-11,REROUTED
130700000000,12,13,12-8-9-10-6-13,42894163.5420698747,5,0-1;10-11,REROUTED
130800000000,12,13,12-8-9-10-6-13,42890343.8825556487,5,0-1;10-11,REROUTED
130900000000,12,13,12-8-9-10-6-13,42886515.9148778617,5,0-1;10-11,REROUTED
131000000000,12,13,12-8-9-10-6-13,42882706.3803092092,5,0-1;10-11,REROUTED
131100000000,12,13,12-8-9-10-6-13,42878894.1769072041,5,0-1;10-11,REROUTED
131200000000,12,13,12-8-9-10-6-13,42875083.9120737314,5,0-1;10-11,REROUTED
131300000000,12,13,12-8-9-10-6-13,42871282.6576842293,5,0-1;10-11,REROUTED
131400000000,12,13,12-8-9-10-6-13,42867482.5376747400,5,0-1;10-11,REROUTED
131500000000,12,13,12-8-9-10-6-13,42863687.7307720706,5,0-1;10-11,REROUTED
131600000000,12,13,12-8-9-10-6-13,42859901.5363881737,5,0-1;10-11,REROUTED
131700000000,12,13,12-8-9-10-6-13,42856115.2444258556,5,0-1;10-11,REROUTED
131800000000,12,13,12-8-9-10-6-13,42852331.3601968437,5,0-1;10-11,REROUTED
131900000000,12,13,12-8-9-10-6-13,42848549.3668693677,5,0-1;10-11,REROUTED
132000000000,12,13,12-8-9-10-6-13,42844777.7082948461,5,0-1;10-11,REROUTED
132100000000,12,13,12-8-9-10-6-13,42841012.3236865699,5,0-1;10-11,REROUTED
132200000000,12,13,12-8-9-10-6-13,42837241.8200885728,5,0-1;10-11,REROUTED
132300000000,12,13,12-8-9-10-6-13,42833479.8091227040,5,0-1;10-11,REROUTED
132400000000,12,13,12-8-9-10-6-13,42829720.4514719546,5,0-1;10-11,REROUTED
132500000000,12,13,12-8-9-10-6-13,42825975.0857324004,5,0-1;10-11,REROUTED
132600000000,12,13,12-8-9-10-6-13,42822222.5297427177,5,0-1;10-11,REROUTED
132700000000,12,13,12-8-9-10-6-13,42818479.1081126779,5,0-1;10-11,REROUTED
132800000000,12,13,12-8-9-10-6-13,42814736.1499631852,5,0-1;10-11,REROUTED
132900000000,12,13,12-8-9-10-6-13,42810998.1227874309,5,0-1;10-11,REROUTED
133000000000,12,13,12-8-9-10-6-13,42807264.8421907425,5,0-1;10-11,REROUTED
133100000000,12,13,12-8-9-10-6-13,42803537.1945316419,5,0-1;10-11,REROUTED
133200000000,12,13,12-8-9-10-6-13,42799813.0931125805,5,0-1;10-11,REROUTED
133300000000,12,13,12-8-9-10-6-13,42796095.7166340575,5,0-1;10-11,REROUTED
133400000000,12,13,12-8-9-10-6-13,42792379.8877438456,5,0-1;10-11,REROUTED
133500000000,12,13,12-8-9-10-6-13,42788663.1393744573,5,0-1;10-11,REROUTED
133600000000,12,13,12-8-9-10-6-13,42784957.8383389190,5,0-1;10-11,REROUTED
133700000000,12,13,12-8-9-10-6-13,42781255.5851707086,5,0-1;10-11,REROUTED
133800000000,12,13,12-8-9-10-6-13,42777558.6211955771,5,0-1;10-11,REROUTED
133900000000,12,13,12-8-9-10-6-13,42773861.5237981454,5,0-1;10-11,REROUTED
134000000000,12,13,12-8-9-10-6-13,42770173.2972584590,5,0-1;10-11,REROUTED
134100000000,12,13,12-8-9-10-6-13,42766488.4002897814,5,0-1;10-11,REROUTED
134200000000,12,13,12-8-9-10-6-13,42762805.5944089592,5,0-1;10-11,REROUTED
134300000000,12,13,12-8-9-10-6-13,42759128.4251286909,5,0-1;10-11,REROUTED
134400000000,12,13,12-8-9-10-6-13,42755451.5461870655,5,0-1;10-11,REROUTED
134500000000,12,13,12-8-9-10-6-13,42751782.6504900903,5,0-1;10-11,REROUTED
134600000000,12,13,12-8-9-10-6-13,42748116.8489927724,5,0-1;10-11,REROUTED
134700000000,12,13,12-8-9-10-6-13,42744461.7699159831,5,0-1;10-11,REROUTED
134800000000,12,13,12-8-9-10-6-13,42740796.1190232038,5,0-1;10-11,REROUTED
134900000000,12,13,12-8-9-10-6-13,42737143.2277494296,5,0-1;10-11,REROUTED
135000000000,12,13,12-8-9-10-6-13,42733500.2270589620,5,0-1;10-11,REROUTED
135100000000,12,13,12-8-9-10-6-13,42729852.3328266367,5,0-1;10-11,REROUTED
135200000000,12,13,12-8-9-10-6-13,42726214.4339424372,5,0-1;10-11,REROUTED
135300000000,12,13,12-8-9-10-6-13,42722573.6150713041,5,0-1;10-11,REROUTED
135400000000,12,13,12-8-9-10-6-13,42718941.1320399269,5,0-1;10-11,REROUTED
135500000000,12,13,12-8-9-10-6-13,42715313.6477311477,5,0-1;10-11,REROUTED
135600000000,12,13,12-8-9-10-6-13,42711692.9502364099,5,0-1;10-11,REROUTED
135700000000,12,13,12-8-9-10-6-13,42708077.3774325773,5,0-1;10-11,REROUTED
135800000000,12,13,12-8-9-10-6-13,42704457.3775338009,5,0-1;10-11,REROUTED
135900000000,12,13,12-8-9-10-6-13,42700847.1984462440,5,0-1;10-11,REROUTED
136000000000,12,13,12-8-9-10-6-13,42697236.0935238302,5,0-1;10-11,REROUTED
136100000000,12,13,12-8-9-10-6-13,42693637.5992600769,5,0-1;10-11,REROUTED
136200000000,12,13,12-8-9-10-6-13,42690037.9328597486,5,0-1;10-11,REROUTED
136300000000,12,13,12-8-9-10-6-13,42686443.1887465641,5,0-1;10-11,REROUTED
136400000000,12,13,12-8-9-10-6-13,42682854.2532452941,5,0-1;10-11,REROUTED
136500000000,12,13,12-8-9-10-6-13,42679267.2363771051,5,0-1;10-11,REROUTED
136600000000,12,13,12-8-9-10-6-13,42675679.1915513203,5,0-1;10-11,REROUTED
136700000000,12,13,12-8-9-10-6-13,42672111.2955132797,5,0-1;10-11,REROUTED
136800000000,12,13,12-8-9-10-6-13,42668534.0154873431,5,0-1;10-11,REROUTED
136900000000,12,13,12-8-9-10-6-13,42664963.3737297878,5,0-1;10-11,REROUTED
137000000000,12,13,12-8-9-10-6-13,42661401.6215620860,5,0-1;10-11,REROUTED
137100000000,12,13,12-8-9-10-6-13,42657837.8119310141,5,0-1;10-11,REROUTED
137200000000,12,13,12-8-9-10-6-13,42654282.2798475325,5,0-1;10-11,REROUTED
137300000000,12,13,12-8-9-10-6-13,42650729.8261973858,5,0-1;10-11,REROUTED
137400000000,12,13,12-8-9-10-6-13,42647181.1884189770,5,0-1;10-11,REROUTED
137500000000,12,13,12-8-9-10-6-13,42643634.4692023695,5,0-1;10-11,REROUTED
137600000000,12,13,12-8-9-10-6-13,42640098.6825447455,5,0-1;10-11,REROUTED
137700000000,12,13,12-8-9-10-6-13,42636561.8778803945,5,0-1;10-11,REROUTED
137800000000,12,13,12-8-9-10-6-13,42633034.9217975289,5,0-1;10-11,REROUTED
137900000000,12,13,12-8-9-10-6-13,42629502.1604620069,5,0-1;10-11,REROUTED
138000000000,12,13,12-8-9-10-6-13,42625981.7185754180,5,0-1;10-11,REROUTED
138100000000,12,13,12-8-9-10-6-13,42622463.5747818574,5,0-1;10-11,REROUTED
138200000000,12,13,12-8-9-10-6-13,42618951.8526241705,5,0-1;10-11,REROUTED
138300000000,12,13,12-8-9-10-6-13,42615435.7587091699,5,0-1;10-11,REROUTED
138400000000,12,13,12-8-9-10-6-13,42611931.6948503107,5,0-1;10-11,REROUTED
138500000000,12,13,12-8-9-10-6-13,42608428.7774345800,5,0-1;10-11,REROUTED
138600000000,12,13,12-8-9-10-6-13,42604932.6296450198,5,0-1;10-11,REROUTED
138700000000,12,13,12-8-9-10-6-13,42601438.4635734558,5,0-1;10-11,REROUTED
138800000000,12,13,12-8-9-10-6-13,42597945.6459303200,5,0-1;10-11,REROUTED
138900000000,12,13,12-8-9-10-6-13,42594462.0071558952,5,0-1;10-11,REROUTED
139000000000,12,13,12-8-9-10-6-13,42590984.3446864784,5,0-1;10-11,REROUTED
139100000000,12,13,12-8-9-10-6-13,42587503.7173289955,5,0-1;10-11,REROUTED
139200000000,12,13,12-8-9-10-6-13,42584036.5733699799,5,0-1;10-11,REROUTED
139300000000,12,13,12-8-9-10-6-13,42580561.8059728667,5,0-1;10-11,REROUTED
139400000000,12,13,12-8-9-10-6-13,42577103.4141802341,5,0-1;10-11,REROUTED
139500000000,12,13,12-8-9-10-6-13,42573642.6229654476,5,0-1;10-11,REROUTED
139600000000,12,13,12-8-9-10-6-13,42570187.5441869572,5,0-1;10-11,REROUTED
139700000000,12,13,12-8-9-10-6-13,42566734.4776545241,5,0-1;10-11,REROUTED
139800000000,12,13,12-8-9-10-6-13,42563287.8555916250,5,0-1;10-11,REROUTED
139900000000,12,13,12-8-9-10-6-13,42559848.4396609217,5,0-1;10-11,REROUTED
140000000000,12,13,12-8-9-10-6-13,42556403.6607776955,5,0-1;10-11,REROUTED
140100000000,12,13,12-8-9-10-6-13,42552977.0001946762,5,0-1;10-11,REROUTED
140200000000,12,13,12-8-9-10-6-13,42549542.4740063697,5,0-1;10-11,REROUTED
140300000000,12,13,12-8-9-10-6-13,42546114.5108983666,5,0-1;10-11,REROUTED
140400000000,12,13,12-8-9-10-6-13,42542695.1233610660,5,0-1;10-11,REROUTED
140500000000,12,13,12-8-9-10-6-13,42539277.2564007118,5,0-1;10-11,REROUTED
140600000000,12,13,12-8-9-10-6-13,42535861.1292870268,5,0-1;10-11,REROUTED
140700000000,12,13,12-8-9-10-6-13,42532458.3920115232,5,0-1;10-11,REROUTED
140800000000,12,13,12-8-9-10-6-13,42529048.6824341491,5,0-1;10-11,REROUTED
140900000000,12,13,12-8-9-10-6-13,42525651.4912752286,5,0-1;10-11,REROUTED
141000000000,12,13,12-8-9-10-6-13,42522251.3700377122,5,0-1;10-11,REROUTED
141100000000,12,13,12-8-9-10-6-13,42518862.1063528657,5,0-1;10-11,REROUTED
141200000000,12,13,12-8-9-10-6-13,42515473.4911452904,5,0-1;10-11,REROUTED
141300000000,12,13,12-8-9-10-6-13,42512089.4648471177,5,0-1;10-11,REROUTED
141400000000,12,13,12-8-9-10-6-13,42508712.0852795467,5,0-1;10-11,REROUTED
141500000000,12,13,12-8-9-10-6-13,42505335.5027321428,5,0-1;10-11,REROUTED
141600000000,12,13,12-8-9-10-6-13,42501965.8993954435,5,0-1;10-11,REROUTED
141700000000,12,13,12-8-9-10-6-13,42498602.5350924358,5,0-1;10-11,REROUTED
141800000000,12,13,12-8-9-10-6-13,42495242.1117107496,5,0-1;10-11,REROUTED
141900000000,12,13,12-8-9-10-6-13,42491882.0672394410,5,0-1;10-11,REROUTED
142000000000,12,13,12-8-9-10-6-13,42488521.8432890549,5,0-1;10-11,REROUTED
142100000000,12,13,12-8-9-10-6-13,42485172.2488787323,5,0-1;10-11,REROUTED
142200000000,12,13,12-8-9-10-6-13,42481833.2235404179,5,0-1;10-11,REROUTED
142300000000,12,13,12-8-9-10-6-13,42478489.2415262461,5,0-1;10-11,REROUTED
142400000000,12,13,12-8-9-10-6-13,42475153.9881210551,5,0-1;10-11,REROUTED
142500000000,12,13,12-8-9-10-6-13,42471822.5479654297,5,0-1;10-11,REROUTED
142600000000,12,13,12-8-9-10-6-13,42468493.1642232239,5,0-1;10-11,REROUTED
142700000000,12,13,12-8-9-10-6-13,42465170.0012050942,5,0-1;10-11,REROUTED
142800000000,12,13,12-8-9-10-6-13,42461848.0290143341,5,0-1;10-11,REROUTED
142900000000,12,13,12-8-9-10-6-13,42458532.1738442108,5,0-1;10-11,REROUTED
143000000000,12,13,12-8-9-10-6-13,42455220.2981798649,5,0-1;10-11,REROUTED
143100000000,12,13,12-8-9-10-6-13,42451914.6144773737,5,0-1;10-11,REROUTED
143200000000,12,13,12-8-9-10-6-13,42448613.8568259776,5,0-1;10-11,REROUTED
143300000000,12,13,12-8-9-10-6-13,42445312.5416016728,5,0-1;10-11,REROUTED
143400000000,12,13,12-8-9-10-6-13,42442016.4198072106,5,0-1;10-11,REROUTED
143500000000,12,13,12-8-9-10-6-13,42438731.3440642729,5,0-1;10-11,REROUTED
143600000000,12,13,12-8-9-10-6-13,42435444.8090318218,5,0-1;10-11,REROUTED
143700000000,12,13,12-8-9-10-6-13,42432163.2342800051,5,0-1;10-11,REROUTED
143800000000,12,13,12-8-9-10-6-13,42428882.7601204589,5,0-1;10-11,REROUTED
143900000000,12,13,12-8-9-10-6-13,42425611.9891764671,5,0-1;10-11,REROUTED
144000000000,12,13,12-8-9-10-6-13,42422344.2852231488,5,0-1;10-11,REROUTED
144100000000,12,13,12-8-9-10-6-13,42419080.7697829604,5,0-1;10-11,REROUTED
144200000000,12,13,12-8-9-10-6-13,42415816.1744237393,5,0-1;10-11,REROUTED
144300000000,12,13,12-8-9-10-6-13,42412559.9655326754,5,0-1;10-11,REROUTED
144400000000,12,13,12-8-9-10-6-13,42409312.9681959152,5,0-1;10-11,REROUTED
144500000000,12,13,12-8-9-10-6-13,42406061.5555480346,5,0-1;10-11,REROUTED
144600000000,12,13,12-8-9-10-6-13,42402821.0320739672,5,0-1;10-11,REROUTED
144700000000,12,13,12-8-9-10-6-13,42399579.4775107354,5,0-1;10-11,REROUTED
144800000000,12,13,12-8-9-10-6-13,42396343.5746548176,5,0-1;10-11,REROUTED
144900000000,12,13,12-8-9-10-6-13,42393116.8108663261,5,0-1;10-11,REROUTED
145000000000,12,13,12-8-9-10-6-13,42389890.6734400615,5,0-1;10-11,REROUTED
145100000000,12,13,12-8-9-10-6-13,42386665.0087167174,5,0-1;10-11,REROUTED
145200000000,12,13,12-8-9-10-6-13,42383452.4157958701,5,0-1;10-11,REROUTED
145300000000,12,13,12-8-9-10-6-13,42380237.5032546520,5,0-1;10-11,REROUTED
145400000000,12,13,12-8-9-10-6-13,42377031.5649380237,5,0-1;10-11,REROUTED
145500000000,12,13,12-8-9-10-6-13,42373820.3231886402,5,0-1;10-11,REROUTED
145600000000,12,13,12-8-9-10-6-13,42370621.1781519502,5,0-1;10-11,REROUTED
145700000000,12,13,12-8-9-10-6-13,42367427.4966552705,5,0-1;10-11,REROUTED
145800000000,12,13,12-8-9-10-6-13,42364235.6089191660,5,0-1;10-11,REROUTED
145900000000,12,13,12-8-9-10-6-13,42361050.8943483606,5,0-1;10-11,REROUTED
146000000000,12,13,12-8-9-10-6-13,42357863.0103561506,5,0-1;10-11,REROUTED
146100000000,12,13,12-8-9-10-6-13,42354684.4687087014,5,0-1;10-11,REROUTED
146200000000,12,13,12-8-9-10-6-13,42351511.0296352431,5,0-1;10-11,REROUTED
146300000000,12,13,12-8-9-10-6-13,42348340.9627605975,5,0-1;10-11,REROUTED
146400000000,12,13,12-8-9-10-6-13,42345171.7276487499,5,0-1;10-11,REROUTED
146500000000,12,13,12-8-9-10-6-13,42342009.1766210124,5,0-1;10-11,REROUTED
146600000000,12,13,12-8-9-10-6-13,42338850.9588190392,5,0-1;10-11,REROUTED
146700000000,12,13,12-8-9-10-6-13,42335701.8643405735,5,0-1;10-11,REROUTED
146800000000,12,13,12-8-9-10-6-13,42332553.3281989992,5,0-1;10-11,REROUTED
146900000000,12,13,12-8-9-10-6-13,42329404.4961549789,5,0-1;10-11,REROUTED
147000000000,12,13,12-8-9-10-6-13,42326263.8848780394,5,0-1;10-11,REROUTED
147100000000,12,13,12-8-9-10-6-13,42323125.9944374263,5,0-1;10-11,REROUTED
147200000000,12,13,12-8-9-10-6-13,42319995.1342949420,5,0-1;10-11,REROUTED
147300000000,12,13,12-8-9-10-6-13,42316869.1815815642,5,0-1;10-11,REROUTED
147400000000,12,13,12-8-9-10-6-13,42313744.7935328409,5,0-1;10-11,REROUTED
147500000000,12,13,12-8-9-10-6-13,42310627.7862930596,5,0-1;10-11,REROUTED
147600000000,12,13,12-8-9-10-6-13,42307512.9672584832,5,0-1;10-11,REROUTED
147700000000,12,13,12-8-9-10-6-13,42304400.2785320580,5,0-1;10-11,REROUTED
147800000000,12,13,12-8-9-10-6-13,42301296.1743111387,5,0-1;10-11,REROUTED
147900000000,12,13,12-8-9-10-6-13,42298189.1868639514,5,0-1;10-11,REROUTED
148000000000,12,13,12-8-9-10-6-13,42295095.1810975745,5,0-1;10-11,REROUTED
148100000000,12,13,12-8-9-10-6-13,42292005.9263766035,5,0-1;10-11,REROUTED
148200000000,12,13,12-8-9-10-6-13,42288912.7756802738,5,0-1;10-11,REROUTED
148300000000,12,13,12-8-9-10-6-13,42285830.3634081110,5,0-1;10-11,REROUTED
148400000000,12,13,12-8-9-10-6-13,42282746.3008082509,5,0-1;10-11,REROUTED
148500000000,12,13,12-8-9-10-6-13,42279666.0827665031,5,0-1;10-11,REROUTED
148600000000,12,13,12-8-9-10-6-13,42276596.6031496897,5,0-1;10-11,REROUTED
148700000000,12,13,12-8-9-10-6-13,42273532.1431221142,5,0-1;10-11,REROUTED
148800000000,12,13,12-8-9-10-6-13,42270467.1350278929,5,0-1;10-11,REROUTED
148900000000,12,13,12-8-9-10-6-13,42267407.7955693156,5,0-1;10-11,REROUTED
149000000000,12,13,12-8-9-10-6-13,42264352.2513208166,5,0-1;10-11,REROUTED
149100000000,12,13,12-8-9-10-6-13,42261302.3290055990,5,0-1;10-11,REROUTED
149200000000,12,13,12-8-9-10-6-13,42258257.0010119155,5,0-1;10-11,REROUTED
149300000000,12,13,12-8-9-10-6-13,42255211.2996585593,5,0-1;10-11,REROUTED
149400000000,12,13,12-8-9-10-6-13,42252175.1369885579,5,0-1;10-11,REROUTED
149500000000,12,13,12-8-9-10-6-13,42249143.4094732106,5,0-1;10-11,REROUTED
149600000000,12,13,12-8-9-10-6-13,42246113.3002317920,5,0-1;10-11,REROUTED
149700000000,12,13,12-8-9-10-6-13,42243091.8111172691,5,0-1;10-11,REROUTED
149800000000,12,13,12-8-9-10-6-13,42240067.1293249205,5,0-1;10-11,REROUTED
149900000000,12,13,12-8-9-10-6-13,42237053.5679060370,5,0-1;10-11,REROUTED
150000000000,12,13,12-8-9-10-6-13,42234037.9425443858,5,0-1;10-11,REROUTED
150100000000,12,13,12-8-9-10-6-13,42231035.4230986685,5,0-1;10-11,REROUTED
150200000000,12,13,12-8-9-10-6-13,42228028.3935349137,5,0-1;10-11,REROUTED
150300000000,12,13,12-8-9-10-6-13,42225034.2197876051,5,0-1;10-11,REROUTED
150400000000,12,13,12-8-9-10-6-13,42222035.0150803253,5,0-1;10-11,REROUTED
150500000000,12,13,12-8-9-10-6-13,42219050.3003821895,5,0-1;10-11,REROUTED
150600000000,12,13,12-8-9-10-6-13,42216058.6505775377,5,0-1;10-11,REROUTED
150700000000,12,13,12-8-9-10-6-13,42213075.4914831892,5,0-1;10-11,REROUTED
150800000000,12,13,12-8-9-10-6-13,42210102.8776570484,5,0-1;10-11,REROUTED
150900000000,12,13,12-8-9-10-6-13,42207130.4773330316,5,0-1;10-11,REROUTED
151000000000,12,13,12-8-9-10-6-13,42204158.8651168421,5,0-1;10-11,REROUTED
151100000000,12,13,12-8-9-10-6-13,42201194.6887678802,5,0-1;10-11,REROUTED
151200000000,12,13,12-8-9-10-6-13,42198233.5766676590,5,0-1;10-11,REROUTED
151300000000,12,13,12-8-9-10-6-13,42195279.5282635987,5,0-1;10-11,REROUTED
151400000000,12,13,12-8-9-10-6-13,42192321.5721835345,5,0-1;10-11,REROUTED
151500000000,12,13,12-8-9-10-6-13,42189381.5641213730,5,0-1;10-11,REROUTED
151600000000,12,13,12-8-9-10-6-13,42186437.2941982821,5,0-1;10-11,REROUTED
151700000000,12,13,12-8-9-10-6-13,42183499.3051818460,5,0-1;10-11,REROUTED
151800000000,12,13,12-8-9-10-6-13,42180559.7782203481,5,0-1;10-11,REROUTED
151900000000,12,13,12-8-9-10-6-13,42177633.1949002147,5,0-1;10-11,REROUTED
152000000000,12,13,12-8-9-10-6-13,42174705.8166479319,5,0-1;10-11,REROUTED
152100000000,12,13,12-8-9-10-6-13,42171788.3562923521,5,0-1;10-11,REROUTED
152200000000,12,13,12-8-9-10-6-13,42168869.7540142015,5,0-1;10-11,REROUTED
152300000000,12,13,12-8-9-10-6-13,42165959.8232577890,5,0-1;10-11,REROUTED
152400000000,12,13,12-8-9-10-6-13,42163051.0697053447,5,0-1;10-11,REROUTED
152500000000,12,13,12-8-9-10-6-13,42160148.5741282701,5,0-1;10-11,REROUTED
152600000000,12,13,12-8-9-10-6-13,42157246.6670810208,5,0-1;10-11,REROUTED
152700000000,12,13,12-8-9-10-6-13,42154349.6718224213,5,0-1;10-11,REROUTED
152800000000,12,13,12-8-9-10-6-13,42151459.3513689041,5,0-1;10-11,REROUTED
152900000000,12,13,12-8-9-10-6-13,42148566.9071266428,5,0-1;10-11,REROUTED
153000000000,12,13,12-8-9-10-6-13,42145685.7202639207,5,0-1;10-11,REROUTED
153100000000,12,13,12-8-9-10-6-13,42142809.3095986396,5,0-1;10-11,REROUTED
153200000000,12,13,12-8-9-10-6-13,42139938.1179198176,5,0-1;10-11,REROUTED
153300000000,12,13,12-8-9-10-6-13,42137065.2045748904,5,0-1;10-11,REROUTED
153400000000,12,13,12-8-9-10-6-13,42134206.3854256570,5,0-1;10-11,REROUTED
153500000000,12,13,12-8-9-10-6-13,42131338.3788440302,5,0-1;10-11,REROUTED
153600000000,12,13,12-8-9-10-6-13,42128483.2570842281,5,0-1;10-11,REROUTED
153700000000,12,13,12-8-9-10-6-13,42125631.2091057673,5,0-1;10-11,REROUTED
153800000000,12,13,12-8-9-10-6-13,42122785.0874566957,5,0-1;10-11,REROUTED
153900000000,12,13,12-8-9-10-6-13,42119937.2957701012,5,0-1;10-11,REROUTED
154000000000,12,13,12-8-9-10-6-13,42117101.8508950770,5,0-1;10-11,REROUTED
154100000000,12,13,12-8-9-10-6-13,42114267.3353605494,5,0-1;10-11,REROUTED
154200000000,12,13,12-8-9-10-6-13,42111430.2215471342,5,0-1;10-11,REROUTED
154300000000,12,13,12-8-9-10-6-13,42108610.9078438431,5,0-1;10-11,REROUTED
154400000000,12,13,12-8-9-10-6-13,42105789.7506680191,5,0-1;10-11,REROUTED
154500000000,12,13,12-8-9-10-6-13,42102968.2619584501,5,0-1;10-11,REROUTED
154600000000,12,13,12-8-9-10-6-13,42100154.6332580522,5,0-1;10-11,REROUTED
154700000000,12,13,12-8-9-10-6-13,42097350.2281268835,5,0-1;10-11,REROUTED
154800000000,12,13,12-8-9-10-6-13,42094544.3076649681,5,0-1;10-11,REROUTED
154900000000,12,13,12-8-9-10-6-13,42091740.8544486463,5,0-1;10-11,REROUTED
155000000000,12,13,12-8-9-10-6-13,42088948.1528391689,5,0-1;10-11,REROUTED
155100000000,12,13,12-8-9-10-6-13,42086153.2289516106,5,0-1;10-11,REROUTED
155200000000,12,13,12-8-9-10-6-13,42083367.7840624675,5,0-1;10-11,REROUTED
155300000000,12,13,12-8-9-10-6-13,42080585.2373066097,5,0-1;10-11,REROUTED
155400000000,12,13,12-8-9-10-6-13,42077806.6070996150,5,0-1;10-11,REROUTED
155500000000,12,13,12-8-9-10-6-13,42075031.9564300254,5,0-1;10-11,REROUTED
155600000000,12,13,12-8-9-10-6-13,42072258.7483282015,5,0-1;10-11,REROUTED
155700000000,12,13,12-8-9-10-6-13,42069493.7471194044,5,0-1;10-11,REROUTED
155800000000,12,13,12-8-9-10-6-13,42066735.4133937284,5,0-1;10-11,REROUTED
155900000000,12,13,12-8-9-10-6-13,42063974.4645987824,5,0-1;10-11,REROUTED
156000000000,12,13,12-8-9-10-6-13,42061222.8165488094,5,0-1;10-11,REROUTED
156100000000,12,13,12-8-9-10-6-13,42058478.7637872100,5,0-1;10-11,REROUTED
156200000000,12,13,12-8-9-10-6-13,42055730.3434210047,5,0-1;10-11,REROUTED
156300000000,12,13,12-8-9-10-6-13,42052993.1160923392,5,0-1;10-11,REROUTED
156400000000,12,13,12-8-9-10-6-13,42050252.1689658314,5,0-1;10-11,REROUTED
156500000000,12,13,12-8-9-10-6-13,42047523.6840257868,5,0-1;10-11,REROUTED
156600000000,12,13,12-8-9-10-6-13,42044796.1969803274,5,0-1;10-11,REROUTED
156700000000,12,13,12-8-9-10-6-13,42042079.7550153509,5,0-1;10-11,REROUTED
156800000000,12,13,12-8-9-10-6-13,42039359.5335017145,5,0-1;10-11,REROUTED
156900000000,12,13,12-8-9-10-6-13,42036645.1294357702,5,0-1;10-11,REROUTED
157000000000,12,13,12-8-9-10-6-13,42033937.1363250986,5,0-1;10-11,REROUTED
157100000000,12,13,12-8-9-10-6-13,42031230.9571318850,5,0-1;10-11,REROUTED
157200000000,12,13,12-8-9-10-6-13,42028530.5583559200,5,0-1;10-11,REROUTED
157300000000,12,13,12-8-9-10-6-13,42025830.5876649171,5,0-1;10-11,REROUTED
157400000000,12,13,12-8-9-10-6-13,42023142.0535331964,5,0-1;10-11,REROUTED
157500000000,12,13,12-8-9-10-6-13,42020456.7376796082,5,0-1;10-11,REROUTED
157600000000,12,13,12-8-9-10-6-13,42017772.9091900736,5,0-1;10-11,REROUTED
157700000000,12,13,12-8-9-10-6-13,42015093.8354914561,5,0-1;10-11,REROUTED
157800000000,12,13,12-8-9-10-6-13,42012416.1710132807,5,0-1;10-11,REROUTED
157900000000,12,13,12-8-9-10-6-13,42009746.9369291514,5,0-1;10-11,REROUTED
158000000000,12,13,12-8-9-10-6-13,42007081.0666054115,5,0-1;10-11,REROUTED
158100000000,12,13,12-8-9-10-6-13,42004422.4790601507,5,0-1;10-11,REROUTED
158200000000,12,13,12-8-9-10-6-13,42001765.3794598728,5,0-1;10-11,REROUTED
158300000000,12,13,12-8-9-10-6-13,41999109.6381885260,5,0-1;10-11,REROUTED
158400000000,12,13,12-8-9-10-6-13,41996460.4346435741,5,0-1;10-11,REROUTED
158500000000,12,13,12-8-9-10-6-13,41993817.5034521148,5,0-1;10-11,REROUTED
158600000000,12,13,12-8-9-10-6-13,41991178.7569891736,5,0-1;10-11,REROUTED
158700000000,12,13,12-8-9-10-6-13,41988542.7017345577,5,0-1;10-11,REROUTED
158800000000,12,13,12-8-9-10-6-13,41985912.2621243522,5,0-1;10-11,REROUTED
158900000000,12,13,12-8-9-10-6-13,41983286.4560592324,5,0-1;10-11,REROUTED
159000000000,12,13,12-8-9-10-6-13,41980657.8102193922,5,0-1;10-11,REROUTED
159100000000,12,13,12-8-9-10-6-13,41978046.5221188888,5,0-1;10-11,REROUTED
159200000000,12,13,12-8-9-10-6-13,41975433.4063969180,5,0-1;10-11,REROUTED
159300000000,12,13,12-8-9-10-6-13,41972821.5940998048,5,0-1;10-11,REROUTED
159400000000,12,13,12-8-9-10-6-13,41970217.2505929694,5,0-1;10-11,REROUTED
159500000000,12,13,12-8-9-10-6-13,41967611.5460458249,5,0-1;10-11,REROUTED
159600000000,12,13,12-8-9-10-6-13,41965019.4216227382,5,0-1;10-11,REROUTED
159700000000,12,13,12-8-9-10-6-13,41962425.6894562095,5,0-1;10-11,REROUTED
159800000000,12,13,12-8-9-10-6-13,41959839.3072415218,5,0-1;10-11,REROUTED
159900000000,12,13,12-8-9-10-6-13,41957257.4225262702,5,0-1;10-11,REROUTED
160000000000,12,13,12-8-9-10-6-13,41954679.2195643783,5,0-1;10-11,REROUTED
160100000000,12,13,12-8-9-10-6-13,41952102.7925134525,5,0-1;10-11,REROUTED
160200000000,12,13,12-8-9-10-6-13,41949531.2031444311,5,0-1;10-11,REROUTED
160300000000,12,13,12-8-9-10-6-13,41946969.9836234003,5,0-1;10-11,REROUTED
160400000000,12,13,12-8-9-10-6-13,41944402.4956894517,5,0-1;10-11,REROUTED
160500000000,12,13,12-8-9-10-6-13,41941844.0668127686,5,0-1;10-11,REROUTED
160600000000,12,13,12-8-9-10-6-13,41939298.5390311331,5,0-1;10-11,REROUTED
160700000000,12,13,12-8-9-10-6-13,41936746.7866102681,5,0-1;10-11,REROUTED
160800000000,12,13,12-8-9-10-6-13,41934202.5699487701,5,0-1;10-11,REROUTED
160900000000,12,13,12-8-9-10-6-13,41931664.4863309041,5,0-1;10-11,REROUTED
161000000000,12,13,12-8-9-10-6-13,41929132.2355596349,5,0-1;10-11,REROUTED
161100000000,12,13,12-8-9-10-6-13,41926598.8658794165,5,0-1;10-11,REROUTED
161200000000,12,13,12-8-9-10-6-13,41924069.2090617940,5,0-1;10-11,REROUTED
161300000000,12,13,12-8-9-10-6-13,41921545.4113007635,5,0-1;10-11,REROUTED
161400000000,12,13,12-8-9-10-6-13,41919031.1268193647,5,0-1;10-11,REROUTED
161500000000,12,13,12-8-9-10-6-13,41916520.8258316964,5,0-1;10-11,REROUTED
161600000000,12,13,12-8-9-10-6-13,41914011.3007886112,5,0-1;10-11,REROUTED
161700000000,12,13,12-8-9-10-6-13,41911509.1646815836,5,0-1;10-11,REROUTED
161800000000,12,13,12-8-9-10-6-13,41909002.6504907236,5,0-1;10-11,REROUTED
161900000000,12,13,12-8-9-10-6-13,41906510.9193888754,5,0-1;10-11,REROUTED
162000000000,12,13,12-8-9-10-6-13,41904017.1952838227,5,0-1;10-11,REROUTED
162100000000,12,13,12-8-9-10-6-13,41901529.1465597823,5,0-1;10-11,REROUTED
162200000000,12,13,12-8-9-10-6-13,41899048.9032474384,5,0-1;10-11,REROUTED
162300000000,12,13,12-8-9-10-6-13,41896567.7165529653,5,0-1;10-11,REROUTED
162400000000,12,13,12-8-9-10-6-13,41894098.3953370750,5,0-1;10-11,REROUTED
162500000000,12,13,12-8-9-10-6-13,41891624.8926115632,5,0-1;10-11,REROUTED
162600000000,12,13,12-8-9-10-6-13,41889156.0202355459,5,0-1;10-11,REROUTED
162700000000,12,13,12-8-9-10-6-13,41886694.5300065652,5,0-1;10-11,REROUTED
162800000000,12,13,12-8-9-10-6-13,41884238.8470713943,5,0-1;10-11,REROUTED
162900000000,12,13,12-8-9-10-6-13,41881792.3430214748,5,0-1;10-11,REROUTED
163000000000,12,13,12-8-9-10-6-13,41879344.7997001931,5,0-1;10-11,REROUTED
163100000000,12,13,12-8-9-10-6-13,41876896.3948171735,5,0-1;10-11,REROUTED
163200000000,12,13,12-8-9-10-6-13,41874457.2043377832,5,0-1;10-11,REROUTED
163300000000,12,13,12-8-9-10-6-13,41872025.6639217138,5,0-1;10-11,REROUTED
163400000000,12,13,12-8-9-10-6-13,41869596.3087976575,5,0-1;10-11,REROUTED
163500000000,12,13,12-8-9-10-6-13,41867166.2923521027,5,0-1;10-11,REROUTED
163600000000,12,13,12-8-9-10-6-13,41864744.6281443015,5,0-1;10-11,REROUTED
163700000000,12,13,12-8-9-10-6-13,41862329.5904101208,5,0-1;10-11,REROUTED
163800000000,12,13,12-8-9-10-6-13,41859913.3243035600,5,0-1;10-11,REROUTED
163900000000,12,13,12-8-9-10-6-13,41857508.6810068712,5,0-1;10-11,REROUTED
164000000000,12,13,12-8-9-10-6-13,41855103.6060754806,5,0-1;10-11,REROUTED
164100000000,12,13,12-8-9-10-6-13,41852702.6152576506,5,0-1;10-11,REROUTED
164200000000,12,13,12-8-9-10-6-13,41850310.0947453827,5,0-1;10-11,REROUTED
164300000000,12,13,12-8-9-10-6-13,41847917.3351799771,5,0-1;10-11,REROUTED
164400000000,12,13,12-8-9-10-6-13,41845531.2048489749,5,0-1;10-11,REROUTED
164500000000,12,13,12-8-9-10-6-13,41843148.4320367053,5,0-1;10-11,REROUTED
164600000000,12,13,12-8-9-10-6-13,41840772.7984996215,5,0-1;10-11,REROUTED
164700000000,12,13,12-8-9-10-6-13,41838397.5967337042,5,0-1;10-11,REROUTED
164800000000,12,13,12-8-9-10-6-13,41836026.6676711366,5,0-1;10-11,REROUTED
164900000000,12,13,12-8-9-10-6-13,41833660.3692198992,5,0-1;10-11,REROUTED
165000000000,12,13,12-8-9-10-6-13,41831303.3747563288,5,0-1;10-11,REROUTED
165100000000,12,13,12-8-9-10-6-13,41828949.8949282616,5,0-1;10-11,REROUTED
165200000000,12,13,12-8-9-10-6-13,41826595.5017825440,5,0-1;10-11,REROUTED
165300000000,12,13,12-8-9-10-6-13,41824248.4557070509,5,0-1;10-11,REROUTED
165400000000,12,13,12-8-9-10-6-13,41821901.2099523768,5,0-1;10-11,REROUTED
165500000000,12,13,12-8-9-10-6-13,41819569.3284974396,5,0-1;10-11,REROUTED
165600000000,12,13,12-8-9-10-6-13,41817231.3995037451,5,0-1;10-11,REROUTED
165700000000,12,13,12-8-9-10-6-13,41814900.8514186740,5,0-1;10-11,REROUTED
165800000000,12,13,12-8-9-10-6-13,41812572.7648235261,5,0-1;10-11,REROUTED
165900000000,12,13,12-8-9-10-6-13,41810257.8043576702,5,0-1;10-11,REROUTED
166000000000,12,13,12-8-9-10-6-13,41807939.7993700653,5,0-1;10-11,REROUTED
166100000000,12,13,12-8-9-10-6-13,41805627.6534484997,5,0-1;10-11,REROUTED
166200000000,12,13,12-8-9-10-6-13,41803319.6787637100,5,0-1;10-11,REROUTED
166300000000,12,13,12-8-9-10-6-13,41801017.1000605598,5,0-1;10-11,REROUTED
166400000000,12,13,12-8-9-10-6-13,41798717.5215982720,5,0-1;10-11,REROUTED
166500000000,12,13,12-8-9-10-6-13,41796425.0480005145,5,0-1;10-11,REROUTED
166600000000,12,13,12-8-9-10-6-13,41794130.6147362590,5,0-1;10-11,REROUTED
166700000000,12,13,12-8-9-10-6-13,41791847.3384289593,5,0-1;10-11,REROUTED
166800000000,12,13,12-8-9-10-6-13,41789564.2348810732,5,0-1;10-11,REROUTED
166900000000,12,13,12-8-9-10-6-13,41787289.5742774382,5,0-1;10-11,REROUTED
167000000000,12,13,12-8-9-10-6-13,41785012.5805145800,5,0-1;10-11,REROUTED
167100000000,12,13,12-8-9-10-6-13,41782750.0962085947,5,0-1;10-11,REROUTED
167200000000,12,13,12-8-9-10-6-13,41780483.8547779173,5,0-1;10-11,REROUTED
167300000000,12,13,12-8-9-10-6-13,41778227.3332428560,5,0-1;10-11,REROUTED
167400000000,12,13,12-8-9-10-6-13,41775968.8073639870,5,0-1;10-11,REROUTED
167500000000,12,13,12-8-9-10-6-13,41773720.9419722706,5,0-1;10-11,REROUTED
167600000000,12,13,12-8-9-10-6-13,41771475.2417365983,5,0-1;10-11,REROUTED
167700000000,12,13,12-8-9-10-6-13,41769229.6459046975,5,0-1;10-11,REROUTED
167800000000,12,13,12-8-9-10-6-13,41766994.4927112386,5,0-1;10-11,REROUTED
167900000000,12,13,12-8-9-10-6-13,41764763.6267811731,5,0-1;10-11,REROUTED
168000000000,12,13,12-8-9-10-6-13,41762534.6554620713,5,0-1;10-11,REROUTED
168100000000,12,13,12-8-9-10-6-13,41760304.7825101465,5,0-1;10-11,REROUTED
168200000000,12,13,12-8-9-10-6-13,41758087.9776526168,5,0-1;10-11,REROUTED
168300000000,12,13,12-8-9-10-6-13,41755874.9495898187,5,0-1;10-11,REROUTED
168400000000,12,13,12-8-9-10-6-13,41753660.7170865685,5,0-1;10-11,REROUTED
168500000000,12,13,12-8-9-10-6-13,41751456.4715034589,5,0-1;10-11,REROUTED
168600000000,12,13,12-8-9-10-6-13,41749255.0458217487,5,0-1;10-11,REROUTED
168700000000,12,13,12-8-9-10-6-13,41747053.4530596808,5,0-1;10-11,REROUTED
168800000000,12,13,12-8-9-10-6-13,41744863.3804624006,5,0-1;10-11,REROUTED
168900000000,12,13,12-8-9-10-6-13,41742669.8296550736,5,0-1;10-11,REROUTED
169000000000,12,13,12-8-9-10-6-13,41740487.3311541677,5,0-1;10-11,REROUTED
169100000000,12,13,12-8-9-10-6-13,41738306.1928848624,5,0-1;10-11,REROUTED
169200000000,12,13,12-8-9-10-6-13,41736128.1866695061,5,0-1;10-11,REROUTED
169300000000,12,13,12-8-9-10-6-13,41733959.4618580192,5,0-1;10-11,REROUTED
169400000000,12,13,12-8-9-10-6-13,41731796.1448602825,5,0-1;10-11,REROUTED
169500000000,12,13,12-8-9-10-6-13,41729632.5824460611,5,0-1;10-11,REROUTED
169600000000,12,13,12-8-9-10-6-13,41727476.1901255399,5,0-1;10-11,REROUTED
169700000000,12,13,12-8-9-10-6-13,41725318.8309249133,5,0-1;10-11,REROUTED
169800000000,12,13,12-8-9-10-6-13,41723167.9839923158,5,0-1;10-11,REROUTED
169900000000,12,13,12-8-9-10-6-13,41721024.9305877090,5,0-1;10-11,REROUTED
170000000000,12,13,12-8-9-10-6-13,41718882.0877757221,5,0-1;10-11,REROUTED
170100000000,12,13,12-8-9-10-6-13,41716747.0146128461,5,0-1;10-11,REROUTED
170200000000,12,13,12-8-9-10-6-13,41714616.0152146891,5,0-1;10-11,REROUTED
170300000000,12,13,12-8-9-10-6-13,41712491.2214541659,5,0-1;10-11,REROUTED
170400000000,12,13,12-8-9-10-6-13,41710365.6592433080,5,0-1;10-11,REROUTED
170500000000,12,13,12-8-9-10-6-13,41708245.2953732833,5,0-1;10-11,REROUTED
170600000000,12,13,12-8-9-10-6-13,41706136.0452905819,5,0-1;10-11,REROUTED
170700000000,12,13,12-8-9-10-6-13,41704023.4520223290,5,0-1;10-11,REROUTED
170800000000,12,13,12-8-9-10-6-13,41701918.0054418817,5,0-1;10-11,REROUTED
170900000000,12,13,12-8-9-10-6-13,41699812.7104184180,5,0-1;10-11,REROUTED
171000000000,12,13,12-8-9-10-6-13,41697718.1578808799,5,0-1;10-11,REROUTED
171100000000,12,13,12-8-9-10-6-13,41695623.5522685871,5,0-1;10-11,REROUTED
171200000000,12,13,12-8-9-10-6-13,41693540.3854522109,5,0-1;10-11,REROUTED
171300000000,12,13,12-8-9-10-6-13,41691458.8092122301,5,0-1;10-11,REROUTED
171400000000,12,13,12-8-9-10-6-13,41689379.7204047590,5,0-1;10-11,REROUTED
171500000000,12,13,12-8-9-10-6-13,41687306.1624732018,5,0-1;10-11,REROUTED
171600000000,12,13,12-8-9-10-6-13,41685232.4588499218,5,0-1;10-11,REROUTED
171700000000,12,13,12-8-9-10-6-13,41683167.8532083929,5,0-1;10-11,REROUTED
171800000000,12,13,12-8-9-10-6-13,41681105.2654464096,5,0-1;10-11,REROUTED
171900000000,12,13,12-8-9-10-6-13,41679048.9591328874,5,0-1;10-11,REROUTED
172000000000,12,13,12-8-9-10-6-13,41677000.2951301783,5,0-1;10-11,REROUTED
172100000000,12,13,12-8-9-10-6-13,41674948.4839768410,5,0-1;10-11,REROUTED
172200000000,12,13,12-8-9-10-6-13,41672908.2958675772,5,0-1;10-11,REROUTED
172300000000,12,13,12-8-9-10-6-13,41670871.0653255954,5,0-1;10-11,REROUTED
172400000000,12,13,12-8-9-10-6-13,41668834.6058562547,5,0-1;10-11,REROUTED
172500000000,12,13,12-8-9-10-6-13,41666804.2867915854,5,0-1;10-11,REROUTED
172600000000,12,13,12-8-9-10-6-13,41664772.2573123500,5,0-1;10-11,REROUTED
172700000000,12,13,12-8-9-10-6-13,41662756.2345594019,5,0-1;10-11,REROUTED
172800000000,12,13,12-8-9-10-6-13,41660735.8511478603,5,0-1;10-11,REROUTED
172900000000,12,13,12-8-9-10-6-13,41658724.7161882594,5,0-1;10-11,REROUTED
173000000000,12,13,12-8-9-10-6-13,41656717.1734104902,5,0-1;10-11,REROUTED
173100000000,12,13,12-8-9-10-6-13,41654718.8294050545,5,0-1;10-11,REROUTED
173200000000,12,13,12-8-9-10-6-13,41652714.1209852174,5,0-1;10-11,REROUTED
173300000000,12,13,12-8-9-10-6-13,41650719.5512914062,5,0-1;10-11,REROUTED
173400000000,12,13,12-8-9-10-6-13,41648729.9018307030,5,0-1;10-11,REROUTED
173500000000,12,13,12-8-9-10-6-13,41646747.9935129508,5,0-1;10-11,REROUTED
173600000000,12,13,12-8-9-10-6-13,41644764.3690762967,5,0-1;10-11,REROUTED
173700000000,12,13,12-8-9-10-6-13,41642785.0512175560,5,0-1;10-11,REROUTED
173800000000,12,13,12-8-9-10-6-13,41640814.8681261465,5,0-1;10-11,REROUTED
173900000000,12,13,12-8-9-10-6-13,41638844.7649088055,5,0-1;10-11,REROUTED
174000000000,12,13,12-8-9-10-6-13,41636881.9362313077,5,0-1;10-11,REROUTED
174100000000,12,13,12-8-9-10-6-13,41634919.9436797425,5,0-1;10-11,REROUTED
174200000000,12,13,12-8-9-10-6-13,41632967.3362920880,5,0-1;10-11,REROUTED
174300000000,12,13,12-8-9-10-6-13,41631015.9918127134,5,0-1;10-11,REROUTED
174400000000,12,13,12-8-9-10-6-13,41629070.9837908149,5,0-1;10-11,REROUTED
174500000000,12,13,12-8-9-10-6-13,41627130.3932472393,5,0-1;10-11,REROUTED
174600000000,12,13,12-8-9-10-6-13,41625186.6667359844,5,0-1;10-11,REROUTED
174700000000,12,13,12-8-9-10-6-13,41623258.6881461963,5,0-1;10-11,REROUTED
174800000000,12,13,12-8-9-10-6-13,41621328.4392262623,5,0-1;10-11,REROUTED
174900000000,12,13,12-8-9-10-6-13,41619406.4426280260,5,0-1;10-11,REROUTED
175000000000,12,13,12-8-9-10-6-13,41617488.3356452584,5,0-1;10-11,REROUTED
175100000000,12,13,12-8-9-10-6-13,41615573.9418522865,5,0-1;10-11,REROUTED
175200000000,12,13,12-8-9-10-6-13,41613659.5438470319,5,0-1;10-11,REROUTED
175300000000,12,13,12-8-9-10-6-13,41611755.1278162226,5,0-1;10-11,REROUTED
175400000000,12,13,12-8-9-10-6-13,41609850.6161514297,5,0-1;10-11,REROUTED
175500000000,12,13,12-8-9-10-6-13,41607957.2351765335,5,0-1;10-11,REROUTED
175600000000,12,13,12-8-9-10-6-13,41606061.5047087148,5,0-1;10-11,REROUTED
175700000000,12,13,12-8-9-10-6-13,41604173.9006051347,5,0-1;10-11,REROUTED
175800000000,12,13,12-8-9-10-6-13,41602288.4362209216,5,0-1;10-11,REROUTED
175900000000,12,13,12-8-9-10-6-13,41600406.5180844292,5,0-1;10-11,REROUTED
176000000000,12,13,12-8-9-10-6-13,41598535.8046363890,5,0-1;10-11,REROUTED
176100000000,12,13,12-8-9-10-6-13,41596665.2484060079,5,0-1;10-11,REROUTED
176200000000,12,13,12-8-9-10-6-13,41594795.6380659118,5,0-1;10-11,REROUTED
176300000000,12,13,12-8-9-10-6-13,41592933.4474129304,5,0-1;10-11,REROUTED
176400000000,12,13,12-8-9-10-6-13,41591074.7737671807,5,0-1;10-11,REROUTED
176500000000,12,13,12-8-9-10-6-13,41589221.7916280702,5,0-1;10-11,REROUTED
176600000000,12,13,12-8-9-10-6-13,41587373.9935994223,5,0-1;10-11,REROUTED
176700000000,12,13,12-8-9-10-6-13,41585529.8029504269,5,0-1;10-11,REROUTED
176800000000,12,13,12-8-9-10-6-13,41583689.1382911876,5,0-1;10-11,REROUTED
176900000000,12,13,12-8-9-10-6-13,41581857.8944823965,5,0-1;10-11,REROUTED
177000000000,12,13,12-8-9-10-6-13,41580028.7662245780,5,0-1;10-11,REROUTED
177100000000,12,13,12-8-9-10-6-13,41578198.8168524876,5,0-1;10-11,REROUTED
177200000000,12,13,12-8-9-10-6-13,41576376.1447793692,5,0-1;10-11,REROUTED
177300000000,12,13,12-8-9-10-6-13,41574561.8881655484,5,0-1;10-11,REROUTED
177400000000,12,13,12-8-9-10-6-13,41572748.4464460984,5,0-1;10-11,REROUTED
177500000000,12,13,12-8-9-10-6-13,41570940.9481640011,5,0-1;10-11,REROUTED
177600000000,12,13,12-8-9-10-6-13,41569134.6874420941,5,0-1;10-11,REROUTED
177700000000,12,13,12-8-9-10-6-13,41567332.0595811009,5,0-1;10-11,REROUTED
177800000000,12,13,12-8-9-10-6-13,41565541.4960939810,5,0-1;10-11,REROUTED
177900000000,12,13,12-8-9-10-6-13,41563748.7370062992,5,0-1;10-11,REROUTED
178000000000,12,13,12-8-9-10-6-13,41561961.1707407609,5,0-1;10-11,REROUTED
178100000000,12,13,12-8-9-10-6-13,41560184.4799017012,5,0-1;10-11,REROUTED
178200000000,12,13,12-8-9-10-6-13,41558402.9083736017,5,0-1;10-11,REROUTED
178300000000,12,13,12-8-9-10-6-13,41556631.1461364552,5,0-1;10-11,REROUTED
178400000000,12,13,12-8-9-10-6-13,41554862.6600105464,5,0-1;10-11,REROUTED
178500000000,12,13,12-8-9-10-6-13,41553099.2656495571,5,0-1;10-11,REROUTED
178600000000,12,13,12-8-9-10-6-13,41551334.2007286176,5,0-1;10-11,REROUTED
178700000000,12,13,12-8-9-10-6-13,41549586.3874376267,5,0-1;10-11,REROUTED
178800000000,12,13,12-8-9-10-6-13,41547830.5016502887,5,0-1;10-11,REROUTED
178900000000,12,13,12-8-9-10-6-13,41546088.7878947407,5,0-1;10-11,REROUTED
179000000000,12,13,12-8-9-10-6-13,41544343.7835776508,5,0-1;10-11,REROUTED
179100000000,12,13,12-8-9-10-6-13,41542608.3691495210,5,0-1;10-11,REROUTED
179200000000,12,13,12-8-9-10-6-13,41540874.1644640118,5,0-1;10-11,REROUTED
179300000000,12,13,12-8-9-10-6-13,41539142.9690619335,5,0-1;10-11,REROUTED
179400000000,12,13,12-8-9-10-6-13,41537423.5175028443,5,0-1;10-11,REROUTED
179500000000,12,13,12-8-9-10-6-13,41535701.1172831878,5,0-1;10-11,REROUTED
179600000000,12,13,12-8-9-10-6-13,41533983.4146662652,5,0-1;10-11,REROUTED
179700000000,12,13,12-8-9-10-6-13,41532279.0311703607,5,0-1;10-11,REROUTED
179800000000,12,13,12-8-9-10-6-13,41530572.0192404985,5,0-1;10-11,REROUTED
179900000000,12,13,12-8-9-10-6-13,41528868.8054877669,5,0-1;10-11,REROUTED
180000000000,12,13,12-8-9-10-6-13,41527172.3388376534,5,0-1;10-11,REROUTED
180100000000,12,13,12-8-9-10-6-13,41525480.5780400932,5,0-1;10-11,REROUTED
180200000000,12,13,12-8-9-10-6-13,41523793.2342945710,5,0-1;10-11,REROUTED
180300000000,12,13,12-8-9-10-6-13,41522109.5029465109,5,0-1;10-11,REROUTED
180400000000,12,13,12-8-9-10-6-13,41520427.8409337178,5,0-1;10-11,REROUTED
180500000000,12,13,12-8-9-10-6-13,41518754.0022858307,5,0-1;10-11,REROUTED
180600000000,12,13,12-8-9-10-6-13,41517082.9356291667,5,0-1;10-11,REROUTED
180700000000,12,13,12-8-9-10-6-13,41515415.3947859406,5,0-1;10-11,REROUTED
180800000000,12,13,12-8-9-10-6-13,41513749.5708822757,5,0-1;10-11,REROUTED
180900000000,12,13,12-8-9-10-6-13,41512101.7629239708,5,0-1;10-11,REROUTED
181000000000,12,13,12-8-9-10-6-13,41510449.0530695915,5,0-1;10-11,REROUTED
181100000000,12,13,12-8-9-10-6-13,41508800.9237271249,5,0-1;10-11,REROUTED
181200000000,12,13,12-8-9-10-6-13,41507155.5434285104,5,0-1;10-11,REROUTED
181300000000,12,13,12-8-9-10-6-13,41505515.5668814704,5,0-1;10-11,REROUTED
181400000000,12,13,12-8-9-10-6-13,41503884.4889771044,5,0-1;10-11,REROUTED
181500000000,12,13,12-8-9-10-6-13,41502254.8144565299,5,0-1;10-11,REROUTED
181600000000,12,13,12-8-9-10-6-13,41500626.7402620167,5,0-1;10-11,REROUTED
181700000000,12,13,12-8-9-10-6-13,41499006.2800748423,5,0-1;10-11,REROUTED
181800000000,12,13,12-8-9-10-6-13,41497387.0030564144,5,0-1;10-11,REROUTED
181900000000,12,13,12-8-9-10-6-13,41495777.9098318964,5,0-1;10-11,REROUTED
182000000000,12,13,12-8-9-10-6-13,41494167.0436397418,5,0-1;10-11,REROUTED
182100000000,12,13,12-8-9-10-6-13,41492565.2371317446,5,0-1;10-11,REROUTED
182200000000,12,13,12-8-9-10-6-13,41490965.8923460841,5,0-1;10-11,REROUTED
182300000000,12,13,12-8-9-10-6-13,41489375.5621122718,5,0-1;10-11,REROUTED
182400000000,12,13,12-8-9-10-6-13,41487779.1363075301,5,0-1;10-11,REROUTED
182500000000,12,13,12-8-9-10-6-13,41486197.8281921223,5,0-1;10-11,REROUTED
182600000000,12,13,12-8-9-10-6-13,41484618.2349735498,5,0-1;10-11,REROUTED
182700000000,12,13,12-8-9-10-6-13,41483034.9913010299,5,0-1;10-11,REROUTED
182800000000,12,13,12-8-9-10-6-13,41481469.3492257521,5,0-1;10-11,REROUTED
182900000000,12,13,12-8-9-10-6-13,41479903.5706737936,5,0-1;10-11,REROUTED
183000000000,12,13,12-8-9-10-6-13,41478331.8136579692,5,0-1;10-11,REROUTED
183100000000,12,13,12-8-9-10-6-13,41476780.9676974341,5,0-1;10-11,REROUTED
183200000000,12,13,12-8-9-10-6-13,41475223.8907923400,5,0-1;10-11,REROUTED
183300000000,12,13,12-8-9-10-6-13,41473677.9690773189,5,0-1;10-11,REROUTED
183400000000,12,13,12-8-9-10-6-13,41472128.9467343390,5,0-1;10-11,REROUTED
183500000000,12,13,12-8-9-10-6-13,41470590.5132635683,5,0-1;10-11,REROUTED
183600000000,12,13,12-8-9-10-6-13,41469048.8896158487,5,0-1;10-11,REROUTED
183700000000,12,13,12-8-9-10-6-13,41467522.0418098569,5,0-1;10-11,REROUTED
183800000000,12,13,12-8-9-10-6-13,41465994.3746359572,5,0-1;10-11,REROUTED
183900000000,12,13,12-8-9-10-6-13,41464477.1607044041,5,0-1;10-11,REROUTED
184000000000,12,13,12-8-9-10-6-13,41462956.3713945076,5,0-1;10-11,REROUTED
184100000000,12,13,12-8-9-10-6-13,41461441.7866454422,5,0-1;10-11,REROUTED
184200000000,12,13,12-8-9-10-6-13,41459932.5194257498,5,0-1;10-11,REROUTED
184300000000,12,13,12-8-9-10-6-13,41458425.2200830579,5,0-1;10-11,REROUTED
184400000000,12,13,12-8-9-10-6-13,41456923.3672875091,5,0-1;10-11,REROUTED
184500000000,12,13,12-8-9-10-6-13,41455435.0327812880,5,0-1;10-11,REROUTED
184600000000,12,13,12-8-9-10-6-13,41453944.0426644608,5,0-1;10-11,REROUTED
184700000000,12,13,12-8-9-10-6-13,41452454.2061767429,5,0-1;10-11,REROUTED
184800000000,12,13,12-8-9-10-6-13,41450973.1950589642,5,0-1;10-11,REROUTED
184900000000,12,13,12-8-9-10-6-13,41449500.3987519071,5,0-1;10-11,REROUTED
185000000000,12,13,12-8-9-10-6-13,41448018.1740147546,5,0-1;10-11,REROUTED
185100000000,12,13,12-8-9-10-6-13,41446552.0720028356,5,0-1;10-11,REROUTED
185200000000,12,13,12-8-9-10-6-13,41445087.2324369997,5,0-1;10-11,REROUTED
185300000000,12,13,12-8-9-10-6-13,41443628.4242050722,5,0-1;10-11,REROUTED
185400000000,12,13,12-8-9-10-6-13,41442172.9995717481,5,0-1;10-11,REROUTED
185500000000,12,13,12-8-9-10-6-13,41440721.6841232553,5,0-1;10-11,REROUTED
185600000000,12,13,12-8-9-10-6-13,41439275.5460801274,5,0-1;10-11,REROUTED
185700000000,12,13,12-8-9-10-6-13,41437835.1760642454,5,0-1;10-11,REROUTED
185800000000,12,13,12-8-9-10-6-13,41436397.6895029321,5,0-1;10-11,REROUTED
185900000000,12,13,12-8-9-10-6-13,41434965.0298946723,5,0-1;10-11,REROUTED
186000000000,12,13,12-8-9-10-6-13,41433536.3456753790,5,0-1;10-11,REROUTED
186100000000,12,13,12-8-9-10-6-13,41432116.0103720054,5,0-1;10-11,REROUTED
186200000000,12,13,12-8-9-10-6-13,41430691.3824998513,5,0-1;10-11,REROUTED
186300000000,12,13,12-8-9-10-6-13,41429281.5004336834,5,0-1;10-11,REROUTED
186400000000,12,13,12-8-9-10-6-13,41427868.5812541693,5,0-1;10-11,REROUTED
186500000000,12,13,12-8-9-10-6-13,41426463.3642960042,5,0-1;10-11,REROUTED
186600000000,12,13,12-8-9-10-6-13,41425065.7936835960,5,0-1;10-11,REROUTED
186700000000,12,13,12-8-9-10-6-13,41423663.0978572741,5,0-1;10-11,REROUTED
186800000000,12,13,12-8-9-10-6-13,41422273.0229387656,5,0-1;10-11,REROUTED
186900000000,12,13,12-8-9-10-6-13,41420885.4083564803,5,0-1;10-11,REROUTED
187000000000,12,13,12-8-9-10-6-13,41419502.0716071054,5,0-1;10-11,REROUTED
187100000000,12,13,12-8-9-10-6-13,41418126.5704464763,5,0-1;10-11,REROUTED
187200000000,12,13,12-8-9-10-6-13,41416752.3694646284,5,0-1;10-11,REROUTED
187300000000,12,13,12-8-9-10-6-13,41415384.9295981452,5,0-1;10-11,REROUTED
187400000000,12,13,12-8-9-10-6-13,41414018.5825762153,5,0-1;10-11,REROUTED
187500000000,12,13,12-8-9-10-6-13,41412655.1968941391,5,0-1;10-11,REROUTED
187600000000,12,13,12-8-9-10-6-13,41411297.9686909616,5,0-1;10-11,REROUTED
187700000000,12,13,12-8-9-10-6-13,41409943.8560767993,5,0-1;10-11,REROUTED
187800000000,12,13,12-8-9-10-6-13,41408601.1151617244,5,0-1;10-11,REROUTED
187900000000,12,13,12-8-9-10-6-13,41407255.8957515880,5,0-1;10-11,REROUTED
188000000000,12,13,12-8-9-10-6-13,41405923.5551194400,5,0-1;10-11,REROUTED
188100000000,12,13,12-8-9-10-6-13,41404591.0734625757,5,0-1;10-11,REROUTED
188200000000,12,13,12-8-9-10-6-13,41403258.1931007281,5,0-1;10-11,REROUTED
188300000000,12,13,12-8-9-10-6-13,41401938.1736731306,5,0-1;10-11,REROUTED
188400000000,12,13,12-8-9-10-6-13,41400610.0517613217,5,0-1;10-11,REROUTED
188500000000,12,13,12-8-9-10-6-13,41399298.9636564106,5,0-1;10-11,REROUTED
188600000000,12,13,12-8-9-10-6-13,41397992.3611179292,5,0-1;10-11,REROUTED
188700000000,12,13,12-8-9-10-6-13,41396680.0686519295,5,0-1;10-11,REROUTED
188800000000,12,13,12-8-9-10-6-13,41395384.7397934347,5,0-1;10-11,REROUTED
188900000000,12,13,12-8-9-10-6-13,41394082.6552402824,5,0-1;10-11,REROUTED
189000000000,12,13,12-8-9-10-6-13,41392789.0727089271,5,0-1;10-11,REROUTED
189100000000,12,13,12-8-9-10-6-13,41391505.9442494288,5,0-1;10-11,REROUTED
189200000000,12,13,12-8-9-10-6-13,41390218.0307821333,5,0-1;10-11,REROUTED
189300000000,12,13,12-8-9-10-6-13,41388941.1993996724,5,0-1;10-11,REROUTED
189400000000,12,13,12-8-9-10-6-13,41387665.2874618694,5,0-1;10-11,REROUTED
189500000000,12,13,12-8-9-10-6-13,41386396.8493352011,5,0-1;10-11,REROUTED
189600000000,12,13,12-8-9-10-6-13,41385132.6654635668,5,0-1;10-11,REROUTED
189700000000,12,13,12-8-9-10-6-13,41383868.1576794907,5,0-1;10-11,REROUTED
189800000000,12,13,12-8-9-10-6-13,41382614.0322755352,5,0-1;10-11,REROUTED
189900000000,12,13,12-8-9-10-6-13,41381360.5571799725,5,0-1;10-11,REROUTED
190000000000,12,13,12-8-9-10-6-13,41380110.4200742170,5,0-1;10-11,REROUTED
190100000000,12,13,12-8-9-10-6-13,41378867.2500771433,5,0-1;10-11,REROUTED
190200000000,12,13,12-8-9-10-6-13,41377632.0572310761,5,0-1;10-11,REROUTED
190300000000,12,13,12-8-9-10-6-13,41376399.4172619879,5,0-1;10-11,REROUTED
190400000000,12,13,12-8-9-10-6-13,41375169.6674507856,5,0-1;10-11,REROUTED
190500000000,12,13,12-8-9-10-6-13,41373949.9824101850,5,0-1;10-11,REROUTED
190600000000,12,13,12-8-9-10-6-13,41372725.6963172406,5,0-1;10-11,REROUTED
190700000000,12,13,12-8-9-10-6-13,41371510.0099149942,5,0-1;10-11,REROUTED
190800000000,12,13,12-8-9-10-6-13,41370301.6906246692,5,0-1;10-11,REROUTED
190900000000,12,13,12-8-9-10-6-13,41369090.1096418574,5,0-1;10-11,REROUTED
191000000000,12,13,12-8-9-10-6-13,41367889.0340909436,5,0-1;10-11,REROUTED
191100000000,12,13,12-8-9-10-6-13,41366691.0140929595,5,0-1;10-11,REROUTED
191200000000,12,13,12-8-9-10-6-13,41365494.8647300377,5,0-1;10-11,REROUTED
191300000000,12,13,12-8-9-10-6-13,41364310.5660857931,5,0-1;10-11,REROUTED
191400000000,12,13,12-8-9-10-6-13,41363126.8515482098,5,0-1;10-11,REROUTED
191500000000,12,13,12-8-9-10-6-13,41361950.9445472211,5,0-1;10-11,REROUTED
191600000000,12,13,12-8-9-10-6-13,41360771.0263224915,5,0-1;10-11,REROUTED
191700000000,12,13,12-8-9-10-6-13,41359604.6001619250,5,0-1;10-11,REROUTED
191800000000,12,13,12-8-9-10-6-13,41358438.2402671501,5,0-1;10-11,REROUTED
191900000000,12,13,12-8-9-10-6-13,41357278.6390736029,5,0-1;10-11,REROUTED
192000000000,12,13,12-8-9-10-6-13,41356118.2644658014,5,0-1;10-11,REROUTED
192100000000,12,13,12-8-9-10-6-13,41354968.1107582524,5,0-1;10-11,REROUTED
192200000000,12,13,12-8-9-10-6-13,41353823.8669816405,5,0-1;10-11,REROUTED
192300000000,12,13,12-8-9-10-6-13,41352677.5563384891,5,0-1;10-11,REROUTED
192400000000,12,13,12-8-9-10-6-13,41351539.9656344578,5,0-1;10-11,REROUTED
192500000000,12,13,12-8-9-10-6-13,41350404.4535778984,5,0-1;10-11,REROUTED
192600000000,12,13,12-8-9-10-6-13,41349277.1466591731,5,0-1;10-11,REROUTED
192700000000,12,13,12-8-9-10-6-13,41348154.0362447128,5,0-1;10-11,REROUTED
192800000000,12,13,12-8-9-10-6-13,41347031.2130901143,5,0-1;10-11,REROUTED
192900000000,12,13,12-8-9-10-6-13,41345917.3387498856,5,0-1;10-11,REROUTED
193000000000,12,13,12-8-9-10-6-13,41344804.8332380876,5,0-1;10-11,REROUTED
193100000000,12,13,12-8-9-10-6-13,41343701.3305546716,5,0-1;10-11,REROUTED
193200000000,12,13,12-8-9-10-6-13,41342598.3761487752,5,0-1;10-11,REROUTED
193300000000,12,13,12-8-9-10-6-13,41341496.2717061341,5,0-1;10-11,REROUTED
193400000000,12,13,12-8-9-10-6-13,41340409.5405827686,5,0-1;10-11,REROUTED
193500000000,12,13,12-8-9-10-6-13,41339320.1701126173,5,0-1;10-11,REROUTED
193600000000,12,13,12-8-9-10-6-13,41338236.0310020894,5,0-1;10-11,REROUTED
193700000000,12,13,12-8-9-10-6-13,41337160.0237958208,5,0-1;10-11,REROUTED
193800000000,12,13,12-8-9-10-6-13,41336077.1789374948,5,0-1;10-11,REROUTED
193900000000,12,13,12-8-9-10-6-13,41335008.0956959426,5,0-1;10-11,REROUTED
194000000000,12,13,12-8-9-10-6-13,41333947.1121410877,5,0-1;10-11,REROUTED
194100000000,12,13,12-8-9-10-6-13,41332885.5905970559,5,0-1;10-11,REROUTED
194200000000,12,13,12-8-9-10-6-13,41331825.2259766310,5,0-1;10-11,REROUTED
194300000000,12,13,12-8-9-10-6-13,41330780.6296839938,5,0-1;10-11,REROUTED
194400000000,12,13,12-8-9-10-6-13,41329732.9800778478,5,0-1;10-11,REROUTED
194500000000,12,13,12-8-9-10-6-13,41328686.9381539077,5,0-1;10-11,REROUTED
194600000000,12,13,12-8-9-10-6-13,41327654.1938434169,5,0-1;10-11,REROUTED
194700000000,12,13,12-8-9-10-6-13,41326616.1165347472,5,0-1;10-11,REROUTED
194800000000,12,13,12-8-9-10-6-13,41325590.2933273539,5,0-1;10-11,REROUTED
194900000000,12,13,12-8-9-10-6-13,41324564.3966718689,5,0-1;10-11,REROUTED
195000000000,12,13,12-8-9-10-6-13,41323542.6236361712,5,0-1;10-11,REROUTED
195100000000,12,13,12-8-9-10-6-13,41322527.4643979445,5,0-1;10-11,REROUTED
195200000000,12,13,12-8-9-10-6-13,41321516.6572867557,5,0-1;10-11,REROUTED
195300000000,12,13,12-8-9-10-6-13,41320511.4608153626,5,0-1;10-11,REROUTED
195400000000,12,13,12-8-9-10-6-13,41319510.6592448726,5,0-1;10-11,REROUTED
195500000000,12,13,12-8-9-10-6-13,41318512.4994674176,5,0-1;10-11,REROUTED
195600000000,12,13,12-8-9-10-6-13,41317525.3277915791,5,0-1;10-11,REROUTED
195700000000,12,13,12-8-9-10-6-13,41316537.5967774466,5,0-1;10-11,REROUTED
195800000000,12,13,12-8-9-10-6-13,41315553.2350549474,5,0-1;10-11,REROUTED
195900000000,12,13,12-8-9-10-6-13,41314579.2376352474,5,0-1;10-11,REROUTED
196000000000,12,13,12-8-9-10-6-13,41313602.5672658682,5,0-1;10-11,REROUTED
196100000000,12,13,12-8-9-10-6-13,41312635.3535610959,5,0-1;10-11,REROUTED
196200000000,12,13,12-8-9-10-6-13,41311670.4195976555,5,0-1;10-11,REROUTED
196300000000,12,13,12-8-9-10-6-13,41310705.4007023126,5,0-1;10-11,REROUTED
196400000000,12,13,12-8-9-10-6-13,41309751.6187783480,5,0-1;10-11,REROUTED
196500000000,12,13,12-8-9-10-6-13,41308804.8912605271,5,0-1;10-11,REROUTED
196600000000,12,13,12-8-9-10-6-13,41307854.1877034456,5,0-1;10-11,REROUTED
196700000000,12,13,12-8-9-10-6-13,41306916.2662944943,5,0-1;10-11,REROUTED
196800000000,12,13,12-8-9-10-6-13,41305981.1621119902,5,0-1;10-11,REROUTED
196900000000,12,13,12-8-9-10-6-13,41305047.5079687983,5,0-1;10-11,REROUTED
197000000000,12,13,12-8-9-10-6-13,41304118.4558978900,5,0-1;10-11,REROUTED
197100000000,12,13,12-8-9-10-6-13,41303198.3773961365,5,0-1;10-11,REROUTED
197200000000,12,13,12-8-9-10-6-13,41302273.8583332375,5,0-1;10-11,REROUTED
197300000000,12,13,12-8-9-10-6-13,41301367.0495824814,5,0-1;10-11,REROUTED
197400000000,12,13,12-8-9-10-6-13,41300455.6425716951,5,0-1;10-11,REROUTED
197500000000,12,13,12-8-9-10-6-13,41299549.4702875987,5,0-1;10-11,REROUTED
197600000000,12,13,12-8-9-10-6-13,41298653.3082241341,5,0-1;10-11,REROUTED
197700000000,12,13,12-8-9-10-6-13,41297755.5364773497,5,0-1;10-11,REROUTED
197800000000,12,13,12-8-9-10-6-13,41296865.5758278370,5,0-1;10-11,REROUTED
197900000000,12,13,12-8-9-10-6-13,41295978.5986171663,5,0-1;10-11,REROUTED
198000000000,12,13,12-8-9-10-6-13,41295093.9956511706,5,0-1;10-11,REROUTED
198100000000,12,13,12-8-9-10-6-13,41294218.9943405613,5,0-1;10-11,REROUTED
198200000000,12,13,12-8-9-10-6-13,41293343.2004555389,5,0-1;10-11,REROUTED
198300000000,12,13,12-8-9-10-6-13,41292479.9959756359,5,0-1;10-11,REROUTED
198400000000,12,13,12-8-9-10-6-13,41291616.1055665240,5,0-1;10-11,REROUTED
198500000000,12,13,12-8-9-10-6-13,41290753.9607996643,5,0-1;10-11,REROUTED
198600000000,12,13,12-8-9-10-6-13,41289900.9356541857,5,0-1;10-11,REROUTED
198700000000,12,13,12-8-9-10-6-13,41289053.0526073948,5,0-1;10-11,REROUTED
198800000000,12,13,12-8-9-10-6-13,41288209.0540242642,5,0-1;10-11,REROUTED
198900000000,12,13,12-8-9-10-6-13,41287367.4037494063,5,0-1;10-11,REROUTED
199000000000,12,13,12-8-9-10-6-13,41286538.4957313538,5,0-1;10-11,REROUTED
199100000000,12,13,12-8-9-10-6-13,41285701.0241597444,5,0-1;10-11,REROUTED
199200000000,12,13,12-8-9-10-6-13,41284875.4974835739,5,0-1;10-11,REROUTED
199300000000,12,13,12-8-9-10-6-13,41284053.8755046129,5,0-1;10-11,REROUTED
199400000000,12,13,12-8-9-10-6-13,41283235.6495023295,5,0-1;10-11,REROUTED
199500000000,12,13,12-8-9-10-6-13,41282420.4080461338,5,0-1;10-11,REROUTED
199600000000,12,13,12-8-9-10-6-13,41281615.6618941724,5,0-1;10-11,REROUTED
199700000000,12,13,12-8-9-10-6-13,41280814.0252321288,5,0-1;10-11,REROUTED
199800000000,12,13,12-8-9-10-6-13,41280016.4241044298,5,0-1;10-11,REROUTED
199900000000,12,13,12-8-9-10-6-13,41279218.5438792855,5,0-1;10-11,REROUTED
